title,map_link,cover_image,rating,privacy_price,category,address,working_hours,menu_link,webpage,phone_number,related_images,latitude,longitude,site_email,facebook_links,twitter_links,instagram_links,youtube_links,linkedin_links,about_desc
Not Available,"https://www.google.com/maps/search/software+companies+in+Tunis+Tunisia/@36.828025,10.1862116,14z/data=!3m1!4b1?hl=en&entry=ttu&g_ep=EgoyMDI2MDgxNi4wIKXMDSoASAFQAw%3D%3D",Not Available,Not Available,Not Available,Not Available,Not Available,Not Available,Not Available,Not Available,Not Available,Not Available,36.828025,10.1862116,Not Available,Not Available,Not Available,Not Available,Not Available,Not Available,Not Available
Finco,https://www.google.com/maps/place/Finco/data=!4m7!3m6!1s0x12fd35cdae5d065f:0x72c00a7d6816798d!8m2!3d36.8433691!4d10.1820278!16s%2Fg%2F11z2xslv1n!19sChIJXwZdrs01_RIRjXkWaH0KwHI?authuser=0&hl=en&rclk=1,https://lh3.googleusercontent.com/gps-cs-s/AHRPTWmBvRjEVW8Otp5ePO2lTFhpbsDWdm-6Qm3OFDpHIj--EBtn1Y_czDO3cP5Rfq_F_mkT1ThUYxQXBb-GM7gYq1eNcf6n5ran2aP-86HAFYcAUjzus-5EC70_nn2PJj27XikHsQEKao_DRiaZ=w408-h350-k-no,5.0,Not Available,Software company,"20 rue mahmoud GHAZNAOUI, Tunis 1004","Monday, 9 AM to 6 PM,Wednesday, 9 AM to 6 PM,Thursday, 9 AM to 6 PM,Friday, 9 AM to 6 PM,Saturday, Closed,Sunday, Closed",Not Available,https://finco.tn/,28 244 193,"https://lh3.googleusercontent.com/gps-cs-s/AHRPTWmBvRjEVW8Otp5ePO2lTFhpbsDWdm-6Qm3OFDpHIj--EBtn1Y_czDO3cP5Rfq_F_mkT1ThUYxQXBb-GM7gYq1eNcf6n5ran2aP-86HAFYcAUjzus-5EC70_nn2PJj27XikHsQEKao_DRiaZ=w32-h32-p-k-no,https://lh3.googleusercontent.com/gps-cs-s/AHRPTWmBvRjEVW8Otp5ePO2lTFhpbsDWdm-6Qm3OFDpHIj--EBtn1Y_czDO3cP5Rfq_F_mkT1ThUYxQXBb-GM7gYq1eNcf6n5ran2aP-86HAFYcAUjzus-5EC70_nn2PJj27XikHsQEKao_DRiaZ=w408-h350-k-no,https://lh3.googleusercontent.com/gps-cs-s/AHRPTWmBvRjEVW8Otp5ePO2lTFhpbsDWdm-6Qm3OFDpHIj--EBtn1Y_czDO3cP5Rfq_F_mkT1ThUYxQXBb-GM7gYq1eNcf6n5ran2aP-86HAFYcAUjzus-5EC70_nn2PJj27XikHsQEKao_DRiaZ=w347-h298-k-no,https://lh3.googleusercontent.com/gps-cs-s/AHRPTWnpMR_5WvDc_yX3FYVZo7d5AHzHroMt7UxNeeCOA0Ddm1irSBvP6f-gpmxo_-IYO-T1KN1iePkHr8dLRwi-0gUZohu91mqyA3XBaxSgfTXg7PnLt63BILLOwIKDL2uuW_vkhFuFoMwKjTYu=w237-h298-k-no,https://lh3.googleusercontent.com/gps-cs-s/AHRPTWnJgaUDohFGHTlKSp-uwu7dNGSS3FZVjSbkriK_QH6loRBLAdfrU3XLqxWUPJ06KccHPlpIeTmaceIim4nI3-XFAcgvGc9sUqT-R-MFvREI2P3H4XPTlkyRACTPdvwi0wzGfkjqxJCflqHJ=w567-h298-k-no,https://lh3.googleusercontent.com/a-/ALV-UjVc_x7a_dEFhBm5OnmQP7W2UIihSfxLBhPEQNoKipo5g0L_k2068g=w36-h36-p-rp-mo-br100,https://lh3.googleusercontent.com/a/ACg8ocKshU3hgLU2SR5hO7ENMzvxzcXlzYwG7TRP1uO-sIe0Ih6fWA=w36-h36-p-rp-mo-br100,https://lh3.googleusercontent.com/a-/ALV-UjXfJ7KKmDQbOwzruUKjgvW5ELV5kAdiRmVj48cVZOG9d1G4uIs=w36-h36-p-rp-mo-br100",36.8433691,10.1820278,Not Available,Not Available,Not Available,Not Available,Not Available,Not Available,Not Available
Mint IT,https://www.google.com/maps/place/Mint+IT/data=!4m7!3m6!1s0x12fd3462c423a087:0xf7426d02d5a0e91f!8m2!3d36.8226638!4d10.1836816!16s%2Fg%2F11bx2lg3q3!19sChIJh6AjxGI0_RIRH-mg1QJtQvc?authuser=0&hl=en&rclk=1,https://lh3.googleusercontent.com/gps-cs-s/AHRPTWnL3ByjD3qn5WXw8VbS1HUWiXdqLbgZO3XlqCmPZU1Zg9_JEB9VobjUXf1L46qwf9tcFaRmgLQcGtDIXG-gt9dKF2ZBFgu8k2tSiOVyk0nwySlXuud7qA-id5TuIzTMm72QzL8=w408-h306-k-no,4.2,Not Available,Software company,"8 Rue du Royaume d'Arabie Saoudite, Tunis 1002","Monday, 9 AM to 6 PM,Wednesday, 9 AM to 6 PM,Thursday, 9 AM to 6 PM,Friday, 9 AM to 6 PM,Saturday, Closed,Sunday, Closed",Not Available,http://www.mintit.io/,71 891 743,"https://lh3.googleusercontent.com/gps-cs-s/AHRPTWnL3ByjD3qn5WXw8VbS1HUWiXdqLbgZO3XlqCmPZU1Zg9_JEB9VobjUXf1L46qwf9tcFaRmgLQcGtDIXG-gt9dKF2ZBFgu8k2tSiOVyk0nwySlXuud7qA-id5TuIzTMm72QzL8=w32-h32-p-k-no,https://lh3.googleusercontent.com/gps-cs-s/AHRPTWnL3ByjD3qn5WXw8VbS1HUWiXdqLbgZO3XlqCmPZU1Zg9_JEB9VobjUXf1L46qwf9tcFaRmgLQcGtDIXG-gt9dKF2ZBFgu8k2tSiOVyk0nwySlXuud7qA-id5TuIzTMm72QzL8=w408-h306-k-no,https://lh3.googleusercontent.com/gps-cs-s/AHRPTWnL3ByjD3qn5WXw8VbS1HUWiXdqLbgZO3XlqCmPZU1Zg9_JEB9VobjUXf1L46qwf9tcFaRmgLQcGtDIXG-gt9dKF2ZBFgu8k2tSiOVyk0nwySlXuud7qA-id5TuIzTMm72QzL8=w397-h298-k-no,https://lh3.googleusercontent.com/gps-cs-s/AHRPTWnLQx6_u817Bq9uWsEGJAOcWfjU4JmYk--ITXHSWK9pT1kEhkWnF_9o8kDH1p9KpCmG1WTUEK853MwbRTFUgAxtvPvvAY8WozTi_a3b-qjBRNfWgKVAJ3IrdlEWjpgGIcJt9IE=w783-h298-k-no,https://lh3.googleusercontent.com/a-/ALV-UjX84fcpUd7dTcy7CPXZYjzx-ggGH8NcgRfNuafPFn06xiKOEIp0hQ=w36-h36-p-rp-mo-ba12-br100,https://lh3.googleusercontent.com/a-/ALV-UjW5gCCvXVlSyC_HeNHx0BKZVEbwF70pW2zYwWz0PGHfcN09mSaKLA=w36-h36-p-rp-mo-ba12-br100,https://lh3.googleusercontent.com/a-/ALV-UjX9efL0I-_nyjC0v5Ob35NUjs7F_12RDvv7Rivto-JNHoBHzKAL=w36-h36-p-rp-mo-br100,https://lh3.googleusercontent.com/gps-cs-s/AHRPTWl4QQX_uYg2wo2ookFqVS-_5pGuKJRO-AwDCectAgO4TjZBxyh8GccnrZxCgh8Qc8YlwnhzZ9-g5G4dCfKvSrnVrRmjvdGaywmgArzevCEThYRRxw8H5bMg8BXZaku7gEA-N70Zgw=w156-h114-p-k-no",36.8226638,10.1836816,Not Available,Not Available,Not Available,Not Available,Not Available,Not Available,"Planning,,Appointment required"
Lexa Technologies,https://www.google.com/maps/place/Lexa+Technologies/data=!4m7!3m6!1s0x12fd35727735859f:0xcccc1d1e139bca61!8m2!3d36.8494901!4d10.1981705!16s%2Fg%2F11ykxr0zy2!19sChIJn4U1d3I1_RIRYcqbEx4dzMw?authuser=0&hl=en&rclk=1,https://lh3.googleusercontent.com/gps-cs-s/AHRPTWmRxTDSU0bsn0efU61qPgC2DOslGYalL1YkH0U_Qv3kjGq7KBb32tB6NlMwK_0OtbM_MkSljsrapjc8mcgwHWmwvxMbiC0B3_Z6x7ktuYEyz-8zxBxEvtQQxlX7anumkTcX8cCuOWOHl1c=w408-h270-k-no,5.0,Not Available,Software company,"A1 immeuble Tamayouz 1082, Tunis","Monday, 8 AM to 6 PM,Wednesday, 8 AM to 6 PM,Thursday, 8 AM to 6 PM,Friday, 8 AM to 6 PM,Saturday, 8 AM to 6 PM,Sunday, Closed",Not Available,https://www.lexa.tn/,51 837 690,"https://lh3.googleusercontent.com/gps-cs-s/AHRPTWmRxTDSU0bsn0efU61qPgC2DOslGYalL1YkH0U_Qv3kjGq7KBb32tB6NlMwK_0OtbM_MkSljsrapjc8mcgwHWmwvxMbiC0B3_Z6x7ktuYEyz-8zxBxEvtQQxlX7anumkTcX8cCuOWOHl1c=w32-h32-p-k-no,https://lh3.googleusercontent.com/gps-cs-s/AHRPTWmRxTDSU0bsn0efU61qPgC2DOslGYalL1YkH0U_Qv3kjGq7KBb32tB6NlMwK_0OtbM_MkSljsrapjc8mcgwHWmwvxMbiC0B3_Z6x7ktuYEyz-8zxBxEvtQQxlX7anumkTcX8cCuOWOHl1c=w408-h270-k-no,https://lh3.googleusercontent.com/gps-cs-s/AHRPTWmRxTDSU0bsn0efU61qPgC2DOslGYalL1YkH0U_Qv3kjGq7KBb32tB6NlMwK_0OtbM_MkSljsrapjc8mcgwHWmwvxMbiC0B3_Z6x7ktuYEyz-8zxBxEvtQQxlX7anumkTcX8cCuOWOHl1c=w449-h298-k-no,https://lh3.googleusercontent.com/gps-cs-s/AHRPTWm9-1XjBc2tpH7EnoLMTXL8_D658XI_cZ_X7H31M6JTr4APWc8PpZUmBcxJ8urAM8JP1tWyad0BIchwA6D5EUdSjqH_g7QffhHx4tMCuWqvZPO3ciD3qRl-O2RY8j6PScar--8xQoXz0SY_=w348-h298-k-no,https://streetviewpixels-pa.googleapis.com/v1/thumbnail?panoid=7S70JWTmoSCKOIZ93DM4cw&cb_client=maps_sv.tactile.gps&w=224&h=298&yaw=193.19176&pitch=0&thumbfov=100,https://lh3.googleusercontent.com/a/ACg8ocILXR_rma8CE1Q-9UA_VTptbVlW0wwEbFsMT7RoZOBnpu1jVw=w36-h36-p-rp-mo-br100",36.8494901,10.1981705,Not Available,Not Available,Not Available,Not Available,Not Available,Not Available,"Service options,,Online appointments,,On-site services,    Parking,,On-site parking,,Paid parking lot"
Medius,https://www.google.com/maps/place/Medius/data=!4m7!3m6!1s0x12fd4bb4756b32ef:0x9b5b5e93ea63be5c!8m2!3d36.8314208!4d10.232271!16s%2Fg%2F11j2ns1wzx!19sChIJ7zJrdbRL_RIRXL5j6pNeW5s?authuser=0&hl=en&rclk=1,https://lh3.googleusercontent.com/gps-cs-s/AHRPTWnfSjyhFcyEdGq8nN6IFSu7TyCIlZviqDMPsntyXTtRTbexwJ-_d4rtXoZ5bLhFUrs4b_FQAZU_a9Xj8965mAAAaaUFfriMy-TPMXdfnlri1GgseHUwuA8afMPl4M8JoJLieEc=w408-h306-k-no,4.9,Not Available,Software company,"Rue du Lac Biwa, Tunis","Monday, 9 AM to 6 PM,Wednesday, 9 AM to 6 PM,Thursday, 9 AM to 6 PM,Friday, 9 AM to 6 PM,Saturday, Closed,Sunday, Closed",Not Available,https://www.expensya.com/,+33 1 85 09 28 40,"https://lh3.googleusercontent.com/gps-cs-s/AHRPTWnfSjyhFcyEdGq8nN6IFSu7TyCIlZviqDMPsntyXTtRTbexwJ-_d4rtXoZ5bLhFUrs4b_FQAZU_a9Xj8965mAAAaaUFfriMy-TPMXdfnlri1GgseHUwuA8afMPl4M8JoJLieEc=w32-h32-p-k-no,https://lh3.googleusercontent.com/gps-cs-s/AHRPTWnfSjyhFcyEdGq8nN6IFSu7TyCIlZviqDMPsntyXTtRTbexwJ-_d4rtXoZ5bLhFUrs4b_FQAZU_a9Xj8965mAAAaaUFfriMy-TPMXdfnlri1GgseHUwuA8afMPl4M8JoJLieEc=w408-h306-k-no,https://lh3.googleusercontent.com/gps-cs-s/AHRPTWnfSjyhFcyEdGq8nN6IFSu7TyCIlZviqDMPsntyXTtRTbexwJ-_d4rtXoZ5bLhFUrs4b_FQAZU_a9Xj8965mAAAaaUFfriMy-TPMXdfnlri1GgseHUwuA8afMPl4M8JoJLieEc=w397-h298-k-no,https://lh3.googleusercontent.com/gps-cs-s/AHRPTWlse0o9bni1Cq9yDGs5p7dU97uxVPkPQNUbsn3LT4REcEbUKxZXvJgsOKLxxrE6eYOCR3S9PihB_cMCGoHC4dyzVmCEwCt5YNjZ1KQx8NbJNE2dwPrfFAfwJwXaJmUSYvrBcDQS=w224-h398-k-no,https://lh3.googleusercontent.com/a-/ALV-UjUQufuLuoJTHmP_jF7lNvUQhuRVKmpnGkJFjJGbbHf2LJ36y7mNLA=w36-h36-p-rp-mo-ba12-br100,https://lh3.googleusercontent.com/a-/ALV-UjWaLo5NVpvgLSe70Wjz5ekg_FUELN0pGO5qHm3VI_rWIzCjVFaL=w36-h36-p-rp-mo-ba12-br100,https://lh3.googleusercontent.com/a/ACg8ocIGPYzOczW4ZrNfC5zyVQ3jstt3HyAt_A2xXls2zxbp4YX3Mw=w36-h36-p-rp-mo-br100,https://lh3.googleusercontent.com/gps-cs-s/AHRPTWka0vg0kwm9dJfAwuLX_vbyTRcOVu_4CWLYpZeaFxj4MdfWZpogqhgUw26BpTJvL77xboKPvkKIH2seM2wUXjpvzxv1xA4xg4uiVKKAsKgrP4nvZwfZC69xDrEbbuM2zRFtTgSnSQ=w156-h114-p-k-no,https://lh3.googleusercontent.com/gps-cs-s/AHRPTWl1QyAbHlUesbyzMUaXAms7t63FTUvce-7BIgq4l4aEFTgGyJygY8od1oRWkg117bRowRH_CKWB6hMzREPmsDz72MUvRLM1K5d63YYsYKkP8lzivFuJbAq5MWGdaP8-zLpZpaXT=w156-h114-p-k-no,https://lh3.googleusercontent.com/gps-cs-s/AHRPTWnvUEDme-y8JmmKi1b6WRITy1O_AmIgRjxGaQ1hLT0Q75E87iflQ6hQXvSwmxAvgfE6wBIHkRBgzghlVgfIlsde78NC0D3DV1ksHUBVYnla14In8no8Y4DHMBgI1yva0iZo5T3KEg=w156-h114-p-k-no",36.8314208,10.232271,Not Available,Not Available,Not Available,Not Available,Not Available,Not Available,"Accessibility,,Wheelchair-accessible car park,,Wheelchair-accessible entrance"
Campion-Tech,https://www.google.com/maps/place/Campion-Tech/data=!4m7!3m6!1s0x12fd347de5d3fe77:0x6e40c0e44c4e0a35!8m2!3d36.8166478!4d10.1765218!16s%2Fg%2F11hynjrm0d!19sChIJd_7T5X00_RIRNQpOTOTAQG4?authuser=0&hl=en&rclk=1,https://streetviewpixels-pa.googleapis.com/v1/thumbnail?panoid=_lpLdXAOc3rrAVzsxWTpUQ&cb_client=search.gws-prod.gps&w=408&h=240&yaw=86.20244&pitch=0&thumbfov=100,5.0,Not Available,Software company,"21 Av. Des Etats Unis, Tunis 1002","Monday, 8:30 AM to 5:30 PM,Wednesday, 8:30 AM to 5:30 PM,Thursday, 8:30 AM to 5:30 PM,Friday, 8:30 AM to 5:30 PM,Saturday, 8:30 AM to 5:30 PM,Sunday, Closed",Not Available,http://campion-tech.com/page/about-us,25 004 924,"https://streetviewpixels-pa.googleapis.com/v1/thumbnail?panoid=_lpLdXAOc3rrAVzsxWTpUQ&cb_client=search.gws-prod.gps&w=86&h=86&yaw=86.20244&pitch=0&thumbfov=100,https://streetviewpixels-pa.googleapis.com/v1/thumbnail?panoid=_lpLdXAOc3rrAVzsxWTpUQ&cb_client=search.gws-prod.gps&w=408&h=240&yaw=86.20244&pitch=0&thumbfov=100,https://streetviewpixels-pa.googleapis.com/v1/thumbnail?panoid=_lpLdXAOc3rrAVzsxWTpUQ&cb_client=maps_sv.tactile.gps&w=224&h=298&yaw=86.20244&pitch=0&thumbfov=100,https://lh3.googleusercontent.com/a-/ALV-UjV7z2rU0EH8BRpBJuxmbql-MkhKNJUphBjh9-zdeSp3UOGKxAmrLQ=w36-h36-p-rp-mo-br100,https://lh3.googleusercontent.com/a-/ALV-UjUXrDWWqCJzCpGJEJADOg3EhIo6u-8R54j7rn-QgCxsK_a4u8Gz=w36-h36-p-rp-mo-br100,https://lh3.googleusercontent.com/a/ACg8ocKKCfASKb7G_UjLsQc4gDrF4ABZpBTrHQd9VPOA4NPqAwgHRQ=w36-h36-p-rp-mo-br100,https://lh3.googleusercontent.com/gps-cs-s/AHRPTWkxaG7kDjwxXtuC4I9atDzmFTMeIXU1YzJWA1gyMR9uaj1blv8ctEVInnEsTwtxnkj_OcBzXWhRGsSYhTpXsIzPtyZ1vgIHnn3NuZcbaXdmYkm2yHfJJ4bG5iWU_lWFNJozdePQ=w156-h114-p-k-no,https://lh3.googleusercontent.com/gps-cs-s/AHRPTWkuQoZSVA2uNYEjSm6_oHBANS5bd6BiXfemQlbTGX8N7pEpXq8-BRzA3Tozi6uxWR9ePWCUpUm6hefS8acd6QJKiW3SVj6zLff19YHRx4Zxh4dpIdv921YXyWdjaDfHsLRQDA_0=w156-h114-p-k-no",36.8166478,10.1765218,Not Available,Not Available,Not Available,Not Available,Not Available,Not Available,Not Available
Finco,https://www.google.com/maps/place/Finco/data=!4m7!3m6!1s0x12fd35cdae5d065f:0x72c00a7d6816798d!8m2!3d36.8433691!4d10.1820278!16s%2Fg%2F11z2xslv1n!19sChIJXwZdrs01_RIRjXkWaH0KwHI?authuser=0&hl=en&rclk=1,https://lh3.googleusercontent.com/gps-cs-s/AHRPTWmBvRjEVW8Otp5ePO2lTFhpbsDWdm-6Qm3OFDpHIj--EBtn1Y_czDO3cP5Rfq_F_mkT1ThUYxQXBb-GM7gYq1eNcf6n5ran2aP-86HAFYcAUjzus-5EC70_nn2PJj27XikHsQEKao_DRiaZ=w408-h350-k-no,5.0,Not Available,Software company,"20 rue mahmoud GHAZNAOUI, Tunis 1004","Monday, 9 AM to 6 PM,Wednesday, 9 AM to 6 PM,Thursday, 9 AM to 6 PM,Friday, 9 AM to 6 PM,Saturday, Closed,Sunday, Closed",Not Available,https://finco.tn/,28 244 193,"https://lh3.googleusercontent.com/gps-cs-s/AHRPTWmBvRjEVW8Otp5ePO2lTFhpbsDWdm-6Qm3OFDpHIj--EBtn1Y_czDO3cP5Rfq_F_mkT1ThUYxQXBb-GM7gYq1eNcf6n5ran2aP-86HAFYcAUjzus-5EC70_nn2PJj27XikHsQEKao_DRiaZ=w32-h32-p-k-no,https://lh3.googleusercontent.com/gps-cs-s/AHRPTWmBvRjEVW8Otp5ePO2lTFhpbsDWdm-6Qm3OFDpHIj--EBtn1Y_czDO3cP5Rfq_F_mkT1ThUYxQXBb-GM7gYq1eNcf6n5ran2aP-86HAFYcAUjzus-5EC70_nn2PJj27XikHsQEKao_DRiaZ=w408-h350-k-no,https://lh3.googleusercontent.com/gps-cs-s/AHRPTWmBvRjEVW8Otp5ePO2lTFhpbsDWdm-6Qm3OFDpHIj--EBtn1Y_czDO3cP5Rfq_F_mkT1ThUYxQXBb-GM7gYq1eNcf6n5ran2aP-86HAFYcAUjzus-5EC70_nn2PJj27XikHsQEKao_DRiaZ=w347-h298-k-no,https://lh3.googleusercontent.com/gps-cs-s/AHRPTWnpMR_5WvDc_yX3FYVZo7d5AHzHroMt7UxNeeCOA0Ddm1irSBvP6f-gpmxo_-IYO-T1KN1iePkHr8dLRwi-0gUZohu91mqyA3XBaxSgfTXg7PnLt63BILLOwIKDL2uuW_vkhFuFoMwKjTYu=w237-h298-k-no,https://lh3.googleusercontent.com/gps-cs-s/AHRPTWnJgaUDohFGHTlKSp-uwu7dNGSS3FZVjSbkriK_QH6loRBLAdfrU3XLqxWUPJ06KccHPlpIeTmaceIim4nI3-XFAcgvGc9sUqT-R-MFvREI2P3H4XPTlkyRACTPdvwi0wzGfkjqxJCflqHJ=w567-h298-k-no,https://lh3.googleusercontent.com/a-/ALV-UjVc_x7a_dEFhBm5OnmQP7W2UIihSfxLBhPEQNoKipo5g0L_k2068g=w36-h36-p-rp-mo-br100,https://lh3.googleusercontent.com/a/ACg8ocKshU3hgLU2SR5hO7ENMzvxzcXlzYwG7TRP1uO-sIe0Ih6fWA=w36-h36-p-rp-mo-br100,https://lh3.googleusercontent.com/a-/ALV-UjXfJ7KKmDQbOwzruUKjgvW5ELV5kAdiRmVj48cVZOG9d1G4uIs=w36-h36-p-rp-mo-br100",36.8433691,10.1820278,Not Available,Not Available,Not Available,Not Available,Not Available,Not Available,Not Available
Mint IT,https://www.google.com/maps/place/Mint+IT/data=!4m7!3m6!1s0x12fd3462c423a087:0xf7426d02d5a0e91f!8m2!3d36.8226638!4d10.1836816!16s%2Fg%2F11bx2lg3q3!19sChIJh6AjxGI0_RIRH-mg1QJtQvc?authuser=0&hl=en&rclk=1,https://lh3.googleusercontent.com/gps-cs-s/AHRPTWnL3ByjD3qn5WXw8VbS1HUWiXdqLbgZO3XlqCmPZU1Zg9_JEB9VobjUXf1L46qwf9tcFaRmgLQcGtDIXG-gt9dKF2ZBFgu8k2tSiOVyk0nwySlXuud7qA-id5TuIzTMm72QzL8=w408-h306-k-no,4.2,Not Available,Software company,"8 Rue du Royaume d'Arabie Saoudite, Tunis 1002","Monday, 9 AM to 6 PM,Wednesday, 9 AM to 6 PM,Thursday, 9 AM to 6 PM,Friday, 9 AM to 6 PM,Saturday, Closed,Sunday, Closed",Not Available,http://www.mintit.io/,71 891 743,"https://lh3.googleusercontent.com/gps-cs-s/AHRPTWnL3ByjD3qn5WXw8VbS1HUWiXdqLbgZO3XlqCmPZU1Zg9_JEB9VobjUXf1L46qwf9tcFaRmgLQcGtDIXG-gt9dKF2ZBFgu8k2tSiOVyk0nwySlXuud7qA-id5TuIzTMm72QzL8=w32-h32-p-k-no,https://lh3.googleusercontent.com/gps-cs-s/AHRPTWnL3ByjD3qn5WXw8VbS1HUWiXdqLbgZO3XlqCmPZU1Zg9_JEB9VobjUXf1L46qwf9tcFaRmgLQcGtDIXG-gt9dKF2ZBFgu8k2tSiOVyk0nwySlXuud7qA-id5TuIzTMm72QzL8=w408-h306-k-no,https://lh3.googleusercontent.com/gps-cs-s/AHRPTWnL3ByjD3qn5WXw8VbS1HUWiXdqLbgZO3XlqCmPZU1Zg9_JEB9VobjUXf1L46qwf9tcFaRmgLQcGtDIXG-gt9dKF2ZBFgu8k2tSiOVyk0nwySlXuud7qA-id5TuIzTMm72QzL8=w397-h298-k-no,https://lh3.googleusercontent.com/gps-cs-s/AHRPTWnLQx6_u817Bq9uWsEGJAOcWfjU4JmYk--ITXHSWK9pT1kEhkWnF_9o8kDH1p9KpCmG1WTUEK853MwbRTFUgAxtvPvvAY8WozTi_a3b-qjBRNfWgKVAJ3IrdlEWjpgGIcJt9IE=w783-h298-k-no,https://lh3.googleusercontent.com/a-/ALV-UjX84fcpUd7dTcy7CPXZYjzx-ggGH8NcgRfNuafPFn06xiKOEIp0hQ=w36-h36-p-rp-mo-ba12-br100,https://lh3.googleusercontent.com/a-/ALV-UjW5gCCvXVlSyC_HeNHx0BKZVEbwF70pW2zYwWz0PGHfcN09mSaKLA=w36-h36-p-rp-mo-ba12-br100,https://lh3.googleusercontent.com/a-/ALV-UjX9efL0I-_nyjC0v5Ob35NUjs7F_12RDvv7Rivto-JNHoBHzKAL=w36-h36-p-rp-mo-br100,https://lh3.googleusercontent.com/gps-cs-s/AHRPTWl4QQX_uYg2wo2ookFqVS-_5pGuKJRO-AwDCectAgO4TjZBxyh8GccnrZxCgh8Qc8YlwnhzZ9-g5G4dCfKvSrnVrRmjvdGaywmgArzevCEThYRRxw8H5bMg8BXZaku7gEA-N70Zgw=w156-h114-p-k-no",36.8226638,10.1836816,Not Available,Not Available,Not Available,Not Available,Not Available,Not Available,"Planning,,Appointment required"
Lexa Technologies,https://www.google.com/maps/place/Lexa+Technologies/data=!4m7!3m6!1s0x12fd35727735859f:0xcccc1d1e139bca61!8m2!3d36.8494901!4d10.1981705!16s%2Fg%2F11ykxr0zy2!19sChIJn4U1d3I1_RIRYcqbEx4dzMw?authuser=0&hl=en&rclk=1,https://lh3.googleusercontent.com/gps-cs-s/AHRPTWmRxTDSU0bsn0efU61qPgC2DOslGYalL1YkH0U_Qv3kjGq7KBb32tB6NlMwK_0OtbM_MkSljsrapjc8mcgwHWmwvxMbiC0B3_Z6x7ktuYEyz-8zxBxEvtQQxlX7anumkTcX8cCuOWOHl1c=w408-h270-k-no,5.0,Not Available,Software company,"A1 immeuble Tamayouz 1082, Tunis","Monday, 8 AM to 6 PM,Wednesday, 8 AM to 6 PM,Thursday, 8 AM to 6 PM,Friday, 8 AM to 6 PM,Saturday, 8 AM to 6 PM,Sunday, Closed",Not Available,https://www.lexa.tn/,51 837 690,"https://lh3.googleusercontent.com/gps-cs-s/AHRPTWmRxTDSU0bsn0efU61qPgC2DOslGYalL1YkH0U_Qv3kjGq7KBb32tB6NlMwK_0OtbM_MkSljsrapjc8mcgwHWmwvxMbiC0B3_Z6x7ktuYEyz-8zxBxEvtQQxlX7anumkTcX8cCuOWOHl1c=w32-h32-p-k-no,https://lh3.googleusercontent.com/gps-cs-s/AHRPTWmRxTDSU0bsn0efU61qPgC2DOslGYalL1YkH0U_Qv3kjGq7KBb32tB6NlMwK_0OtbM_MkSljsrapjc8mcgwHWmwvxMbiC0B3_Z6x7ktuYEyz-8zxBxEvtQQxlX7anumkTcX8cCuOWOHl1c=w408-h270-k-no,https://lh3.googleusercontent.com/gps-cs-s/AHRPTWmRxTDSU0bsn0efU61qPgC2DOslGYalL1YkH0U_Qv3kjGq7KBb32tB6NlMwK_0OtbM_MkSljsrapjc8mcgwHWmwvxMbiC0B3_Z6x7ktuYEyz-8zxBxEvtQQxlX7anumkTcX8cCuOWOHl1c=w449-h298-k-no,https://lh3.googleusercontent.com/gps-cs-s/AHRPTWm9-1XjBc2tpH7EnoLMTXL8_D658XI_cZ_X7H31M6JTr4APWc8PpZUmBcxJ8urAM8JP1tWyad0BIchwA6D5EUdSjqH_g7QffhHx4tMCuWqvZPO3ciD3qRl-O2RY8j6PScar--8xQoXz0SY_=w348-h298-k-no,https://streetviewpixels-pa.googleapis.com/v1/thumbnail?panoid=7S70JWTmoSCKOIZ93DM4cw&cb_client=maps_sv.tactile.gps&w=224&h=298&yaw=193.19176&pitch=0&thumbfov=100,https://lh3.googleusercontent.com/a/ACg8ocILXR_rma8CE1Q-9UA_VTptbVlW0wwEbFsMT7RoZOBnpu1jVw=w36-h36-p-rp-mo-br100",36.8494901,10.1981705,Not Available,Not Available,Not Available,Not Available,Not Available,Not Available,"Service options,,Online appointments,,On-site services,    Parking,,On-site parking,,Paid parking lot"
Medius,https://www.google.com/maps/place/Medius/data=!4m7!3m6!1s0x12fd4bb4756b32ef:0x9b5b5e93ea63be5c!8m2!3d36.8314208!4d10.232271!16s%2Fg%2F11j2ns1wzx!19sChIJ7zJrdbRL_RIRXL5j6pNeW5s?authuser=0&hl=en&rclk=1,https://lh3.googleusercontent.com/gps-cs-s/AHRPTWnfSjyhFcyEdGq8nN6IFSu7TyCIlZviqDMPsntyXTtRTbexwJ-_d4rtXoZ5bLhFUrs4b_FQAZU_a9Xj8965mAAAaaUFfriMy-TPMXdfnlri1GgseHUwuA8afMPl4M8JoJLieEc=w408-h306-k-no,4.9,Not Available,Software company,"Rue du Lac Biwa, Tunis","Monday, 9 AM to 6 PM,Wednesday, 9 AM to 6 PM,Thursday, 9 AM to 6 PM,Friday, 9 AM to 6 PM,Saturday, Closed,Sunday, Closed",Not Available,https://www.expensya.com/,+33 1 85 09 28 40,"https://lh3.googleusercontent.com/gps-cs-s/AHRPTWnfSjyhFcyEdGq8nN6IFSu7TyCIlZviqDMPsntyXTtRTbexwJ-_d4rtXoZ5bLhFUrs4b_FQAZU_a9Xj8965mAAAaaUFfriMy-TPMXdfnlri1GgseHUwuA8afMPl4M8JoJLieEc=w32-h32-p-k-no,https://lh3.googleusercontent.com/gps-cs-s/AHRPTWnfSjyhFcyEdGq8nN6IFSu7TyCIlZviqDMPsntyXTtRTbexwJ-_d4rtXoZ5bLhFUrs4b_FQAZU_a9Xj8965mAAAaaUFfriMy-TPMXdfnlri1GgseHUwuA8afMPl4M8JoJLieEc=w408-h306-k-no,https://lh3.googleusercontent.com/gps-cs-s/AHRPTWnfSjyhFcyEdGq8nN6IFSu7TyCIlZviqDMPsntyXTtRTbexwJ-_d4rtXoZ5bLhFUrs4b_FQAZU_a9Xj8965mAAAaaUFfriMy-TPMXdfnlri1GgseHUwuA8afMPl4M8JoJLieEc=w397-h298-k-no,https://lh3.googleusercontent.com/gps-cs-s/AHRPTWlse0o9bni1Cq9yDGs5p7dU97uxVPkPQNUbsn3LT4REcEbUKxZXvJgsOKLxxrE6eYOCR3S9PihB_cMCGoHC4dyzVmCEwCt5YNjZ1KQx8NbJNE2dwPrfFAfwJwXaJmUSYvrBcDQS=w224-h398-k-no,https://lh3.googleusercontent.com/a-/ALV-UjUQufuLuoJTHmP_jF7lNvUQhuRVKmpnGkJFjJGbbHf2LJ36y7mNLA=w36-h36-p-rp-mo-ba12-br100,https://lh3.googleusercontent.com/a-/ALV-UjWaLo5NVpvgLSe70Wjz5ekg_FUELN0pGO5qHm3VI_rWIzCjVFaL=w36-h36-p-rp-mo-ba12-br100,https://lh3.googleusercontent.com/a/ACg8ocIGPYzOczW4ZrNfC5zyVQ3jstt3HyAt_A2xXls2zxbp4YX3Mw=w36-h36-p-rp-mo-br100,https://lh3.googleusercontent.com/gps-cs-s/AHRPTWka0vg0kwm9dJfAwuLX_vbyTRcOVu_4CWLYpZeaFxj4MdfWZpogqhgUw26BpTJvL77xboKPvkKIH2seM2wUXjpvzxv1xA4xg4uiVKKAsKgrP4nvZwfZC69xDrEbbuM2zRFtTgSnSQ=w156-h114-p-k-no,https://lh3.googleusercontent.com/gps-cs-s/AHRPTWl1QyAbHlUesbyzMUaXAms7t63FTUvce-7BIgq4l4aEFTgGyJygY8od1oRWkg117bRowRH_CKWB6hMzREPmsDz72MUvRLM1K5d63YYsYKkP8lzivFuJbAq5MWGdaP8-zLpZpaXT=w156-h114-p-k-no,https://lh3.googleusercontent.com/gps-cs-s/AHRPTWnvUEDme-y8JmmKi1b6WRITy1O_AmIgRjxGaQ1hLT0Q75E87iflQ6hQXvSwmxAvgfE6wBIHkRBgzghlVgfIlsde78NC0D3DV1ksHUBVYnla14In8no8Y4DHMBgI1yva0iZo5T3KEg=w156-h114-p-k-no",36.8314208,10.232271,Not Available,Not Available,Not Available,Not Available,Not Available,Not Available,"Accessibility,,Wheelchair-accessible car park,,Wheelchair-accessible entrance"
Campion-Tech,https://www.google.com/maps/place/Campion-Tech/data=!4m7!3m6!1s0x12fd347de5d3fe77:0x6e40c0e44c4e0a35!8m2!3d36.8166478!4d10.1765218!16s%2Fg%2F11hynjrm0d!19sChIJd_7T5X00_RIRNQpOTOTAQG4?authuser=0&hl=en&rclk=1,https://streetviewpixels-pa.googleapis.com/v1/thumbnail?panoid=_lpLdXAOc3rrAVzsxWTpUQ&cb_client=search.gws-prod.gps&w=408&h=240&yaw=86.20244&pitch=0&thumbfov=100,5.0,Not Available,Software company,"21 Av. Des Etats Unis, Tunis 1002","Monday, 8:30 AM to 5:30 PM,Wednesday, 8:30 AM to 5:30 PM,Thursday, 8:30 AM to 5:30 PM,Friday, 8:30 AM to 5:30 PM,Saturday, 8:30 AM to 5:30 PM,Sunday, Closed",Not Available,http://campion-tech.com/page/about-us,25 004 924,"https://streetviewpixels-pa.googleapis.com/v1/thumbnail?panoid=_lpLdXAOc3rrAVzsxWTpUQ&cb_client=search.gws-prod.gps&w=86&h=86&yaw=86.20244&pitch=0&thumbfov=100,https://streetviewpixels-pa.googleapis.com/v1/thumbnail?panoid=_lpLdXAOc3rrAVzsxWTpUQ&cb_client=search.gws-prod.gps&w=408&h=240&yaw=86.20244&pitch=0&thumbfov=100,https://streetviewpixels-pa.googleapis.com/v1/thumbnail?panoid=_lpLdXAOc3rrAVzsxWTpUQ&cb_client=maps_sv.tactile.gps&w=224&h=298&yaw=86.20244&pitch=0&thumbfov=100,https://lh3.googleusercontent.com/a-/ALV-UjV7z2rU0EH8BRpBJuxmbql-MkhKNJUphBjh9-zdeSp3UOGKxAmrLQ=w36-h36-p-rp-mo-br100,https://lh3.googleusercontent.com/a-/ALV-UjUXrDWWqCJzCpGJEJADOg3EhIo6u-8R54j7rn-QgCxsK_a4u8Gz=w36-h36-p-rp-mo-br100,https://lh3.googleusercontent.com/a/ACg8ocKKCfASKb7G_UjLsQc4gDrF4ABZpBTrHQd9VPOA4NPqAwgHRQ=w36-h36-p-rp-mo-br100,https://lh3.googleusercontent.com/gps-cs-s/AHRPTWkxaG7kDjwxXtuC4I9atDzmFTMeIXU1YzJWA1gyMR9uaj1blv8ctEVInnEsTwtxnkj_OcBzXWhRGsSYhTpXsIzPtyZ1vgIHnn3NuZcbaXdmYkm2yHfJJ4bG5iWU_lWFNJozdePQ=w156-h114-p-k-no,https://lh3.googleusercontent.com/gps-cs-s/AHRPTWkuQoZSVA2uNYEjSm6_oHBANS5bd6BiXfemQlbTGX8N7pEpXq8-BRzA3Tozi6uxWR9ePWCUpUm6hefS8acd6QJKiW3SVj6zLff19YHRx4Zxh4dpIdv921YXyWdjaDfHsLRQDA_0=w156-h114-p-k-no",36.8166478,10.1765218,Not Available,Not Available,Not Available,Not Available,Not Available,Not Available,Not Available
Finco,https://www.google.com/maps/place/Finco/data=!4m7!3m6!1s0x12fd35cdae5d065f:0x72c00a7d6816798d!8m2!3d36.8433691!4d10.1820278!16s%2Fg%2F11z2xslv1n!19sChIJXwZdrs01_RIRjXkWaH0KwHI?authuser=0&hl=en&rclk=1,https://lh3.googleusercontent.com/gps-cs-s/AHRPTWmBvRjEVW8Otp5ePO2lTFhpbsDWdm-6Qm3OFDpHIj--EBtn1Y_czDO3cP5Rfq_F_mkT1ThUYxQXBb-GM7gYq1eNcf6n5ran2aP-86HAFYcAUjzus-5EC70_nn2PJj27XikHsQEKao_DRiaZ=w408-h350-k-no,5.0,Not Available,Software company,"20 rue mahmoud GHAZNAOUI, Tunis 1004","Monday, 9 AM to 6 PM,Wednesday, 9 AM to 6 PM,Thursday, 9 AM to 6 PM,Friday, 9 AM to 6 PM,Saturday, Closed,Sunday, Closed",Not Available,https://finco.tn/,28 244 193,"https://lh3.googleusercontent.com/gps-cs-s/AHRPTWmBvRjEVW8Otp5ePO2lTFhpbsDWdm-6Qm3OFDpHIj--EBtn1Y_czDO3cP5Rfq_F_mkT1ThUYxQXBb-GM7gYq1eNcf6n5ran2aP-86HAFYcAUjzus-5EC70_nn2PJj27XikHsQEKao_DRiaZ=w32-h32-p-k-no,https://lh3.googleusercontent.com/gps-cs-s/AHRPTWmBvRjEVW8Otp5ePO2lTFhpbsDWdm-6Qm3OFDpHIj--EBtn1Y_czDO3cP5Rfq_F_mkT1ThUYxQXBb-GM7gYq1eNcf6n5ran2aP-86HAFYcAUjzus-5EC70_nn2PJj27XikHsQEKao_DRiaZ=w408-h350-k-no,https://lh3.googleusercontent.com/gps-cs-s/AHRPTWmBvRjEVW8Otp5ePO2lTFhpbsDWdm-6Qm3OFDpHIj--EBtn1Y_czDO3cP5Rfq_F_mkT1ThUYxQXBb-GM7gYq1eNcf6n5ran2aP-86HAFYcAUjzus-5EC70_nn2PJj27XikHsQEKao_DRiaZ=w347-h298-k-no,https://lh3.googleusercontent.com/gps-cs-s/AHRPTWnpMR_5WvDc_yX3FYVZo7d5AHzHroMt7UxNeeCOA0Ddm1irSBvP6f-gpmxo_-IYO-T1KN1iePkHr8dLRwi-0gUZohu91mqyA3XBaxSgfTXg7PnLt63BILLOwIKDL2uuW_vkhFuFoMwKjTYu=w237-h298-k-no,https://lh3.googleusercontent.com/gps-cs-s/AHRPTWnJgaUDohFGHTlKSp-uwu7dNGSS3FZVjSbkriK_QH6loRBLAdfrU3XLqxWUPJ06KccHPlpIeTmaceIim4nI3-XFAcgvGc9sUqT-R-MFvREI2P3H4XPTlkyRACTPdvwi0wzGfkjqxJCflqHJ=w567-h298-k-no,https://lh3.googleusercontent.com/a-/ALV-UjVc_x7a_dEFhBm5OnmQP7W2UIihSfxLBhPEQNoKipo5g0L_k2068g=w36-h36-p-rp-mo-br100,https://lh3.googleusercontent.com/a/ACg8ocKshU3hgLU2SR5hO7ENMzvxzcXlzYwG7TRP1uO-sIe0Ih6fWA=w36-h36-p-rp-mo-br100,https://lh3.googleusercontent.com/a-/ALV-UjXfJ7KKmDQbOwzruUKjgvW5ELV5kAdiRmVj48cVZOG9d1G4uIs=w36-h36-p-rp-mo-br100",36.8433691,10.1820278,Not Available,Not Available,Not Available,Not Available,Not Available,Not Available,Not Available
Mint IT,https://www.google.com/maps/place/Mint+IT/data=!4m7!3m6!1s0x12fd3462c423a087:0xf7426d02d5a0e91f!8m2!3d36.8226638!4d10.1836816!16s%2Fg%2F11bx2lg3q3!19sChIJh6AjxGI0_RIRH-mg1QJtQvc?authuser=0&hl=en&rclk=1,https://lh3.googleusercontent.com/a-/ALV-UjX84fcpUd7dTcy7CPXZYjzx-ggGH8NcgRfNuafPFn06xiKOEIp0hQ=w36-h36-p-rp-mo-ba12-br100,4.2,Not Available,Software company,"8 Rue du Royaume d'Arabie Saoudite, Tunis 1002","Monday, 9 AM to 6 PM,Wednesday, 9 AM to 6 PM,Thursday, 9 AM to 6 PM,Friday, 9 AM to 6 PM,Saturday, Closed,Sunday, Closed",Not Available,http://www.mintit.io/,71 891 743,"https://lh3.googleusercontent.com/gps-cs-s/AHRPTWnL3ByjD3qn5WXw8VbS1HUWiXdqLbgZO3XlqCmPZU1Zg9_JEB9VobjUXf1L46qwf9tcFaRmgLQcGtDIXG-gt9dKF2ZBFgu8k2tSiOVyk0nwySlXuud7qA-id5TuIzTMm72QzL8=w32-h32-p-k-no,https://lh3.googleusercontent.com/gps-cs-s/AHRPTWnL3ByjD3qn5WXw8VbS1HUWiXdqLbgZO3XlqCmPZU1Zg9_JEB9VobjUXf1L46qwf9tcFaRmgLQcGtDIXG-gt9dKF2ZBFgu8k2tSiOVyk0nwySlXuud7qA-id5TuIzTMm72QzL8=w408-h306-k-no,https://lh3.googleusercontent.com/gps-cs-s/AHRPTWnL3ByjD3qn5WXw8VbS1HUWiXdqLbgZO3XlqCmPZU1Zg9_JEB9VobjUXf1L46qwf9tcFaRmgLQcGtDIXG-gt9dKF2ZBFgu8k2tSiOVyk0nwySlXuud7qA-id5TuIzTMm72QzL8=w397-h298-k-no,https://lh3.googleusercontent.com/gps-cs-s/AHRPTWnLQx6_u817Bq9uWsEGJAOcWfjU4JmYk--ITXHSWK9pT1kEhkWnF_9o8kDH1p9KpCmG1WTUEK853MwbRTFUgAxtvPvvAY8WozTi_a3b-qjBRNfWgKVAJ3IrdlEWjpgGIcJt9IE=w783-h298-k-no,https://lh3.googleusercontent.com/a-/ALV-UjX84fcpUd7dTcy7CPXZYjzx-ggGH8NcgRfNuafPFn06xiKOEIp0hQ=w36-h36-p-rp-mo-ba12-br100,https://lh3.googleusercontent.com/a-/ALV-UjW5gCCvXVlSyC_HeNHx0BKZVEbwF70pW2zYwWz0PGHfcN09mSaKLA=w36-h36-p-rp-mo-ba12-br100,https://lh3.googleusercontent.com/a-/ALV-UjX9efL0I-_nyjC0v5Ob35NUjs7F_12RDvv7Rivto-JNHoBHzKAL=w36-h36-p-rp-mo-br100,https://lh3.googleusercontent.com/gps-cs-s/AHRPTWl4QQX_uYg2wo2ookFqVS-_5pGuKJRO-AwDCectAgO4TjZBxyh8GccnrZxCgh8Qc8YlwnhzZ9-g5G4dCfKvSrnVrRmjvdGaywmgArzevCEThYRRxw8H5bMg8BXZaku7gEA-N70Zgw=w156-h114-p-k-no",36.8226638,10.1836816,Not Available,Not Available,Not Available,Not Available,Not Available,Not Available,"Planning,,Appointment required"
Lexa Technologies,https://www.google.com/maps/place/Lexa+Technologies/data=!4m7!3m6!1s0x12fd35727735859f:0xcccc1d1e139bca61!8m2!3d36.8494901!4d10.1981705!16s%2Fg%2F11ykxr0zy2!19sChIJn4U1d3I1_RIRYcqbEx4dzMw?authuser=0&hl=en&rclk=1,https://lh3.googleusercontent.com/gps-cs-s/AHRPTWmRxTDSU0bsn0efU61qPgC2DOslGYalL1YkH0U_Qv3kjGq7KBb32tB6NlMwK_0OtbM_MkSljsrapjc8mcgwHWmwvxMbiC0B3_Z6x7ktuYEyz-8zxBxEvtQQxlX7anumkTcX8cCuOWOHl1c=w408-h270-k-no,5.0,Not Available,Software company,"A1 immeuble Tamayouz 1082, Tunis","Monday, 8 AM to 6 PM,Wednesday, 8 AM to 6 PM,Thursday, 8 AM to 6 PM,Friday, 8 AM to 6 PM,Saturday, 8 AM to 6 PM,Sunday, Closed",Not Available,https://www.lexa.tn/,51 837 690,"https://lh3.googleusercontent.com/gps-cs-s/AHRPTWmRxTDSU0bsn0efU61qPgC2DOslGYalL1YkH0U_Qv3kjGq7KBb32tB6NlMwK_0OtbM_MkSljsrapjc8mcgwHWmwvxMbiC0B3_Z6x7ktuYEyz-8zxBxEvtQQxlX7anumkTcX8cCuOWOHl1c=w32-h32-p-k-no,https://lh3.googleusercontent.com/gps-cs-s/AHRPTWmRxTDSU0bsn0efU61qPgC2DOslGYalL1YkH0U_Qv3kjGq7KBb32tB6NlMwK_0OtbM_MkSljsrapjc8mcgwHWmwvxMbiC0B3_Z6x7ktuYEyz-8zxBxEvtQQxlX7anumkTcX8cCuOWOHl1c=w408-h270-k-no,https://lh3.googleusercontent.com/gps-cs-s/AHRPTWmRxTDSU0bsn0efU61qPgC2DOslGYalL1YkH0U_Qv3kjGq7KBb32tB6NlMwK_0OtbM_MkSljsrapjc8mcgwHWmwvxMbiC0B3_Z6x7ktuYEyz-8zxBxEvtQQxlX7anumkTcX8cCuOWOHl1c=w449-h298-k-no,https://lh3.googleusercontent.com/gps-cs-s/AHRPTWm9-1XjBc2tpH7EnoLMTXL8_D658XI_cZ_X7H31M6JTr4APWc8PpZUmBcxJ8urAM8JP1tWyad0BIchwA6D5EUdSjqH_g7QffhHx4tMCuWqvZPO3ciD3qRl-O2RY8j6PScar--8xQoXz0SY_=w348-h298-k-no,https://streetviewpixels-pa.googleapis.com/v1/thumbnail?panoid=7S70JWTmoSCKOIZ93DM4cw&cb_client=maps_sv.tactile.gps&w=224&h=298&yaw=193.19176&pitch=0&thumbfov=100,https://lh3.googleusercontent.com/a/ACg8ocILXR_rma8CE1Q-9UA_VTptbVlW0wwEbFsMT7RoZOBnpu1jVw=w36-h36-p-rp-mo-br100",36.8494901,10.1981705,Not Available,Not Available,Not Available,Not Available,Not Available,Not Available,"Service options,,Online appointments,,On-site services,    Parking,,On-site parking,,Paid parking lot"
Medius,https://www.google.com/maps/place/Medius/data=!4m7!3m6!1s0x12fd4bb4756b32ef:0x9b5b5e93ea63be5c!8m2!3d36.8314208!4d10.232271!16s%2Fg%2F11j2ns1wzx!19sChIJ7zJrdbRL_RIRXL5j6pNeW5s?authuser=0&hl=en&rclk=1,https://lh3.googleusercontent.com/gps-cs-s/AHRPTWnfSjyhFcyEdGq8nN6IFSu7TyCIlZviqDMPsntyXTtRTbexwJ-_d4rtXoZ5bLhFUrs4b_FQAZU_a9Xj8965mAAAaaUFfriMy-TPMXdfnlri1GgseHUwuA8afMPl4M8JoJLieEc=w408-h306-k-no,4.9,Not Available,Software company,"Rue du Lac Biwa, Tunis","Monday, 9 AM to 6 PM,Wednesday, 9 AM to 6 PM,Thursday, 9 AM to 6 PM,Friday, 9 AM to 6 PM,Saturday, Closed,Sunday, Closed",Not Available,https://www.expensya.com/,+33 1 85 09 28 40,"https://lh3.googleusercontent.com/gps-cs-s/AHRPTWnfSjyhFcyEdGq8nN6IFSu7TyCIlZviqDMPsntyXTtRTbexwJ-_d4rtXoZ5bLhFUrs4b_FQAZU_a9Xj8965mAAAaaUFfriMy-TPMXdfnlri1GgseHUwuA8afMPl4M8JoJLieEc=w32-h32-p-k-no,https://lh3.googleusercontent.com/gps-cs-s/AHRPTWnfSjyhFcyEdGq8nN6IFSu7TyCIlZviqDMPsntyXTtRTbexwJ-_d4rtXoZ5bLhFUrs4b_FQAZU_a9Xj8965mAAAaaUFfriMy-TPMXdfnlri1GgseHUwuA8afMPl4M8JoJLieEc=w408-h306-k-no,https://lh3.googleusercontent.com/gps-cs-s/AHRPTWnfSjyhFcyEdGq8nN6IFSu7TyCIlZviqDMPsntyXTtRTbexwJ-_d4rtXoZ5bLhFUrs4b_FQAZU_a9Xj8965mAAAaaUFfriMy-TPMXdfnlri1GgseHUwuA8afMPl4M8JoJLieEc=w397-h298-k-no,https://lh3.googleusercontent.com/gps-cs-s/AHRPTWlse0o9bni1Cq9yDGs5p7dU97uxVPkPQNUbsn3LT4REcEbUKxZXvJgsOKLxxrE6eYOCR3S9PihB_cMCGoHC4dyzVmCEwCt5YNjZ1KQx8NbJNE2dwPrfFAfwJwXaJmUSYvrBcDQS=w224-h398-k-no,https://lh3.googleusercontent.com/a-/ALV-UjUQufuLuoJTHmP_jF7lNvUQhuRVKmpnGkJFjJGbbHf2LJ36y7mNLA=w36-h36-p-rp-mo-ba12-br100,https://lh3.googleusercontent.com/a-/ALV-UjWaLo5NVpvgLSe70Wjz5ekg_FUELN0pGO5qHm3VI_rWIzCjVFaL=w36-h36-p-rp-mo-ba12-br100,https://lh3.googleusercontent.com/a/ACg8ocIGPYzOczW4ZrNfC5zyVQ3jstt3HyAt_A2xXls2zxbp4YX3Mw=w36-h36-p-rp-mo-br100,https://lh3.googleusercontent.com/gps-cs-s/AHRPTWka0vg0kwm9dJfAwuLX_vbyTRcOVu_4CWLYpZeaFxj4MdfWZpogqhgUw26BpTJvL77xboKPvkKIH2seM2wUXjpvzxv1xA4xg4uiVKKAsKgrP4nvZwfZC69xDrEbbuM2zRFtTgSnSQ=w156-h114-p-k-no,https://lh3.googleusercontent.com/gps-cs-s/AHRPTWl1QyAbHlUesbyzMUaXAms7t63FTUvce-7BIgq4l4aEFTgGyJygY8od1oRWkg117bRowRH_CKWB6hMzREPmsDz72MUvRLM1K5d63YYsYKkP8lzivFuJbAq5MWGdaP8-zLpZpaXT=w156-h114-p-k-no,https://lh3.googleusercontent.com/gps-cs-s/AHRPTWnvUEDme-y8JmmKi1b6WRITy1O_AmIgRjxGaQ1hLT0Q75E87iflQ6hQXvSwmxAvgfE6wBIHkRBgzghlVgfIlsde78NC0D3DV1ksHUBVYnla14In8no8Y4DHMBgI1yva0iZo5T3KEg=w156-h114-p-k-no",36.8314208,10.232271,Not Available,Not Available,Not Available,Not Available,Not Available,Not Available,"Accessibility,,Wheelchair-accessible car park,,Wheelchair-accessible entrance"
Campion-Tech,https://www.google.com/maps/place/Campion-Tech/data=!4m7!3m6!1s0x12fd347de5d3fe77:0x6e40c0e44c4e0a35!8m2!3d36.8166478!4d10.1765218!16s%2Fg%2F11hynjrm0d!19sChIJd_7T5X00_RIRNQpOTOTAQG4?authuser=0&hl=en&rclk=1,https://streetviewpixels-pa.googleapis.com/v1/thumbnail?panoid=_lpLdXAOc3rrAVzsxWTpUQ&cb_client=search.gws-prod.gps&w=408&h=240&yaw=86.20244&pitch=0&thumbfov=100,5.0,Not Available,Software company,"21 Av. Des Etats Unis, Tunis 1002","Monday, 8:30 AM to 5:30 PM,Wednesday, 8:30 AM to 5:30 PM,Thursday, 8:30 AM to 5:30 PM,Friday, 8:30 AM to 5:30 PM,Saturday, 8:30 AM to 5:30 PM,Sunday, Closed",Not Available,http://campion-tech.com/page/about-us,25 004 924,"https://streetviewpixels-pa.googleapis.com/v1/thumbnail?panoid=_lpLdXAOc3rrAVzsxWTpUQ&cb_client=search.gws-prod.gps&w=86&h=86&yaw=86.20244&pitch=0&thumbfov=100,https://streetviewpixels-pa.googleapis.com/v1/thumbnail?panoid=_lpLdXAOc3rrAVzsxWTpUQ&cb_client=search.gws-prod.gps&w=408&h=240&yaw=86.20244&pitch=0&thumbfov=100,https://streetviewpixels-pa.googleapis.com/v1/thumbnail?panoid=_lpLdXAOc3rrAVzsxWTpUQ&cb_client=maps_sv.tactile.gps&w=224&h=298&yaw=86.20244&pitch=0&thumbfov=100,https://lh3.googleusercontent.com/a-/ALV-UjV7z2rU0EH8BRpBJuxmbql-MkhKNJUphBjh9-zdeSp3UOGKxAmrLQ=w36-h36-p-rp-mo-br100,https://lh3.googleusercontent.com/a-/ALV-UjUXrDWWqCJzCpGJEJADOg3EhIo6u-8R54j7rn-QgCxsK_a4u8Gz=w36-h36-p-rp-mo-br100,https://lh3.googleusercontent.com/a/ACg8ocKKCfASKb7G_UjLsQc4gDrF4ABZpBTrHQd9VPOA4NPqAwgHRQ=w36-h36-p-rp-mo-br100,https://lh3.googleusercontent.com/gps-cs-s/AHRPTWkxaG7kDjwxXtuC4I9atDzmFTMeIXU1YzJWA1gyMR9uaj1blv8ctEVInnEsTwtxnkj_OcBzXWhRGsSYhTpXsIzPtyZ1vgIHnn3NuZcbaXdmYkm2yHfJJ4bG5iWU_lWFNJozdePQ=w156-h114-p-k-no,https://lh3.googleusercontent.com/gps-cs-s/AHRPTWkuQoZSVA2uNYEjSm6_oHBANS5bd6BiXfemQlbTGX8N7pEpXq8-BRzA3Tozi6uxWR9ePWCUpUm6hefS8acd6QJKiW3SVj6zLff19YHRx4Zxh4dpIdv921YXyWdjaDfHsLRQDA_0=w156-h114-p-k-no",36.8166478,10.1765218,Not Available,Not Available,Not Available,Not Available,Not Available,Not Available,Not Available
Lexa Technologies,https://www.google.com/maps/place/Lexa+Technologies/data=!4m7!3m6!1s0x12fd35727735859f:0xcccc1d1e139bca61!8m2!3d36.8494901!4d10.1981705!16s%2Fg%2F11ykxr0zy2!19sChIJn4U1d3I1_RIRYcqbEx4dzMw?authuser=0&hl=en&rclk=1,https://lh3.googleusercontent.com/gps-cs-s/AHRPTWmRxTDSU0bsn0efU61qPgC2DOslGYalL1YkH0U_Qv3kjGq7KBb32tB6NlMwK_0OtbM_MkSljsrapjc8mcgwHWmwvxMbiC0B3_Z6x7ktuYEyz-8zxBxEvtQQxlX7anumkTcX8cCuOWOHl1c=w408-h270-k-no,5.0,Not Available,Software company,"A1 immeuble Tamayouz 1082, Tunis","Monday, 8 AM to 6 PM,Thursday, 8 AM to 6 PM,Friday, 8 AM to 6 PM,Saturday, 8 AM to 6 PM,Sunday, Closed",Not Available,https://www.lexa.tn/,51 837 690,"https://lh3.googleusercontent.com/gps-cs-s/AHRPTWmRxTDSU0bsn0efU61qPgC2DOslGYalL1YkH0U_Qv3kjGq7KBb32tB6NlMwK_0OtbM_MkSljsrapjc8mcgwHWmwvxMbiC0B3_Z6x7ktuYEyz-8zxBxEvtQQxlX7anumkTcX8cCuOWOHl1c=w32-h32-p-k-no,https://lh3.googleusercontent.com/gps-cs-s/AHRPTWmRxTDSU0bsn0efU61qPgC2DOslGYalL1YkH0U_Qv3kjGq7KBb32tB6NlMwK_0OtbM_MkSljsrapjc8mcgwHWmwvxMbiC0B3_Z6x7ktuYEyz-8zxBxEvtQQxlX7anumkTcX8cCuOWOHl1c=w408-h270-k-no,https://streetviewpixels-pa.googleapis.com/v1/thumbnail?panoid=7S70JWTmoSCKOIZ93DM4cw&cb_client=search.gws-prod.gps&w=211&h=120&yaw=193.19176&pitch=0&thumbfov=100,https://lh3.googleusercontent.com/gps-cs-s/AHRPTWm9-1XjBc2tpH7EnoLMTXL8_D658XI_cZ_X7H31M6JTr4APWc8PpZUmBcxJ8urAM8JP1tWyad0BIchwA6D5EUdSjqH_g7QffhHx4tMCuWqvZPO3ciD3qRl-O2RY8j6PScar--8xQoXz0SY_=w140-h120-k-no,https://lh3.googleusercontent.com/a/ACg8ocILXR_rma8CE1Q-9UA_VTptbVlW0wwEbFsMT7RoZOBnpu1jVw=w36-h36-p-rp-mo-br100",36.8494901,10.1981705,Not Available,Not Available,Not Available,Not Available,Not Available,Not Available,Not Available
Medius,https://www.google.com/maps/place/Medius/data=!4m7!3m6!1s0x12fd4bb4756b32ef:0x9b5b5e93ea63be5c!8m2!3d36.8314208!4d10.232271!16s%2Fg%2F11j2ns1wzx!19sChIJ7zJrdbRL_RIRXL5j6pNeW5s?authuser=0&hl=en&rclk=1,https://lh3.googleusercontent.com/gps-cs-s/AHRPTWliCC9OnIJWfJT50EiSJNoAxbMdki0Fruss9noFNJEt9MjLtE65dqsiUmG5zklEgzUG-Bu7PRZptspnKbFIfNW0Xo2hZzywOKN_3TlnkIp1eXza5hEYAz4YuKUKibWhp1M8pA0=w408-h306-k-no,4.9,Not Available,Software company,"Rue du Lac Biwa, Tunis","Monday, 9 AM to 6 PM,Thursday, 9 AM to 6 PM,Friday, 9 AM to 6 PM,Saturday, Closed,Sunday, Closed",Not Available,https://www.expensya.com/,+33 1 85 09 28 40,"https://lh3.googleusercontent.com/gps-cs-s/AHRPTWliCC9OnIJWfJT50EiSJNoAxbMdki0Fruss9noFNJEt9MjLtE65dqsiUmG5zklEgzUG-Bu7PRZptspnKbFIfNW0Xo2hZzywOKN_3TlnkIp1eXza5hEYAz4YuKUKibWhp1M8pA0=w32-h32-p-k-no,https://lh3.googleusercontent.com/gps-cs-s/AHRPTWliCC9OnIJWfJT50EiSJNoAxbMdki0Fruss9noFNJEt9MjLtE65dqsiUmG5zklEgzUG-Bu7PRZptspnKbFIfNW0Xo2hZzywOKN_3TlnkIp1eXza5hEYAz4YuKUKibWhp1M8pA0=w408-h306-k-no,https://lh3.googleusercontent.com/gps-cs-s/AHRPTWnTQB9jPnPs4fhR_FvH6EAXhs2sxSYSDoewq2bih-mSbXU10VFfHLXRkoMQDSx_PCzrX9-w4Gf0LcHc8C-TWZg3GWQHd3Z5_6D9OJ5aWXR6isDqJ5uxT3FrXBdcF3j_AhYt56Eq=w360-h480-k-no,https://lh3.googleusercontent.com/a-/ALV-UjUQufuLuoJTHmP_jF7lNvUQhuRVKmpnGkJFjJGbbHf2LJ36y7mNLA=w36-h36-p-rp-mo-ba12-br100,https://lh3.googleusercontent.com/a-/ALV-UjWaLo5NVpvgLSe70Wjz5ekg_FUELN0pGO5qHm3VI_rWIzCjVFaL=w36-h36-p-rp-mo-ba12-br100,https://lh3.googleusercontent.com/a/ACg8ocIGPYzOczW4ZrNfC5zyVQ3jstt3HyAt_A2xXls2zxbp4YX3Mw=w36-h36-p-rp-mo-br100",36.8314208,10.232271,Not Available,Not Available,Not Available,Not Available,Not Available,Not Available,"Accessibility,,Wheelchair-accessible car park,,Wheelchair-accessible entrance"
Swiver,https://www.google.com/maps/place/Swiver/data=!4m7!3m6!1s0x12fd35efb88d17d7:0xaada2b66f643d4d0!8m2!3d36.8477616!4d10.1958769!16s%2Fg%2F11h79tpvt1!19sChIJ1xeNuO81_RIR0NRD9mYr2qo?authuser=0&hl=en&rclk=1,https://lh3.googleusercontent.com/a-/ALV-UjXEeNKjpzhJMGR3EUJnV0_NfTa7hN3_ION-jJ89Zaxdcvp_tsNVAA=w36-h36-p-rp-mo-ba12-br100,4.7,Not Available,Software company,"bureau 1-4 - 1 ère étage Immeuble, New Tower, Tunis 1082","Monday, 8 AM to 3 PM,Thursday, 8 AM to 3:30 PM,Friday, 8 AM to 3 PM,Saturday, Closed,Sunday, Closed",Not Available,https://swiver.io/,36 018 000,"https://lh3.googleusercontent.com/gps-cs-s/AHRPTWkbPSJtQOVIsOZSj8Yx0kjmkXpwx_vtfkpiw2PyYgjUXWBdVXcQ8IwqbIOogK_VH06SuRGe-qzeFvXCMctrK5lbqro4JYUwpV7BO-xAo4hXLzvmH6Lgf-A50QXQhj936dwMoJ0P=w32-h32-p-k-no,https://lh3.googleusercontent.com/gps-cs-s/AHRPTWkbPSJtQOVIsOZSj8Yx0kjmkXpwx_vtfkpiw2PyYgjUXWBdVXcQ8IwqbIOogK_VH06SuRGe-qzeFvXCMctrK5lbqro4JYUwpV7BO-xAo4hXLzvmH6Lgf-A50QXQhj936dwMoJ0P=w426-h240-k-no,https://streetviewpixels-pa.googleapis.com/v1/thumbnail?panoid=uUrNKe9wyNvDz45hQm0E7g&cb_client=search.gws-prod.gps&w=211&h=120&yaw=111.37862&pitch=0&thumbfov=100,https://lh3.googleusercontent.com/gps-cs-s/AHRPTWkUvLZAeRpVno5lOmz9olqJH0cfF6aCO_PL0mszCj8AvXiaWE-kpJkmatzWRfImQg5ie0ZtVNPhfAz5_OxE3BXB845kennqwYPUUI7VTpbHMeHhDa3VZwjIdLAmMxzwcr7CQW2Y=w180-h120-k-no,https://lh3.googleusercontent.com/a-/ALV-UjXEeNKjpzhJMGR3EUJnV0_NfTa7hN3_ION-jJ89Zaxdcvp_tsNVAA=w36-h36-p-rp-mo-ba12-br100,https://lh3.googleusercontent.com/a-/ALV-UjX6_xbNKU7uyApE95s3VmGG_OgTBSWrPRey0RPN-ked5ZMXQ8Ynqw=w36-h36-p-rp-mo-br100,https://lh3.googleusercontent.com/a/ACg8ocKaK7aRO0B_woGao9G5D1CBfuIaWd_rELWpIL-6KkftIXEczg=w36-h36-p-rp-mo-br100",36.8477616,10.1958769,Not Available,Not Available,Not Available,Not Available,Not Available,Not Available,"Accessibility,,Wheelchair-accessible car park,,Wheelchair-accessible entrance,,Wheelchair-accessible seating,,Wheelchair-accessible toilet"
Campion-Tech,https://www.google.com/maps/place/Campion-Tech/data=!4m7!3m6!1s0x12fd347de5d3fe77:0x6e40c0e44c4e0a35!8m2!3d36.8166478!4d10.1765218!16s%2Fg%2F11hynjrm0d!19sChIJd_7T5X00_RIRNQpOTOTAQG4?authuser=0&hl=en&rclk=1,https://streetviewpixels-pa.googleapis.com/v1/thumbnail?panoid=_lpLdXAOc3rrAVzsxWTpUQ&cb_client=search.gws-prod.gps&w=408&h=240&yaw=86.20244&pitch=0&thumbfov=100,5.0,Not Available,Software company,"21 Av. Des Etats Unis, Tunis 1002","Monday, 8:30 AM to 5:30 PM,Thursday, 8:30 AM to 5:30 PM,Friday, 8:30 AM to 5:30 PM,Saturday, 8:30 AM to 5:30 PM,Sunday, Closed",Not Available,http://campion-tech.com/page/about-us,25 004 924,"https://streetviewpixels-pa.googleapis.com/v1/thumbnail?panoid=_lpLdXAOc3rrAVzsxWTpUQ&cb_client=search.gws-prod.gps&w=86&h=86&yaw=86.20244&pitch=0&thumbfov=100,https://streetviewpixels-pa.googleapis.com/v1/thumbnail?panoid=_lpLdXAOc3rrAVzsxWTpUQ&cb_client=search.gws-prod.gps&w=408&h=240&yaw=86.20244&pitch=0&thumbfov=100,https://streetviewpixels-pa.googleapis.com/v1/thumbnail?panoid=_lpLdXAOc3rrAVzsxWTpUQ&cb_client=search.gws-prod.gps&w=360&h=120&yaw=86.20244&pitch=0&thumbfov=100,https://lh3.googleusercontent.com/a-/ALV-UjV7z2rU0EH8BRpBJuxmbql-MkhKNJUphBjh9-zdeSp3UOGKxAmrLQ=w36-h36-p-rp-mo-br100,https://lh3.googleusercontent.com/a-/ALV-UjUXrDWWqCJzCpGJEJADOg3EhIo6u-8R54j7rn-QgCxsK_a4u8Gz=w36-h36-p-rp-mo-br100,https://lh3.googleusercontent.com/a/ACg8ocKKCfASKb7G_UjLsQc4gDrF4ABZpBTrHQd9VPOA4NPqAwgHRQ=w36-h36-p-rp-mo-br100",36.8166478,10.1765218,Not Available,Not Available,Not Available,Not Available,Not Available,Not Available,Not Available
Mint IT,https://www.google.com/maps/place/Mint+IT/data=!4m7!3m6!1s0x12fd3462c423a087:0xf7426d02d5a0e91f!8m2!3d36.8226638!4d10.1836816!16s%2Fg%2F11bx2lg3q3!19sChIJh6AjxGI0_RIRH-mg1QJtQvc?authuser=0&hl=en&rclk=1,https://lh3.googleusercontent.com/gps-cs-s/AHRPTWnL3ByjD3qn5WXw8VbS1HUWiXdqLbgZO3XlqCmPZU1Zg9_JEB9VobjUXf1L46qwf9tcFaRmgLQcGtDIXG-gt9dKF2ZBFgu8k2tSiOVyk0nwySlXuud7qA-id5TuIzTMm72QzL8=w408-h306-k-no,4.2,Not Available,Software company,"8 Rue du Royaume d'Arabie Saoudite, Tunis 1002","Monday, 9 AM to 6 PM,Thursday, 9 AM to 6 PM,Friday, 9 AM to 6 PM,Saturday, Closed,Sunday, Closed",Not Available,http://www.mintit.io/,71 891 743,"https://lh3.googleusercontent.com/gps-cs-s/AHRPTWnL3ByjD3qn5WXw8VbS1HUWiXdqLbgZO3XlqCmPZU1Zg9_JEB9VobjUXf1L46qwf9tcFaRmgLQcGtDIXG-gt9dKF2ZBFgu8k2tSiOVyk0nwySlXuud7qA-id5TuIzTMm72QzL8=w32-h32-p-k-no,https://lh3.googleusercontent.com/gps-cs-s/AHRPTWnL3ByjD3qn5WXw8VbS1HUWiXdqLbgZO3XlqCmPZU1Zg9_JEB9VobjUXf1L46qwf9tcFaRmgLQcGtDIXG-gt9dKF2ZBFgu8k2tSiOVyk0nwySlXuud7qA-id5TuIzTMm72QzL8=w408-h306-k-no,https://lh3.googleusercontent.com/gps-cs-s/AHRPTWn9UsYjPyfRJlvzFLI1NuRWMiv-WZJZr0mufL787iddyeE2Q3EeZhO3EJhnDQs1UPM-wgTzPg4LGovhcQ9492UFk1Fh7Ee6-NxAmwXFU9-lp1m9-XnEeYvtFZ_7ND27gDDANe4=w360-h480-k-no,https://lh3.googleusercontent.com/a-/ALV-UjX84fcpUd7dTcy7CPXZYjzx-ggGH8NcgRfNuafPFn06xiKOEIp0hQ=w36-h36-p-rp-mo-ba12-br100,https://lh3.googleusercontent.com/a-/ALV-UjW5gCCvXVlSyC_HeNHx0BKZVEbwF70pW2zYwWz0PGHfcN09mSaKLA=w36-h36-p-rp-mo-ba12-br100,https://lh3.googleusercontent.com/a-/ALV-UjX9efL0I-_nyjC0v5Ob35NUjs7F_12RDvv7Rivto-JNHoBHzKAL=w36-h36-p-rp-mo-br100",36.8226638,10.1836816,Not Available,Not Available,Not Available,Not Available,Not Available,Not Available,Not Available
Lexa Technologies,https://www.google.com/maps/place/Lexa+Technologies/data=!4m7!3m6!1s0x12fd35727735859f:0xcccc1d1e139bca61!8m2!3d36.8494901!4d10.1981705!16s%2Fg%2F11ykxr0zy2!19sChIJn4U1d3I1_RIRYcqbEx4dzMw?authuser=0&hl=en&rclk=1,https://lh3.googleusercontent.com/gps-cs-s/AHRPTWmRxTDSU0bsn0efU61qPgC2DOslGYalL1YkH0U_Qv3kjGq7KBb32tB6NlMwK_0OtbM_MkSljsrapjc8mcgwHWmwvxMbiC0B3_Z6x7ktuYEyz-8zxBxEvtQQxlX7anumkTcX8cCuOWOHl1c=w408-h270-k-no,5.0,Not Available,Software company,"A1 immeuble Tamayouz 1082, Tunis","Monday, 8 AM to 6 PM,Thursday, 8 AM to 6 PM,Friday, 8 AM to 6 PM,Saturday, 8 AM to 6 PM,Sunday, Closed",Not Available,https://www.lexa.tn/,51 837 690,"https://lh3.googleusercontent.com/gps-cs-s/AHRPTWmRxTDSU0bsn0efU61qPgC2DOslGYalL1YkH0U_Qv3kjGq7KBb32tB6NlMwK_0OtbM_MkSljsrapjc8mcgwHWmwvxMbiC0B3_Z6x7ktuYEyz-8zxBxEvtQQxlX7anumkTcX8cCuOWOHl1c=w32-h32-p-k-no,https://lh3.googleusercontent.com/gps-cs-s/AHRPTWmRxTDSU0bsn0efU61qPgC2DOslGYalL1YkH0U_Qv3kjGq7KBb32tB6NlMwK_0OtbM_MkSljsrapjc8mcgwHWmwvxMbiC0B3_Z6x7ktuYEyz-8zxBxEvtQQxlX7anumkTcX8cCuOWOHl1c=w408-h270-k-no,https://lh3.googleusercontent.com/gps-cs-s/AHRPTWmRxTDSU0bsn0efU61qPgC2DOslGYalL1YkH0U_Qv3kjGq7KBb32tB6NlMwK_0OtbM_MkSljsrapjc8mcgwHWmwvxMbiC0B3_Z6x7ktuYEyz-8zxBxEvtQQxlX7anumkTcX8cCuOWOHl1c=w449-h298-k-no,https://lh3.googleusercontent.com/gps-cs-s/AHRPTWm9-1XjBc2tpH7EnoLMTXL8_D658XI_cZ_X7H31M6JTr4APWc8PpZUmBcxJ8urAM8JP1tWyad0BIchwA6D5EUdSjqH_g7QffhHx4tMCuWqvZPO3ciD3qRl-O2RY8j6PScar--8xQoXz0SY_=w348-h298-k-no,https://streetviewpixels-pa.googleapis.com/v1/thumbnail?panoid=7S70JWTmoSCKOIZ93DM4cw&cb_client=maps_sv.tactile.gps&w=224&h=298&yaw=193.19176&pitch=0&thumbfov=100,https://lh3.googleusercontent.com/a/ACg8ocILXR_rma8CE1Q-9UA_VTptbVlW0wwEbFsMT7RoZOBnpu1jVw=w36-h36-p-rp-mo-br100",36.8494901,10.1981705,info@lexa.tn,https://www.facebook.com/lexa.tn,Not Available,https://www.instagram.com/lexa.tn/,Not Available,https://www.linkedin.com/company/lexatechnologies,"Service options,,Online appointments,,On-site services,    Parking,,On-site parking,,Paid parking lot"
Medius,https://www.google.com/maps/place/Medius/data=!4m7!3m6!1s0x12fd4bb4756b32ef:0x9b5b5e93ea63be5c!8m2!3d36.8314208!4d10.232271!16s%2Fg%2F11j2ns1wzx!19sChIJ7zJrdbRL_RIRXL5j6pNeW5s?authuser=0&hl=en&rclk=1,https://lh3.googleusercontent.com/gps-cs-s/AHRPTWliCC9OnIJWfJT50EiSJNoAxbMdki0Fruss9noFNJEt9MjLtE65dqsiUmG5zklEgzUG-Bu7PRZptspnKbFIfNW0Xo2hZzywOKN_3TlnkIp1eXza5hEYAz4YuKUKibWhp1M8pA0=w408-h306-k-no,4.9,Not Available,Software company,"Rue du Lac Biwa, Tunis","Monday, 9 AM to 6 PM,Thursday, 9 AM to 6 PM,Friday, 9 AM to 6 PM,Saturday, Closed,Sunday, Closed",Not Available,https://www.expensya.com/,+33 1 85 09 28 40,"https://lh3.googleusercontent.com/gps-cs-s/AHRPTWliCC9OnIJWfJT50EiSJNoAxbMdki0Fruss9noFNJEt9MjLtE65dqsiUmG5zklEgzUG-Bu7PRZptspnKbFIfNW0Xo2hZzywOKN_3TlnkIp1eXza5hEYAz4YuKUKibWhp1M8pA0=w32-h32-p-k-no,https://lh3.googleusercontent.com/gps-cs-s/AHRPTWliCC9OnIJWfJT50EiSJNoAxbMdki0Fruss9noFNJEt9MjLtE65dqsiUmG5zklEgzUG-Bu7PRZptspnKbFIfNW0Xo2hZzywOKN_3TlnkIp1eXza5hEYAz4YuKUKibWhp1M8pA0=w408-h306-k-no,https://lh3.googleusercontent.com/gps-cs-s/AHRPTWliCC9OnIJWfJT50EiSJNoAxbMdki0Fruss9noFNJEt9MjLtE65dqsiUmG5zklEgzUG-Bu7PRZptspnKbFIfNW0Xo2hZzywOKN_3TlnkIp1eXza5hEYAz4YuKUKibWhp1M8pA0=w397-h298-k-no,https://lh3.googleusercontent.com/gps-cs-s/AHRPTWlse0o9bni1Cq9yDGs5p7dU97uxVPkPQNUbsn3LT4REcEbUKxZXvJgsOKLxxrE6eYOCR3S9PihB_cMCGoHC4dyzVmCEwCt5YNjZ1KQx8NbJNE2dwPrfFAfwJwXaJmUSYvrBcDQS=w224-h398-k-no,https://lh3.googleusercontent.com/a-/ALV-UjUQufuLuoJTHmP_jF7lNvUQhuRVKmpnGkJFjJGbbHf2LJ36y7mNLA=w36-h36-p-rp-mo-ba12-br100,https://lh3.googleusercontent.com/a-/ALV-UjWaLo5NVpvgLSe70Wjz5ekg_FUELN0pGO5qHm3VI_rWIzCjVFaL=w36-h36-p-rp-mo-ba12-br100,https://lh3.googleusercontent.com/a/ACg8ocIGPYzOczW4ZrNfC5zyVQ3jstt3HyAt_A2xXls2zxbp4YX3Mw=w36-h36-p-rp-mo-br100,https://lh3.googleusercontent.com/gps-cs-s/AHRPTWmUOSpYuJARzmg_Ugnma6UiNh6P1H2s7M_1FHTq9SITFhOjFv3tisCeQahBhs98q79J61qoVHE_CPyyePo3nuaDzd9_gT5-cmWU_3yKedmOdTtm_jY4JydKdhsEiYivM-zNS1NnWw=w156-h114-p-k-no,https://lh3.googleusercontent.com/gps-cs-s/AHRPTWmcD3kPwTU2D5RHezCWiYmKMtr1eJfi1mCbnWg2Kcwn0v_fM1AjM4n2OmfT1ICfGKChiCIUbj3LhLb3D7MGq5A6X7GJ46HQOVE8zZ04QevUIKPx0TdjCGx8D9vRsjUiWwDi8uck=w156-h114-p-k-no,https://lh3.googleusercontent.com/gps-cs-s/AHRPTWmtURcqXObwMyivpGCFHzmuYUbSxAPPlwfGtN8eI6oIFCebpIYAU7M7P08UMcmHlAFLkf3Q1ONm6JP49-RdwT9Staqw8qaM4Cnx_nOKLob6ly5yUCI8tE36BjfFZpVmA1gF9KxRQw=w156-h114-p-k-no",36.8314208,10.232271,info.france@medius.com,https://www.facebook.com/ExpensyaFR/,https://twitter.com/Expensya,https://www.instagram.com/expensya/,Not Available,https://www.linkedin.com/company/expensya,"Accessibility,,Wheelchair-accessible car park,,Wheelchair-accessible entrance"
Swiver,https://www.google.com/maps/place/Swiver/data=!4m7!3m6!1s0x12fd35efb88d17d7:0xaada2b66f643d4d0!8m2!3d36.8477616!4d10.1958769!16s%2Fg%2F11h79tpvt1!19sChIJ1xeNuO81_RIR0NRD9mYr2qo?authuser=0&hl=en&rclk=1,https://lh3.googleusercontent.com/gps-cs-s/AHRPTWkbPSJtQOVIsOZSj8Yx0kjmkXpwx_vtfkpiw2PyYgjUXWBdVXcQ8IwqbIOogK_VH06SuRGe-qzeFvXCMctrK5lbqro4JYUwpV7BO-xAo4hXLzvmH6Lgf-A50QXQhj936dwMoJ0P=w426-h240-k-no,4.7,Not Available,Software company,"bureau 1-4 - 1 ère étage Immeuble, New Tower, Tunis 1082","Monday, 8 AM to 3 PM,Thursday, 8 AM to 3:30 PM,Friday, 8 AM to 3 PM,Saturday, Closed,Sunday, Closed",Not Available,https://swiver.io/,36 018 000,"https://lh3.googleusercontent.com/gps-cs-s/AHRPTWkbPSJtQOVIsOZSj8Yx0kjmkXpwx_vtfkpiw2PyYgjUXWBdVXcQ8IwqbIOogK_VH06SuRGe-qzeFvXCMctrK5lbqro4JYUwpV7BO-xAo4hXLzvmH6Lgf-A50QXQhj936dwMoJ0P=w32-h32-p-k-no,https://lh3.googleusercontent.com/gps-cs-s/AHRPTWkbPSJtQOVIsOZSj8Yx0kjmkXpwx_vtfkpiw2PyYgjUXWBdVXcQ8IwqbIOogK_VH06SuRGe-qzeFvXCMctrK5lbqro4JYUwpV7BO-xAo4hXLzvmH6Lgf-A50QXQhj936dwMoJ0P=w426-h240-k-no,https://lh3.googleusercontent.com/gps-cs-s/AHRPTWkbPSJtQOVIsOZSj8Yx0kjmkXpwx_vtfkpiw2PyYgjUXWBdVXcQ8IwqbIOogK_VH06SuRGe-qzeFvXCMctrK5lbqro4JYUwpV7BO-xAo4hXLzvmH6Lgf-A50QXQhj936dwMoJ0P=w529-h298-k-no,https://lh3.googleusercontent.com/gps-cs-s/AHRPTWnbryYIt9eYGQUuTnzjaq129J88KMPqBZ5rnnFQutFw0A4cfGbghDlKTl8bEwrLcQRGCXbH2y89kcN8UILV1vUHX6uJSYnlgfUzpzt1jB10tuiiHRhq_Qj_muieY6DiZEMF-rNUyQ=w529-h298-k-no,https://lh3.googleusercontent.com/gps-cs-s/AHRPTWnq7FGbX9-GKwfDD0xhTbEpdPP5sO02lfOXKLEqepTYjvoGJYLV5uwwjWgeRHbR7r368HYPPYQG6IlNDfZmlOnvuzW1jrVlthH4Cmp-1G7DVJ66Bb6sFORudLrd2FFJKyltI1m24A=w529-h298-k-no,https://lh3.googleusercontent.com/gps-cs-s/AHRPTWkUvLZAeRpVno5lOmz9olqJH0cfF6aCO_PL0mszCj8AvXiaWE-kpJkmatzWRfImQg5ie0ZtVNPhfAz5_OxE3BXB845kennqwYPUUI7VTpbHMeHhDa3VZwjIdLAmMxzwcr7CQW2Y=w447-h298-k-no,https://streetviewpixels-pa.googleapis.com/v1/thumbnail?panoid=uUrNKe9wyNvDz45hQm0E7g&cb_client=maps_sv.tactile.gps&w=224&h=298&yaw=111.37862&pitch=0&thumbfov=100,https://lh3.googleusercontent.com/a-/ALV-UjXEeNKjpzhJMGR3EUJnV0_NfTa7hN3_ION-jJ89Zaxdcvp_tsNVAA=w36-h36-p-rp-mo-ba12-br100,https://lh3.googleusercontent.com/a-/ALV-UjX6_xbNKU7uyApE95s3VmGG_OgTBSWrPRey0RPN-ked5ZMXQ8Ynqw=w36-h36-p-rp-mo-br100,https://lh3.googleusercontent.com/a/ACg8ocKaK7aRO0B_woGao9G5D1CBfuIaWd_rELWpIL-6KkftIXEczg=w36-h36-p-rp-mo-br100,https://lh3.googleusercontent.com/gps-cs-s/AHRPTWmPtjYZSuuEF1FfrXhLAe_08FqaeUW8E3k3PW7NHT5HbDg5tDjHR1_FSDPw9T8Rv9igI62nRHy1NFWA3JUG_cYK0LUisrUle5a2N2xz2JTjn-Vx7aLpOyloS9ccq6zowC244pTUwGK1IqSV=w156-h114-p-k-no",36.8477616,10.1958769,info@swiver.io,//facebook.com/swiver.io,Not Available,//instagram.com/swiver.io,https://www.youtube.com/@swiver4400,https://www.linkedin.com/in/expert-seo-tunisie/,"Accessibility,,Wheelchair-accessible car park,,Wheelchair-accessible entrance,,Wheelchair-accessible seating,,Wheelchair-accessible toilet,    From the business,,Identifies as women-owned"
Campion-Tech,https://www.google.com/maps/place/Campion-Tech/data=!4m7!3m6!1s0x12fd347de5d3fe77:0x6e40c0e44c4e0a35!8m2!3d36.8166478!4d10.1765218!16s%2Fg%2F11hynjrm0d!19sChIJd_7T5X00_RIRNQpOTOTAQG4?authuser=0&hl=en&rclk=1,https://streetviewpixels-pa.googleapis.com/v1/thumbnail?panoid=_lpLdXAOc3rrAVzsxWTpUQ&cb_client=search.gws-prod.gps&w=408&h=240&yaw=86.20244&pitch=0&thumbfov=100,5.0,Not Available,Software company,"21 Av. Des Etats Unis, Tunis 1002","Monday, 8:30 AM to 5:30 PM,Thursday, 8:30 AM to 5:30 PM,Friday, 8:30 AM to 5:30 PM,Saturday, 8:30 AM to 5:30 PM,Sunday, Closed",Not Available,http://campion-tech.com/page/about-us,25 004 924,"https://streetviewpixels-pa.googleapis.com/v1/thumbnail?panoid=_lpLdXAOc3rrAVzsxWTpUQ&cb_client=search.gws-prod.gps&w=86&h=86&yaw=86.20244&pitch=0&thumbfov=100,https://streetviewpixels-pa.googleapis.com/v1/thumbnail?panoid=_lpLdXAOc3rrAVzsxWTpUQ&cb_client=search.gws-prod.gps&w=408&h=240&yaw=86.20244&pitch=0&thumbfov=100,https://streetviewpixels-pa.googleapis.com/v1/thumbnail?panoid=_lpLdXAOc3rrAVzsxWTpUQ&cb_client=maps_sv.tactile.gps&w=224&h=298&yaw=86.20244&pitch=0&thumbfov=100,https://lh3.googleusercontent.com/a-/ALV-UjV7z2rU0EH8BRpBJuxmbql-MkhKNJUphBjh9-zdeSp3UOGKxAmrLQ=w36-h36-p-rp-mo-br100,https://lh3.googleusercontent.com/a-/ALV-UjUXrDWWqCJzCpGJEJADOg3EhIo6u-8R54j7rn-QgCxsK_a4u8Gz=w36-h36-p-rp-mo-br100,https://lh3.googleusercontent.com/a/ACg8ocKKCfASKb7G_UjLsQc4gDrF4ABZpBTrHQd9VPOA4NPqAwgHRQ=w36-h36-p-rp-mo-br100,https://lh3.googleusercontent.com/gps-cs-s/AHRPTWm66nrUwr7pbUJVmTRGzY-5DtLZ1_aMO4eLHC1pRtA75Ky1gPuY7A_euuOnlN0x3Rcp2w_ACzvnOUOgwH4DrqR5s4V00qxUOYcyrMPWtmCiwtYPFRrXJ-shaYfmWe5lDCfYuTaJ=w156-h114-p-k-no,https://lh3.googleusercontent.com/gps-cs-s/AHRPTWkuQoZSVA2uNYEjSm6_oHBANS5bd6BiXfemQlbTGX8N7pEpXq8-BRzA3Tozi6uxWR9ePWCUpUm6hefS8acd6QJKiW3SVj6zLff19YHRx4Zxh4dpIdv921YXyWdjaDfHsLRQDA_0=w156-h114-p-k-no",36.8166478,10.1765218,contact@campion-tech.com,https://www.facebook.com/profile.php?id=100063234939936,Not Available,Not Available,https://www.youtube.com/@campion-tech8638,https://www.linkedin.com/company/campion-tech,Not Available
Mint IT,https://www.google.com/maps/place/Mint+IT/data=!4m7!3m6!1s0x12fd3462c423a087:0xf7426d02d5a0e91f!8m2!3d36.8226638!4d10.1836816!16s%2Fg%2F11bx2lg3q3!19sChIJh6AjxGI0_RIRH-mg1QJtQvc?authuser=0&hl=en&rclk=1,https://lh3.googleusercontent.com/gps-cs-s/AHRPTWnL3ByjD3qn5WXw8VbS1HUWiXdqLbgZO3XlqCmPZU1Zg9_JEB9VobjUXf1L46qwf9tcFaRmgLQcGtDIXG-gt9dKF2ZBFgu8k2tSiOVyk0nwySlXuud7qA-id5TuIzTMm72QzL8=w408-h306-k-no,4.2,Not Available,Software company,"8 Rue du Royaume d'Arabie Saoudite, Tunis 1002","Monday, 9 AM to 6 PM,Thursday, 9 AM to 6 PM,Friday, 9 AM to 6 PM,Saturday, Closed,Sunday, Closed",Not Available,http://www.mintit.io/,71 891 743,"https://lh3.googleusercontent.com/gps-cs-s/AHRPTWnL3ByjD3qn5WXw8VbS1HUWiXdqLbgZO3XlqCmPZU1Zg9_JEB9VobjUXf1L46qwf9tcFaRmgLQcGtDIXG-gt9dKF2ZBFgu8k2tSiOVyk0nwySlXuud7qA-id5TuIzTMm72QzL8=w32-h32-p-k-no,https://lh3.googleusercontent.com/gps-cs-s/AHRPTWnL3ByjD3qn5WXw8VbS1HUWiXdqLbgZO3XlqCmPZU1Zg9_JEB9VobjUXf1L46qwf9tcFaRmgLQcGtDIXG-gt9dKF2ZBFgu8k2tSiOVyk0nwySlXuud7qA-id5TuIzTMm72QzL8=w408-h306-k-no,https://lh3.googleusercontent.com/gps-cs-s/AHRPTWnL3ByjD3qn5WXw8VbS1HUWiXdqLbgZO3XlqCmPZU1Zg9_JEB9VobjUXf1L46qwf9tcFaRmgLQcGtDIXG-gt9dKF2ZBFgu8k2tSiOVyk0nwySlXuud7qA-id5TuIzTMm72QzL8=w397-h298-k-no,https://lh3.googleusercontent.com/gps-cs-s/AHRPTWnLQx6_u817Bq9uWsEGJAOcWfjU4JmYk--ITXHSWK9pT1kEhkWnF_9o8kDH1p9KpCmG1WTUEK853MwbRTFUgAxtvPvvAY8WozTi_a3b-qjBRNfWgKVAJ3IrdlEWjpgGIcJt9IE=w783-h298-k-no,https://lh3.googleusercontent.com/a-/ALV-UjX84fcpUd7dTcy7CPXZYjzx-ggGH8NcgRfNuafPFn06xiKOEIp0hQ=w36-h36-p-rp-mo-ba12-br100,https://lh3.googleusercontent.com/a-/ALV-UjW5gCCvXVlSyC_HeNHx0BKZVEbwF70pW2zYwWz0PGHfcN09mSaKLA=w36-h36-p-rp-mo-ba12-br100,https://lh3.googleusercontent.com/a-/ALV-UjX9efL0I-_nyjC0v5Ob35NUjs7F_12RDvv7Rivto-JNHoBHzKAL=w36-h36-p-rp-mo-br100,https://lh3.googleusercontent.com/gps-cs-s/AHRPTWl4QQX_uYg2wo2ookFqVS-_5pGuKJRO-AwDCectAgO4TjZBxyh8GccnrZxCgh8Qc8YlwnhzZ9-g5G4dCfKvSrnVrRmjvdGaywmgArzevCEThYRRxw8H5bMg8BXZaku7gEA-N70Zgw=w156-h114-p-k-no",36.8226638,10.1836816,contact@mintit.io,Not Available,Not Available,Not Available,Not Available,https://www.linkedin.com/company/mint-it-io/,"Planning,,Appointment required"
Lexa Technologies,https://www.google.com/maps/place/Lexa+Technologies/data=!4m7!3m6!1s0x12fd35727735859f:0xcccc1d1e139bca61!8m2!3d36.8494901!4d10.1981705!16s%2Fg%2F11ykxr0zy2!19sChIJn4U1d3I1_RIRYcqbEx4dzMw?authuser=0&hl=en&rclk=1,https://lh3.googleusercontent.com/gps-cs-s/AHRPTWmRxTDSU0bsn0efU61qPgC2DOslGYalL1YkH0U_Qv3kjGq7KBb32tB6NlMwK_0OtbM_MkSljsrapjc8mcgwHWmwvxMbiC0B3_Z6x7ktuYEyz-8zxBxEvtQQxlX7anumkTcX8cCuOWOHl1c=w408-h270-k-no,5.0,Not Available,Software company,"A1 immeuble Tamayouz 1082, Tunis","Monday, 8 AM to 6 PM,Thursday, 8 AM to 6 PM,Friday, 8 AM to 6 PM,Saturday, 8 AM to 6 PM,Sunday, Closed",Not Available,https://www.lexa.tn/,51 837 690,"https://lh3.googleusercontent.com/gps-cs-s/AHRPTWmRxTDSU0bsn0efU61qPgC2DOslGYalL1YkH0U_Qv3kjGq7KBb32tB6NlMwK_0OtbM_MkSljsrapjc8mcgwHWmwvxMbiC0B3_Z6x7ktuYEyz-8zxBxEvtQQxlX7anumkTcX8cCuOWOHl1c=w32-h32-p-k-no,https://lh3.googleusercontent.com/gps-cs-s/AHRPTWmRxTDSU0bsn0efU61qPgC2DOslGYalL1YkH0U_Qv3kjGq7KBb32tB6NlMwK_0OtbM_MkSljsrapjc8mcgwHWmwvxMbiC0B3_Z6x7ktuYEyz-8zxBxEvtQQxlX7anumkTcX8cCuOWOHl1c=w408-h270-k-no,https://lh3.googleusercontent.com/gps-cs-s/AHRPTWmRxTDSU0bsn0efU61qPgC2DOslGYalL1YkH0U_Qv3kjGq7KBb32tB6NlMwK_0OtbM_MkSljsrapjc8mcgwHWmwvxMbiC0B3_Z6x7ktuYEyz-8zxBxEvtQQxlX7anumkTcX8cCuOWOHl1c=w449-h298-k-no,https://lh3.googleusercontent.com/gps-cs-s/AHRPTWm9-1XjBc2tpH7EnoLMTXL8_D658XI_cZ_X7H31M6JTr4APWc8PpZUmBcxJ8urAM8JP1tWyad0BIchwA6D5EUdSjqH_g7QffhHx4tMCuWqvZPO3ciD3qRl-O2RY8j6PScar--8xQoXz0SY_=w348-h298-k-no,https://streetviewpixels-pa.googleapis.com/v1/thumbnail?panoid=7S70JWTmoSCKOIZ93DM4cw&cb_client=maps_sv.tactile.gps&w=224&h=298&yaw=193.19176&pitch=0&thumbfov=100,https://lh3.googleusercontent.com/a/ACg8ocILXR_rma8CE1Q-9UA_VTptbVlW0wwEbFsMT7RoZOBnpu1jVw=w36-h36-p-rp-mo-br100",36.8494901,10.1981705,info@lexa.tn,https://www.facebook.com/lexa.tn,Not Available,https://www.instagram.com/lexa.tn/,Not Available,https://www.linkedin.com/company/lexatechnologies,"Service options,,Online appointments,,On-site services,    Parking,,On-site parking,,Paid parking lot"
Medius,https://www.google.com/maps/place/Medius/data=!4m7!3m6!1s0x12fd4bb4756b32ef:0x9b5b5e93ea63be5c!8m2!3d36.8314208!4d10.232271!16s%2Fg%2F11j2ns1wzx!19sChIJ7zJrdbRL_RIRXL5j6pNeW5s?authuser=0&hl=en&rclk=1,https://lh3.googleusercontent.com/gps-cs-s/AHRPTWliCC9OnIJWfJT50EiSJNoAxbMdki0Fruss9noFNJEt9MjLtE65dqsiUmG5zklEgzUG-Bu7PRZptspnKbFIfNW0Xo2hZzywOKN_3TlnkIp1eXza5hEYAz4YuKUKibWhp1M8pA0=w408-h306-k-no,4.9,Not Available,Software company,"Rue du Lac Biwa, Tunis","Monday, 9 AM to 6 PM,Thursday, 9 AM to 6 PM,Friday, 9 AM to 6 PM,Saturday, Closed,Sunday, Closed",Not Available,https://www.expensya.com/,+33 1 85 09 28 40,"https://lh3.googleusercontent.com/gps-cs-s/AHRPTWliCC9OnIJWfJT50EiSJNoAxbMdki0Fruss9noFNJEt9MjLtE65dqsiUmG5zklEgzUG-Bu7PRZptspnKbFIfNW0Xo2hZzywOKN_3TlnkIp1eXza5hEYAz4YuKUKibWhp1M8pA0=w32-h32-p-k-no,https://lh3.googleusercontent.com/gps-cs-s/AHRPTWliCC9OnIJWfJT50EiSJNoAxbMdki0Fruss9noFNJEt9MjLtE65dqsiUmG5zklEgzUG-Bu7PRZptspnKbFIfNW0Xo2hZzywOKN_3TlnkIp1eXza5hEYAz4YuKUKibWhp1M8pA0=w408-h306-k-no,https://lh3.googleusercontent.com/gps-cs-s/AHRPTWliCC9OnIJWfJT50EiSJNoAxbMdki0Fruss9noFNJEt9MjLtE65dqsiUmG5zklEgzUG-Bu7PRZptspnKbFIfNW0Xo2hZzywOKN_3TlnkIp1eXza5hEYAz4YuKUKibWhp1M8pA0=w397-h298-k-no,https://lh3.googleusercontent.com/gps-cs-s/AHRPTWlse0o9bni1Cq9yDGs5p7dU97uxVPkPQNUbsn3LT4REcEbUKxZXvJgsOKLxxrE6eYOCR3S9PihB_cMCGoHC4dyzVmCEwCt5YNjZ1KQx8NbJNE2dwPrfFAfwJwXaJmUSYvrBcDQS=w224-h398-k-no,https://lh3.googleusercontent.com/a-/ALV-UjUQufuLuoJTHmP_jF7lNvUQhuRVKmpnGkJFjJGbbHf2LJ36y7mNLA=w36-h36-p-rp-mo-ba12-br100,https://lh3.googleusercontent.com/a-/ALV-UjWaLo5NVpvgLSe70Wjz5ekg_FUELN0pGO5qHm3VI_rWIzCjVFaL=w36-h36-p-rp-mo-ba12-br100,https://lh3.googleusercontent.com/a/ACg8ocIGPYzOczW4ZrNfC5zyVQ3jstt3HyAt_A2xXls2zxbp4YX3Mw=w36-h36-p-rp-mo-br100,https://lh3.googleusercontent.com/gps-cs-s/AHRPTWmUOSpYuJARzmg_Ugnma6UiNh6P1H2s7M_1FHTq9SITFhOjFv3tisCeQahBhs98q79J61qoVHE_CPyyePo3nuaDzd9_gT5-cmWU_3yKedmOdTtm_jY4JydKdhsEiYivM-zNS1NnWw=w156-h114-p-k-no,https://lh3.googleusercontent.com/gps-cs-s/AHRPTWmcD3kPwTU2D5RHezCWiYmKMtr1eJfi1mCbnWg2Kcwn0v_fM1AjM4n2OmfT1ICfGKChiCIUbj3LhLb3D7MGq5A6X7GJ46HQOVE8zZ04QevUIKPx0TdjCGx8D9vRsjUiWwDi8uck=w156-h114-p-k-no,https://lh3.googleusercontent.com/gps-cs-s/AHRPTWmtURcqXObwMyivpGCFHzmuYUbSxAPPlwfGtN8eI6oIFCebpIYAU7M7P08UMcmHlAFLkf3Q1ONm6JP49-RdwT9Staqw8qaM4Cnx_nOKLob6ly5yUCI8tE36BjfFZpVmA1gF9KxRQw=w156-h114-p-k-no",36.8314208,10.232271,info.france@medius.com,https://www.facebook.com/ExpensyaFR/,https://twitter.com/Expensya,https://www.instagram.com/expensya/,Not Available,https://www.linkedin.com/company/expensya,"Accessibility,,Wheelchair-accessible car park,,Wheelchair-accessible entrance"
Swiver,https://www.google.com/maps/place/Swiver/data=!4m7!3m6!1s0x12fd35efb88d17d7:0xaada2b66f643d4d0!8m2!3d36.8477616!4d10.1958769!16s%2Fg%2F11h79tpvt1!19sChIJ1xeNuO81_RIR0NRD9mYr2qo?authuser=0&hl=en&rclk=1,https://lh3.googleusercontent.com/gps-cs-s/AHRPTWkbPSJtQOVIsOZSj8Yx0kjmkXpwx_vtfkpiw2PyYgjUXWBdVXcQ8IwqbIOogK_VH06SuRGe-qzeFvXCMctrK5lbqro4JYUwpV7BO-xAo4hXLzvmH6Lgf-A50QXQhj936dwMoJ0P=w426-h240-k-no,4.7,Not Available,Software company,"bureau 1-4 - 1 ère étage Immeuble, New Tower, Tunis 1082","Monday, 8 AM to 3 PM,Thursday, 8 AM to 3:30 PM,Friday, 8 AM to 3 PM,Saturday, Closed,Sunday, Closed",Not Available,https://swiver.io/,36 018 000,"https://lh3.googleusercontent.com/gps-cs-s/AHRPTWkbPSJtQOVIsOZSj8Yx0kjmkXpwx_vtfkpiw2PyYgjUXWBdVXcQ8IwqbIOogK_VH06SuRGe-qzeFvXCMctrK5lbqro4JYUwpV7BO-xAo4hXLzvmH6Lgf-A50QXQhj936dwMoJ0P=w32-h32-p-k-no,https://lh3.googleusercontent.com/gps-cs-s/AHRPTWkbPSJtQOVIsOZSj8Yx0kjmkXpwx_vtfkpiw2PyYgjUXWBdVXcQ8IwqbIOogK_VH06SuRGe-qzeFvXCMctrK5lbqro4JYUwpV7BO-xAo4hXLzvmH6Lgf-A50QXQhj936dwMoJ0P=w426-h240-k-no,https://lh3.googleusercontent.com/gps-cs-s/AHRPTWkbPSJtQOVIsOZSj8Yx0kjmkXpwx_vtfkpiw2PyYgjUXWBdVXcQ8IwqbIOogK_VH06SuRGe-qzeFvXCMctrK5lbqro4JYUwpV7BO-xAo4hXLzvmH6Lgf-A50QXQhj936dwMoJ0P=w529-h298-k-no,https://lh3.googleusercontent.com/gps-cs-s/AHRPTWnbryYIt9eYGQUuTnzjaq129J88KMPqBZ5rnnFQutFw0A4cfGbghDlKTl8bEwrLcQRGCXbH2y89kcN8UILV1vUHX6uJSYnlgfUzpzt1jB10tuiiHRhq_Qj_muieY6DiZEMF-rNUyQ=w529-h298-k-no,https://lh3.googleusercontent.com/gps-cs-s/AHRPTWnq7FGbX9-GKwfDD0xhTbEpdPP5sO02lfOXKLEqepTYjvoGJYLV5uwwjWgeRHbR7r368HYPPYQG6IlNDfZmlOnvuzW1jrVlthH4Cmp-1G7DVJ66Bb6sFORudLrd2FFJKyltI1m24A=w529-h298-k-no,https://lh3.googleusercontent.com/gps-cs-s/AHRPTWkUvLZAeRpVno5lOmz9olqJH0cfF6aCO_PL0mszCj8AvXiaWE-kpJkmatzWRfImQg5ie0ZtVNPhfAz5_OxE3BXB845kennqwYPUUI7VTpbHMeHhDa3VZwjIdLAmMxzwcr7CQW2Y=w447-h298-k-no,https://streetviewpixels-pa.googleapis.com/v1/thumbnail?panoid=uUrNKe9wyNvDz45hQm0E7g&cb_client=maps_sv.tactile.gps&w=224&h=298&yaw=111.37862&pitch=0&thumbfov=100,https://lh3.googleusercontent.com/a-/ALV-UjXEeNKjpzhJMGR3EUJnV0_NfTa7hN3_ION-jJ89Zaxdcvp_tsNVAA=w36-h36-p-rp-mo-ba12-br100,https://lh3.googleusercontent.com/a-/ALV-UjX6_xbNKU7uyApE95s3VmGG_OgTBSWrPRey0RPN-ked5ZMXQ8Ynqw=w36-h36-p-rp-mo-br100,https://lh3.googleusercontent.com/a/ACg8ocKaK7aRO0B_woGao9G5D1CBfuIaWd_rELWpIL-6KkftIXEczg=w36-h36-p-rp-mo-br100,https://lh3.googleusercontent.com/gps-cs-s/AHRPTWmPtjYZSuuEF1FfrXhLAe_08FqaeUW8E3k3PW7NHT5HbDg5tDjHR1_FSDPw9T8Rv9igI62nRHy1NFWA3JUG_cYK0LUisrUle5a2N2xz2JTjn-Vx7aLpOyloS9ccq6zowC244pTUwGK1IqSV=w156-h114-p-k-no",36.8477616,10.1958769,info@swiver.io,//facebook.com/swiver.io,Not Available,//instagram.com/swiver.io,https://www.youtube.com/@swiver4400,https://www.linkedin.com/in/expert-seo-tunisie/,"Accessibility,,Wheelchair-accessible car park,,Wheelchair-accessible entrance,,Wheelchair-accessible seating,,Wheelchair-accessible toilet,    From the business,,Identifies as women-owned"
Campion-Tech,https://www.google.com/maps/place/Campion-Tech/data=!4m7!3m6!1s0x12fd347de5d3fe77:0x6e40c0e44c4e0a35!8m2!3d36.8166478!4d10.1765218!16s%2Fg%2F11hynjrm0d!19sChIJd_7T5X00_RIRNQpOTOTAQG4?authuser=0&hl=en&rclk=1,https://streetviewpixels-pa.googleapis.com/v1/thumbnail?panoid=_lpLdXAOc3rrAVzsxWTpUQ&cb_client=search.gws-prod.gps&w=408&h=240&yaw=86.20244&pitch=0&thumbfov=100,5.0,Not Available,Software company,"21 Av. Des Etats Unis, Tunis 1002","Monday, 8:30 AM to 5:30 PM,Thursday, 8:30 AM to 5:30 PM,Friday, 8:30 AM to 5:30 PM,Saturday, 8:30 AM to 5:30 PM,Sunday, Closed",Not Available,http://campion-tech.com/page/about-us,25 004 924,"https://streetviewpixels-pa.googleapis.com/v1/thumbnail?panoid=_lpLdXAOc3rrAVzsxWTpUQ&cb_client=search.gws-prod.gps&w=86&h=86&yaw=86.20244&pitch=0&thumbfov=100,https://streetviewpixels-pa.googleapis.com/v1/thumbnail?panoid=_lpLdXAOc3rrAVzsxWTpUQ&cb_client=search.gws-prod.gps&w=408&h=240&yaw=86.20244&pitch=0&thumbfov=100,https://streetviewpixels-pa.googleapis.com/v1/thumbnail?panoid=_lpLdXAOc3rrAVzsxWTpUQ&cb_client=maps_sv.tactile.gps&w=224&h=298&yaw=86.20244&pitch=0&thumbfov=100,https://lh3.googleusercontent.com/a-/ALV-UjV7z2rU0EH8BRpBJuxmbql-MkhKNJUphBjh9-zdeSp3UOGKxAmrLQ=w36-h36-p-rp-mo-br100,https://lh3.googleusercontent.com/a-/ALV-UjUXrDWWqCJzCpGJEJADOg3EhIo6u-8R54j7rn-QgCxsK_a4u8Gz=w36-h36-p-rp-mo-br100,https://lh3.googleusercontent.com/a/ACg8ocKKCfASKb7G_UjLsQc4gDrF4ABZpBTrHQd9VPOA4NPqAwgHRQ=w36-h36-p-rp-mo-br100,https://lh3.googleusercontent.com/gps-cs-s/AHRPTWm66nrUwr7pbUJVmTRGzY-5DtLZ1_aMO4eLHC1pRtA75Ky1gPuY7A_euuOnlN0x3Rcp2w_ACzvnOUOgwH4DrqR5s4V00qxUOYcyrMPWtmCiwtYPFRrXJ-shaYfmWe5lDCfYuTaJ=w156-h114-p-k-no,https://lh3.googleusercontent.com/gps-cs-s/AHRPTWkuQoZSVA2uNYEjSm6_oHBANS5bd6BiXfemQlbTGX8N7pEpXq8-BRzA3Tozi6uxWR9ePWCUpUm6hefS8acd6QJKiW3SVj6zLff19YHRx4Zxh4dpIdv921YXyWdjaDfHsLRQDA_0=w156-h114-p-k-no",36.8166478,10.1765218,contact@campion-tech.com,https://www.facebook.com/profile.php?id=100063234939936,Not Available,Not Available,https://www.youtube.com/@campion-tech8638,https://www.linkedin.com/company/campion-tech,Not Available
Mint IT,https://www.google.com/maps/place/Mint+IT/data=!4m7!3m6!1s0x12fd3462c423a087:0xf7426d02d5a0e91f!8m2!3d36.8226638!4d10.1836816!16s%2Fg%2F11bx2lg3q3!19sChIJh6AjxGI0_RIRH-mg1QJtQvc?authuser=0&hl=en&rclk=1,https://lh3.googleusercontent.com/gps-cs-s/AHRPTWnL3ByjD3qn5WXw8VbS1HUWiXdqLbgZO3XlqCmPZU1Zg9_JEB9VobjUXf1L46qwf9tcFaRmgLQcGtDIXG-gt9dKF2ZBFgu8k2tSiOVyk0nwySlXuud7qA-id5TuIzTMm72QzL8=w408-h306-k-no,4.2,Not Available,Software company,"8 Rue du Royaume d'Arabie Saoudite, Tunis 1002","Monday, 9 AM to 6 PM,Thursday, 9 AM to 6 PM,Friday, 9 AM to 6 PM,Saturday, Closed,Sunday, Closed",Not Available,http://www.mintit.io/,71 891 743,"https://lh3.googleusercontent.com/gps-cs-s/AHRPTWnL3ByjD3qn5WXw8VbS1HUWiXdqLbgZO3XlqCmPZU1Zg9_JEB9VobjUXf1L46qwf9tcFaRmgLQcGtDIXG-gt9dKF2ZBFgu8k2tSiOVyk0nwySlXuud7qA-id5TuIzTMm72QzL8=w32-h32-p-k-no,https://lh3.googleusercontent.com/gps-cs-s/AHRPTWnL3ByjD3qn5WXw8VbS1HUWiXdqLbgZO3XlqCmPZU1Zg9_JEB9VobjUXf1L46qwf9tcFaRmgLQcGtDIXG-gt9dKF2ZBFgu8k2tSiOVyk0nwySlXuud7qA-id5TuIzTMm72QzL8=w408-h306-k-no,https://lh3.googleusercontent.com/gps-cs-s/AHRPTWnL3ByjD3qn5WXw8VbS1HUWiXdqLbgZO3XlqCmPZU1Zg9_JEB9VobjUXf1L46qwf9tcFaRmgLQcGtDIXG-gt9dKF2ZBFgu8k2tSiOVyk0nwySlXuud7qA-id5TuIzTMm72QzL8=w397-h298-k-no,https://lh3.googleusercontent.com/gps-cs-s/AHRPTWnLQx6_u817Bq9uWsEGJAOcWfjU4JmYk--ITXHSWK9pT1kEhkWnF_9o8kDH1p9KpCmG1WTUEK853MwbRTFUgAxtvPvvAY8WozTi_a3b-qjBRNfWgKVAJ3IrdlEWjpgGIcJt9IE=w783-h298-k-no,https://lh3.googleusercontent.com/a-/ALV-UjX84fcpUd7dTcy7CPXZYjzx-ggGH8NcgRfNuafPFn06xiKOEIp0hQ=w36-h36-p-rp-mo-ba12-br100,https://lh3.googleusercontent.com/a-/ALV-UjW5gCCvXVlSyC_HeNHx0BKZVEbwF70pW2zYwWz0PGHfcN09mSaKLA=w36-h36-p-rp-mo-ba12-br100,https://lh3.googleusercontent.com/a-/ALV-UjX9efL0I-_nyjC0v5Ob35NUjs7F_12RDvv7Rivto-JNHoBHzKAL=w36-h36-p-rp-mo-br100,https://lh3.googleusercontent.com/gps-cs-s/AHRPTWl4QQX_uYg2wo2ookFqVS-_5pGuKJRO-AwDCectAgO4TjZBxyh8GccnrZxCgh8Qc8YlwnhzZ9-g5G4dCfKvSrnVrRmjvdGaywmgArzevCEThYRRxw8H5bMg8BXZaku7gEA-N70Zgw=w156-h114-p-k-no",36.8226638,10.1836816,contact@mintit.io,Not Available,Not Available,Not Available,Not Available,https://www.linkedin.com/company/mint-it-io/,"Planning,,Appointment required"
Lexa Technologies,https://www.google.com/maps/place/Lexa+Technologies/data=!4m7!3m6!1s0x12fd35727735859f:0xcccc1d1e139bca61!8m2!3d36.8494901!4d10.1981705!16s%2Fg%2F11ykxr0zy2!19sChIJn4U1d3I1_RIRYcqbEx4dzMw?authuser=0&hl=en&rclk=1,https://lh3.googleusercontent.com/gps-cs-s/AHRPTWmRxTDSU0bsn0efU61qPgC2DOslGYalL1YkH0U_Qv3kjGq7KBb32tB6NlMwK_0OtbM_MkSljsrapjc8mcgwHWmwvxMbiC0B3_Z6x7ktuYEyz-8zxBxEvtQQxlX7anumkTcX8cCuOWOHl1c=w408-h270-k-no,5.0,Not Available,Software company,"A1 immeuble Tamayouz 1082, Tunis","Monday, 8 AM to 6 PM,Thursday, 8 AM to 6 PM,Friday, 8 AM to 6 PM,Saturday, 8 AM to 6 PM,Sunday, Closed",Not Available,https://www.lexa.tn/,51 837 690,"https://lh3.googleusercontent.com/gps-cs-s/AHRPTWmRxTDSU0bsn0efU61qPgC2DOslGYalL1YkH0U_Qv3kjGq7KBb32tB6NlMwK_0OtbM_MkSljsrapjc8mcgwHWmwvxMbiC0B3_Z6x7ktuYEyz-8zxBxEvtQQxlX7anumkTcX8cCuOWOHl1c=w32-h32-p-k-no,https://lh3.googleusercontent.com/gps-cs-s/AHRPTWmRxTDSU0bsn0efU61qPgC2DOslGYalL1YkH0U_Qv3kjGq7KBb32tB6NlMwK_0OtbM_MkSljsrapjc8mcgwHWmwvxMbiC0B3_Z6x7ktuYEyz-8zxBxEvtQQxlX7anumkTcX8cCuOWOHl1c=w408-h270-k-no,https://streetviewpixels-pa.googleapis.com/v1/thumbnail?panoid=7S70JWTmoSCKOIZ93DM4cw&cb_client=search.gws-prod.gps&w=211&h=120&yaw=193.19176&pitch=0&thumbfov=100,https://lh3.googleusercontent.com/gps-cs-s/AHRPTWm9-1XjBc2tpH7EnoLMTXL8_D658XI_cZ_X7H31M6JTr4APWc8PpZUmBcxJ8urAM8JP1tWyad0BIchwA6D5EUdSjqH_g7QffhHx4tMCuWqvZPO3ciD3qRl-O2RY8j6PScar--8xQoXz0SY_=w140-h120-k-no,https://lh3.googleusercontent.com/a/ACg8ocILXR_rma8CE1Q-9UA_VTptbVlW0wwEbFsMT7RoZOBnpu1jVw=w36-h36-p-rp-mo-br100",Not Available,Not Available,info@lexa.tn,https://www.facebook.com/lexa.tn,Not Available,https://www.instagram.com/lexa.tn/,Not Available,https://www.linkedin.com/company/lexatechnologies,Not Available
Medius,https://www.google.com/maps/place/Medius/data=!4m7!3m6!1s0x12fd4bb4756b32ef:0x9b5b5e93ea63be5c!8m2!3d36.8314208!4d10.232271!16s%2Fg%2F11j2ns1wzx!19sChIJ7zJrdbRL_RIRXL5j6pNeW5s?authuser=0&hl=en&rclk=1,https://lh3.googleusercontent.com/a-/ALV-UjUQufuLuoJTHmP_jF7lNvUQhuRVKmpnGkJFjJGbbHf2LJ36y7mNLA=w36-h36-p-rp-mo-ba12-br100,4.9,Not Available,Software company,"Rue du Lac Biwa, Tunis","Monday, 9 AM to 6 PM,Thursday, 9 AM to 6 PM,Friday, 9 AM to 6 PM,Saturday, Closed,Sunday, Closed",Not Available,https://www.expensya.com/,+33 1 85 09 28 40,"https://lh3.googleusercontent.com/gps-cs-s/AHRPTWliCC9OnIJWfJT50EiSJNoAxbMdki0Fruss9noFNJEt9MjLtE65dqsiUmG5zklEgzUG-Bu7PRZptspnKbFIfNW0Xo2hZzywOKN_3TlnkIp1eXza5hEYAz4YuKUKibWhp1M8pA0=w32-h32-p-k-no,https://lh3.googleusercontent.com/gps-cs-s/AHRPTWliCC9OnIJWfJT50EiSJNoAxbMdki0Fruss9noFNJEt9MjLtE65dqsiUmG5zklEgzUG-Bu7PRZptspnKbFIfNW0Xo2hZzywOKN_3TlnkIp1eXza5hEYAz4YuKUKibWhp1M8pA0=w408-h306-k-no,https://lh3.googleusercontent.com/gps-cs-s/AHRPTWnTQB9jPnPs4fhR_FvH6EAXhs2sxSYSDoewq2bih-mSbXU10VFfHLXRkoMQDSx_PCzrX9-w4Gf0LcHc8C-TWZg3GWQHd3Z5_6D9OJ5aWXR6isDqJ5uxT3FrXBdcF3j_AhYt56Eq=w360-h480-k-no,https://lh3.googleusercontent.com/a-/ALV-UjUQufuLuoJTHmP_jF7lNvUQhuRVKmpnGkJFjJGbbHf2LJ36y7mNLA=w36-h36-p-rp-mo-ba12-br100,https://lh3.googleusercontent.com/a-/ALV-UjWaLo5NVpvgLSe70Wjz5ekg_FUELN0pGO5qHm3VI_rWIzCjVFaL=w36-h36-p-rp-mo-ba12-br100,https://lh3.googleusercontent.com/a/ACg8ocIGPYzOczW4ZrNfC5zyVQ3jstt3HyAt_A2xXls2zxbp4YX3Mw=w36-h36-p-rp-mo-br100",36.8314208,10.232271,info.france@medius.com,https://www.facebook.com/ExpensyaFR/,https://twitter.com/Expensya,https://www.instagram.com/expensya/,Not Available,https://www.linkedin.com/company/expensya,"Accessibility,,Wheelchair-accessible car park,,Wheelchair-accessible entrance"
Swiver,https://www.google.com/maps/place/Swiver/data=!4m7!3m6!1s0x12fd35efb88d17d7:0xaada2b66f643d4d0!8m2!3d36.8477616!4d10.1958769!16s%2Fg%2F11h79tpvt1!19sChIJ1xeNuO81_RIR0NRD9mYr2qo?authuser=0&hl=en&rclk=1,https://lh3.googleusercontent.com/gps-cs-s/AHRPTWkbPSJtQOVIsOZSj8Yx0kjmkXpwx_vtfkpiw2PyYgjUXWBdVXcQ8IwqbIOogK_VH06SuRGe-qzeFvXCMctrK5lbqro4JYUwpV7BO-xAo4hXLzvmH6Lgf-A50QXQhj936dwMoJ0P=w426-h240-k-no,4.7,Not Available,Software company,"bureau 1-4 - 1 ère étage Immeuble, New Tower, Tunis 1082","Monday, 8 AM to 3 PM,Thursday, 8 AM to 3:30 PM,Friday, 8 AM to 3 PM,Saturday, Closed,Sunday, Closed",Not Available,https://swiver.io/,36 018 000,"https://lh3.googleusercontent.com/gps-cs-s/AHRPTWkbPSJtQOVIsOZSj8Yx0kjmkXpwx_vtfkpiw2PyYgjUXWBdVXcQ8IwqbIOogK_VH06SuRGe-qzeFvXCMctrK5lbqro4JYUwpV7BO-xAo4hXLzvmH6Lgf-A50QXQhj936dwMoJ0P=w32-h32-p-k-no,https://lh3.googleusercontent.com/gps-cs-s/AHRPTWkbPSJtQOVIsOZSj8Yx0kjmkXpwx_vtfkpiw2PyYgjUXWBdVXcQ8IwqbIOogK_VH06SuRGe-qzeFvXCMctrK5lbqro4JYUwpV7BO-xAo4hXLzvmH6Lgf-A50QXQhj936dwMoJ0P=w426-h240-k-no,https://streetviewpixels-pa.googleapis.com/v1/thumbnail?panoid=uUrNKe9wyNvDz45hQm0E7g&cb_client=search.gws-prod.gps&w=211&h=120&yaw=111.37862&pitch=0&thumbfov=100,https://lh3.googleusercontent.com/gps-cs-s/AHRPTWkUvLZAeRpVno5lOmz9olqJH0cfF6aCO_PL0mszCj8AvXiaWE-kpJkmatzWRfImQg5ie0ZtVNPhfAz5_OxE3BXB845kennqwYPUUI7VTpbHMeHhDa3VZwjIdLAmMxzwcr7CQW2Y=w180-h120-k-no,https://lh3.googleusercontent.com/a-/ALV-UjXEeNKjpzhJMGR3EUJnV0_NfTa7hN3_ION-jJ89Zaxdcvp_tsNVAA=w36-h36-p-rp-mo-ba12-br100,https://lh3.googleusercontent.com/a-/ALV-UjX6_xbNKU7uyApE95s3VmGG_OgTBSWrPRey0RPN-ked5ZMXQ8Ynqw=w36-h36-p-rp-mo-br100,https://lh3.googleusercontent.com/a/ACg8ocKaK7aRO0B_woGao9G5D1CBfuIaWd_rELWpIL-6KkftIXEczg=w36-h36-p-rp-mo-br100",36.8477616,10.1958769,info@swiver.io,//facebook.com/swiver.io,Not Available,//instagram.com/swiver.io,https://www.youtube.com/@swiver4400,https://www.linkedin.com/in/expert-seo-tunisie/,"Accessibility,,Wheelchair-accessible car park,,Wheelchair-accessible entrance,,Wheelchair-accessible seating,,Wheelchair-accessible toilet"
Campion-Tech,https://www.google.com/maps/place/Campion-Tech/data=!4m7!3m6!1s0x12fd347de5d3fe77:0x6e40c0e44c4e0a35!8m2!3d36.8166478!4d10.1765218!16s%2Fg%2F11hynjrm0d!19sChIJd_7T5X00_RIRNQpOTOTAQG4?authuser=0&hl=en&rclk=1,https://streetviewpixels-pa.googleapis.com/v1/thumbnail?panoid=_lpLdXAOc3rrAVzsxWTpUQ&cb_client=search.gws-prod.gps&w=408&h=240&yaw=86.20244&pitch=0&thumbfov=100,5.0,Not Available,Software company,"21 Av. Des Etats Unis, Tunis 1002","Monday, 8:30 AM to 5:30 PM,Thursday, 8:30 AM to 5:30 PM,Friday, 8:30 AM to 5:30 PM,Saturday, 8:30 AM to 5:30 PM,Sunday, Closed",Not Available,http://campion-tech.com/page/about-us,25 004 924,"https://streetviewpixels-pa.googleapis.com/v1/thumbnail?panoid=_lpLdXAOc3rrAVzsxWTpUQ&cb_client=search.gws-prod.gps&w=86&h=86&yaw=86.20244&pitch=0&thumbfov=100,https://streetviewpixels-pa.googleapis.com/v1/thumbnail?panoid=_lpLdXAOc3rrAVzsxWTpUQ&cb_client=search.gws-prod.gps&w=408&h=240&yaw=86.20244&pitch=0&thumbfov=100,https://streetviewpixels-pa.googleapis.com/v1/thumbnail?panoid=_lpLdXAOc3rrAVzsxWTpUQ&cb_client=search.gws-prod.gps&w=360&h=120&yaw=86.20244&pitch=0&thumbfov=100,https://lh3.googleusercontent.com/a-/ALV-UjV7z2rU0EH8BRpBJuxmbql-MkhKNJUphBjh9-zdeSp3UOGKxAmrLQ=w36-h36-p-rp-mo-br100,https://lh3.googleusercontent.com/a-/ALV-UjUXrDWWqCJzCpGJEJADOg3EhIo6u-8R54j7rn-QgCxsK_a4u8Gz=w36-h36-p-rp-mo-br100,https://lh3.googleusercontent.com/a/ACg8ocKKCfASKb7G_UjLsQc4gDrF4ABZpBTrHQd9VPOA4NPqAwgHRQ=w36-h36-p-rp-mo-br100",36.8166478,10.1765218,contact@campion-tech.com,https://www.facebook.com/profile.php?id=100063234939936,Not Available,Not Available,https://www.youtube.com/@campion-tech8638,https://www.linkedin.com/company/campion-tech,Not Available
Mint IT,https://www.google.com/maps/place/Mint+IT/data=!4m7!3m6!1s0x12fd3462c423a087:0xf7426d02d5a0e91f!8m2!3d36.8226638!4d10.1836816!16s%2Fg%2F11bx2lg3q3!19sChIJh6AjxGI0_RIRH-mg1QJtQvc?authuser=0&hl=en&rclk=1,https://lh3.googleusercontent.com/gps-cs-s/AHRPTWnL3ByjD3qn5WXw8VbS1HUWiXdqLbgZO3XlqCmPZU1Zg9_JEB9VobjUXf1L46qwf9tcFaRmgLQcGtDIXG-gt9dKF2ZBFgu8k2tSiOVyk0nwySlXuud7qA-id5TuIzTMm72QzL8=w408-h306-k-no,4.2,Not Available,Software company,"8 Rue du Royaume d'Arabie Saoudite, Tunis 1002","Monday, 9 AM to 6 PM,Thursday, 9 AM to 6 PM,Friday, 9 AM to 6 PM,Saturday, Closed,Sunday, Closed",Not Available,http://www.mintit.io/,71 891 743,"https://lh3.googleusercontent.com/gps-cs-s/AHRPTWnL3ByjD3qn5WXw8VbS1HUWiXdqLbgZO3XlqCmPZU1Zg9_JEB9VobjUXf1L46qwf9tcFaRmgLQcGtDIXG-gt9dKF2ZBFgu8k2tSiOVyk0nwySlXuud7qA-id5TuIzTMm72QzL8=w32-h32-p-k-no,https://lh3.googleusercontent.com/gps-cs-s/AHRPTWnL3ByjD3qn5WXw8VbS1HUWiXdqLbgZO3XlqCmPZU1Zg9_JEB9VobjUXf1L46qwf9tcFaRmgLQcGtDIXG-gt9dKF2ZBFgu8k2tSiOVyk0nwySlXuud7qA-id5TuIzTMm72QzL8=w408-h306-k-no,https://lh3.googleusercontent.com/gps-cs-s/AHRPTWn9UsYjPyfRJlvzFLI1NuRWMiv-WZJZr0mufL787iddyeE2Q3EeZhO3EJhnDQs1UPM-wgTzPg4LGovhcQ9492UFk1Fh7Ee6-NxAmwXFU9-lp1m9-XnEeYvtFZ_7ND27gDDANe4=w360-h480-k-no,https://lh3.googleusercontent.com/a-/ALV-UjX84fcpUd7dTcy7CPXZYjzx-ggGH8NcgRfNuafPFn06xiKOEIp0hQ=w36-h36-p-rp-mo-ba12-br100,https://lh3.googleusercontent.com/a-/ALV-UjW5gCCvXVlSyC_HeNHx0BKZVEbwF70pW2zYwWz0PGHfcN09mSaKLA=w36-h36-p-rp-mo-ba12-br100,https://lh3.googleusercontent.com/a-/ALV-UjX9efL0I-_nyjC0v5Ob35NUjs7F_12RDvv7Rivto-JNHoBHzKAL=w36-h36-p-rp-mo-br100",36.8226638,10.1836816,contact@mintit.io,Not Available,Not Available,Not Available,Not Available,https://www.linkedin.com/company/mint-it-io/,Not Available
Cynoia,https://www.google.com/maps/place/Cynoia/data=!4m7!3m6!1s0x12fd330709caac7d:0x5201e6dd3d8a5b91!8m2!3d36.8493508!4d10.27511!16s%2Fg%2F11fqksyd3h!19sChIJfazKCQcz_RIRkVuKPd3mAVI?authuser=0&hl=en&rclk=1,https://lh3.googleusercontent.com/gps-cs-s/AHRPTWmcD3kPwTU2D5RHezCWiYmKMtr1eJfi1mCbnWg2Kcwn0v_fM1AjM4n2OmfT1ICfGKChiCIUbj3LhLb3D7MGq5A6X7GJ46HQOVE8zZ04QevUIKPx0TdjCGx8D9vRsjUiWwDi8uck=w408-h306-k-no,4.8,Not Available,Software company,"Cité les pins, Rue de la fleur d'érable, Tunis 1053","Monday, 8 AM to 6 PM,Thursday, 8 AM to 6 PM,Friday, 8 AM to 6 PM,Saturday, Closed,Sunday, Closed",Not Available,https://cynoia.com/,Not Available,"https://lh3.googleusercontent.com/gps-cs-s/AHRPTWmcD3kPwTU2D5RHezCWiYmKMtr1eJfi1mCbnWg2Kcwn0v_fM1AjM4n2OmfT1ICfGKChiCIUbj3LhLb3D7MGq5A6X7GJ46HQOVE8zZ04QevUIKPx0TdjCGx8D9vRsjUiWwDi8uck=w32-h32-p-k-no,https://lh3.googleusercontent.com/gps-cs-s/AHRPTWmcD3kPwTU2D5RHezCWiYmKMtr1eJfi1mCbnWg2Kcwn0v_fM1AjM4n2OmfT1ICfGKChiCIUbj3LhLb3D7MGq5A6X7GJ46HQOVE8zZ04QevUIKPx0TdjCGx8D9vRsjUiWwDi8uck=w408-h306-k-no,https://lh3.googleusercontent.com/gps-cs-s/AHRPTWk4LSF1akSUBff7K5b678g1dDaGkH7D8MNcK9l37Lk7HkhZEKwqyie9OOSNHHi9lCXKPMEoCrzaVecG-SJjQmxaoBNiEnIlNpUyd-3H3tXWPVPjnS5mwJ8iH12UMx0UF3NM9fD0=w360-h480-k-no,https://lh3.googleusercontent.com/a-/ALV-UjW2lWKlSo2nFFsepL6EufcGIv2ntzNTgJwntYSfsLo-gHodHaaf=w36-h36-p-rp-mo-br100,https://lh3.googleusercontent.com/a-/ALV-UjWM-4pIP7sq9m_5OOimx5CiNQZhVM_rbljx1c0ASjblRrm1Xz2f=w36-h36-p-rp-mo-br100,https://lh3.googleusercontent.com/a-/ALV-UjW7IQz9nu6PRmlrBSjhU8va5LPczipFNKDRUwMYbZK6cviQ6CjD=w36-h36-p-rp-mo-br100",36.8493508,10.27511,Contact@cynoia.com,https://www.facebook.com/cynoia,Not Available,https://www.instagram.com/cynoiateam/,https://www.youtube.com/@cynoia,https://www.linkedin.com/company/cynoia/,Not Available
Logidas - Éditeur d'ERP,https://www.google.com/maps/place/Logidas+-+%C3%89diteur+d%27ERP/data=!4m7!3m6!1s0x12fd353d9bf06b45:0xa21ae7e4e1d8e4d2!8m2!3d36.8352354!4d10.2294441!16s%2Fg%2F11bwpyhrsr!19sChIJRWvwmz01_RIR0uTY4eTnGqI?authuser=0&hl=en&rclk=1,https://lh3.googleusercontent.com/gps-cs-s/AHRPTWnxtJLcQlZxCRTk7k-66j7Xk9HnlhPvzW8MX8dW6d0sy5TrpGqvCQtt4kJPPG894oCQrCwhq9dOFT-tosJkmZTiqf6-C4k4M-mL-c2nQVxrrcsPXDwVhtpKAOXEtAO31BzPYQ5Umw=w408-h306-k-no,4.3,Not Available,Software company,"Rue du Lac Malaren, Immeuble ayam, Les Berges du Lac 1053 Tunis, Tunis 1053","Monday, 8 AM to 5 PM,Thursday, 8 AM to 5 PM,Friday, 8 AM to 5 PM,Saturday, Closed,Sunday, Closed",Not Available,http://www.logidas.com/,71 960 626,"https://lh3.googleusercontent.com/gps-cs-s/AHRPTWnxtJLcQlZxCRTk7k-66j7Xk9HnlhPvzW8MX8dW6d0sy5TrpGqvCQtt4kJPPG894oCQrCwhq9dOFT-tosJkmZTiqf6-C4k4M-mL-c2nQVxrrcsPXDwVhtpKAOXEtAO31BzPYQ5Umw=w32-h32-p-k-no,https://lh3.googleusercontent.com/gps-cs-s/AHRPTWnxtJLcQlZxCRTk7k-66j7Xk9HnlhPvzW8MX8dW6d0sy5TrpGqvCQtt4kJPPG894oCQrCwhq9dOFT-tosJkmZTiqf6-C4k4M-mL-c2nQVxrrcsPXDwVhtpKAOXEtAO31BzPYQ5Umw=w408-h306-k-no,https://lh3.googleusercontent.com/gps-cs-s/AHRPTWkQ40DJeczMf4e2yoCeGez64M_eHlrTItov3bKM_WM6kzUxtZF7Y8P3cO7J4qp1xg-Qqi0qZheuPuzoOU8iU904jAVgHcIsx667zwB_6NhrsMh1xta5Xl_Mbk2GN6MMTtAn5y3C2A=w360-h480-k-no,https://lh3.googleusercontent.com/a/ACg8ocKm362oyAkahy3KJdPtYRGmZIcSSC2hYxvHwMB4D7GUMDlluw=w36-h36-p-rp-mo-br100,https://lh3.googleusercontent.com/a-/ALV-UjVSZHBE1h79ayRiAuzYAZlez5CezVzOlct9va_hBJxZq--psTut=w36-h36-p-rp-mo-ba12-br100,https://lh3.googleusercontent.com/a/ACg8ocIoY42XHjHt_2A0BxFz1jMySXPPmOGFlHR6BqlaFSGMQKLfV7A=w36-h36-p-rp-mo-br100",36.8352354,10.2294441,Not Available,Not Available,Not Available,Not Available,Not Available,Not Available,Not Available
Oolab Tunisia,https://www.google.com/maps/place/Oolab+Tunisia/data=!4m7!3m6!1s0x12fd35bf332a4f0b:0x4dbd3e2bcd923a9a!8m2!3d36.8321748!4d10.177528!16s%2Fg%2F11n0ddn86_!19sChIJC08qM781_RIRmjqSzSs-vU0?authuser=0&hl=en&rclk=1,https://lh3.googleusercontent.com/gps-cs-s/AHRPTWmM12xmkazM-dKIC1QLzjxWdj46TMEi1rTXuSpE3IduuqH4C6ot37uxNe5xejIYXQ7NtvkN-Qls_-D-3kyo450jbVy49AjrWqZSlkUIvxfbNKEWpcS8txO4xAe7rouXPCc_ur6c=w960-h240-k-no,4.1,Not Available,Software company,"Rue El Mahrajene, Tunis 1082","Monday, 8:30 AM to 5:30 PM,Thursday, 8:30 AM to 5:30 PM,Friday, 8:30 AM to 5:30 PM,Saturday, Closed,Sunday, Closed",Not Available,https://www.oodrive.com/fr/,71 781 187,"https://lh3.googleusercontent.com/gps-cs-s/AHRPTWmM12xmkazM-dKIC1QLzjxWdj46TMEi1rTXuSpE3IduuqH4C6ot37uxNe5xejIYXQ7NtvkN-Qls_-D-3kyo450jbVy49AjrWqZSlkUIvxfbNKEWpcS8txO4xAe7rouXPCc_ur6c=w32-h32-p-k-no,https://lh3.googleusercontent.com/gps-cs-s/AHRPTWmM12xmkazM-dKIC1QLzjxWdj46TMEi1rTXuSpE3IduuqH4C6ot37uxNe5xejIYXQ7NtvkN-Qls_-D-3kyo450jbVy49AjrWqZSlkUIvxfbNKEWpcS8txO4xAe7rouXPCc_ur6c=w960-h240-k-no,https://lh3.googleusercontent.com/gps-cs-s/AHRPTWmJhqaAsY9XWr06HrWoyouLl1meX2_QoihsqzTqCkZXusY60-NO6kxsXTfFYBAQGRMuxqCrf7bTM1H2DiSnQkvSSsmK0FPIiqXJIpBDTc1evuTuAlJPGpte5V9sahB1FqSknd23=w360-h402-k-no,https://lh3.googleusercontent.com/a/ACg8ocLHc6NEfDP5oCnDtJ4QicVB9BVN5GO8O0jSpgFd7RG-J9dcxYzc=w36-h36-p-rp-mo-ba12-br100,https://lh3.googleusercontent.com/a/ACg8ocI_TEO5tCgsEheLsPUgBkIUqNQ2yBYSxwR6mIJ-QM9h8fGO=w36-h36-p-rp-mo-br100,https://lh3.googleusercontent.com/a/ACg8ocKwrmI4YBlSEHiKkCeLfrmEcC42h_I_urNXYujYsC641NmT3A=w36-h36-p-rp-mo-br100",36.8321748,10.177528,Not Available,Not Available,https://twitter.com/oodriveofficiel?lang=fr,Not Available,https://www.youtube.com/channel/UCE_BSEiHmDgKvCV0YvU0oPQ,https://www.linkedin.com/company/oodrive/?originalSubdomain=fr,"Accessibility,,Assistive hearing loop,,Wheelchair-accessible car park,,Wheelchair-accessible entrance,,Wheelchair-accessible seating,,Wheelchair-accessible toilet"
STEPS,https://www.google.com/maps/place/STEPS/data=!4m7!3m6!1s0x12fd4ab16f91054b:0x721bd0c126b87ddb!8m2!3d36.8313958!4d10.3083047!16s%2Fg%2F11dzdsqpsy!19sChIJSwWRb7FK_RIR2324JsHQG3I?authuser=0&hl=en&rclk=1,https://lh3.googleusercontent.com/gps-cs-s/AHRPTWnr1aTjXvvITOsaSRhmniDRRWArxfg6jYV52jFmhP1_DxxNsYelvquRDK9lrpZcaWzL4WMvYGenGipPA-zv7nRvNfOr9gRAiNcFrY2_wy41qan8pvKohp5T3lE38nC2DnO-8aERJw=w792-h240-k-no,4.9,Not Available,Software company,"Résidence NET GLASS , Z.I kheireddine, 2015","Monday, 8 AM to 5 PM,Thursday, 8 AM to 5 PM,Friday, 8 AM to 5 PM,Saturday, Closed,Sunday, Closed",Not Available,https://www.steps.tn/,31 318 701,"https://lh3.googleusercontent.com/gps-cs-s/AHRPTWnr1aTjXvvITOsaSRhmniDRRWArxfg6jYV52jFmhP1_DxxNsYelvquRDK9lrpZcaWzL4WMvYGenGipPA-zv7nRvNfOr9gRAiNcFrY2_wy41qan8pvKohp5T3lE38nC2DnO-8aERJw=w32-h32-p-k-no,https://lh3.googleusercontent.com/gps-cs-s/AHRPTWnr1aTjXvvITOsaSRhmniDRRWArxfg6jYV52jFmhP1_DxxNsYelvquRDK9lrpZcaWzL4WMvYGenGipPA-zv7nRvNfOr9gRAiNcFrY2_wy41qan8pvKohp5T3lE38nC2DnO-8aERJw=w792-h240-k-no,https://lh3.googleusercontent.com/gps-cs-s/AHRPTWnr1aTjXvvITOsaSRhmniDRRWArxfg6jYV52jFmhP1_DxxNsYelvquRDK9lrpZcaWzL4WMvYGenGipPA-zv7nRvNfOr9gRAiNcFrY2_wy41qan8pvKohp5T3lE38nC2DnO-8aERJw=w396-h120-k-no,https://lh3.googleusercontent.com/a-/ALV-UjWOfj_PiuuZajEdQE3wXVr7qdHUXMMhHj4cuf4W-S-TnSJWxRqB=w36-h36-p-rp-mo-br100,https://lh3.googleusercontent.com/a/ACg8ocJ7T3I9Yemb6CBH5sm01kE26xRwj_7tacHE5ZMymZsx9jIhWdVs=w36-h36-p-rp-mo-ba12-br100,https://lh3.googleusercontent.com/a-/ALV-UjWq8Mh7lIatieCkt42NmREILz0Azi3VAv1bESxzET2KxytKakSO=w36-h36-p-rp-mo-br100",36.8313958,10.3083047,contact@steps.tn,https://www.facebook.com/Steps.tn/,http://twitter.com/intent/tweet?text=You Need to Think Twice about Data Strategy! https://steps.tn/you-need-to-think-twice-about-data-strategy/,https://www.instagram.com/stepstn/,Not Available,https://www.linkedin.com/company/stepstn/,Not Available
Ingenius IT - Société informatique Tunisie,https://www.google.com/maps/place/Ingenius+IT+-+Soci%C3%A9t%C3%A9+informatique+Tunisie/data=!4m7!3m6!1s0x12fd33056c5828d5:0xc0061a0f77167288!8m2!3d36.857604!4d10.1581233!16s%2Fg%2F11krgxmqpr!19sChIJ1ShYbAUz_RIRiHIWdw8aBsA?authuser=0&hl=en&rclk=1,https://lh3.googleusercontent.com/gps-cs-s/AHRPTWmdLD1yAyBwJ5fSqDy2hTDQUhAc1s003te6QVzPv1CWPbqMwbmRFKhK2RkgvXo82M7NYcLgoxOlO-yIQMNJL2pN0XGYRqwasPOTw1tP-EVsbc8m4XA9pc-KqBgkEufP176srr8Y=w408-h306-k-no,4.8,Not Available,Computer security service,"ENNASR 2, immeuble L'ALKAZAR, Appartement d5-2, Ariana 2037","Monday, 8 AM to 10 PM,Thursday, 8 AM to 10 PM,Friday, 8 AM to 10 PM,Saturday, 8 AM to 5 PM,Sunday, Closed",Not Available,https://ingeniusit.com/,92 682 923,"https://lh3.googleusercontent.com/gps-cs-s/AHRPTWmdLD1yAyBwJ5fSqDy2hTDQUhAc1s003te6QVzPv1CWPbqMwbmRFKhK2RkgvXo82M7NYcLgoxOlO-yIQMNJL2pN0XGYRqwasPOTw1tP-EVsbc8m4XA9pc-KqBgkEufP176srr8Y=w32-h32-p-k-no,https://lh3.googleusercontent.com/gps-cs-s/AHRPTWmdLD1yAyBwJ5fSqDy2hTDQUhAc1s003te6QVzPv1CWPbqMwbmRFKhK2RkgvXo82M7NYcLgoxOlO-yIQMNJL2pN0XGYRqwasPOTw1tP-EVsbc8m4XA9pc-KqBgkEufP176srr8Y=w408-h306-k-no,https://lh3.googleusercontent.com/gps-cs-s/AHRPTWnT-jp7z5e2E-eEXljT9CpmBNxupsgd3OjkVIIIXgebcidbBj_npxwDAEaCOqXeRNJF9jLXVqpNvpcTTpeHd2n0aFlF9eibHggY984wkiEYGvhjF4JtmEZ_N49QKtEh4V5mPw_6=w360-h480-k-no,https://lh3.googleusercontent.com/a/ACg8ocKiwky2cumZ2pbjoS29YlEHCcObDfKMuwooL244SgLeG1rCCw=w36-h36-p-rp-mo-br100,https://lh3.googleusercontent.com/a-/ALV-UjWdq-lJp1eFdj353XuGdmGo8iw-oQ-qrCk-Raj1443qeeXJgPM=w36-h36-p-rp-mo-br100,https://lh3.googleusercontent.com/a-/ALV-UjVHqbDc1NAKV_N1C-Qy9UuJUYaENsoIV0sBB18VQ6FSQMCEc5Q=w36-h36-p-rp-mo-br100",36.857604,10.1581233,contact@ingeniusit.com,Not Available,Not Available,Not Available,Not Available,Not Available,Not Available
Prodware Tunisia,https://www.google.com/maps/place/Prodware+Tunisia/data=!4m7!3m6!1s0x12fd348efb78fab1:0x5156afc28691f2be!8m2!3d36.824395!4d10.1846616!16s%2Fg%2F11b6gqvx65!19sChIJsfp4-440_RIRvvKRhsKvVlE?authuser=0&hl=en&rclk=1,https://streetviewpixels-pa.googleapis.com/v1/thumbnail?panoid=jhWFnyVl4-YH-UZfF4LNHg&cb_client=search.gws-prod.gps&w=408&h=240&yaw=241.83846&pitch=0&thumbfov=100,5.0,Not Available,Software company,"2ème étage، 44 Rue Ibn Charaf, Tunis 1002","Monday, 8:30 AM to 6 PM,Thursday, 8:30 AM to 6 PM,Friday, 8:30 AM to 6 PM,Saturday, Closed,Sunday, Closed",Not Available,https://sinopesoft.com/,70 297 062,"https://streetviewpixels-pa.googleapis.com/v1/thumbnail?panoid=jhWFnyVl4-YH-UZfF4LNHg&cb_client=search.gws-prod.gps&w=86&h=86&yaw=241.83846&pitch=0&thumbfov=100,https://streetviewpixels-pa.googleapis.com/v1/thumbnail?panoid=jhWFnyVl4-YH-UZfF4LNHg&cb_client=search.gws-prod.gps&w=408&h=240&yaw=241.83846&pitch=0&thumbfov=100,https://streetviewpixels-pa.googleapis.com/v1/thumbnail?panoid=jhWFnyVl4-YH-UZfF4LNHg&cb_client=search.gws-prod.gps&w=360&h=120&yaw=241.83846&pitch=0&thumbfov=100,https://lh3.googleusercontent.com/a-/ALV-UjXRH3LyBJrCByEeBKrlmXpul5TML0crHlNKfILTLiAQDayTw5lE=w36-h36-p-rp-mo-br100",36.824395,10.1846616,Not Available,Not Available,Not Available,Not Available,Not Available,Not Available,Not Available
VERMEG Tunisia,https://www.google.com/maps/place/VERMEG+Tunisia/data=!4m7!3m6!1s0x12fd351432affb6b:0xa2369429e6a98662!8m2!3d36.8313079!4d10.2327599!16s%2Fg%2F1tk407c8!19sChIJa_uvMhQ1_RIRYoap5imUNqI?authuser=0&hl=en&rclk=1,https://lh3.googleusercontent.com/gps-cs-s/AHRPTWkORE0iDKSa-lflifTnLvlmSHX2LMCbOioRRqY4UyZfEJTbms4PDwQ5Dk2c-dPPwxYW5D9f_V-EAZLNU2JphHtuZGIco_AiE2sLGnhHubCzQPEYaA6OFPwKJbFuOyOuFE1OILGTkw=w408-h271-k-no,3.9,Not Available,Software company,"Rue du Lac Biwa, Tunis 1053","Monday, 8:30 AM to 6 PM,Thursday, 8:30 AM to 6 PM,Friday, 8:30 AM to 6 PM,Saturday, Closed,Sunday, Closed",Not Available,http://www.vermeg.com/,71 160 600,"https://lh3.googleusercontent.com/gps-cs-s/AHRPTWkORE0iDKSa-lflifTnLvlmSHX2LMCbOioRRqY4UyZfEJTbms4PDwQ5Dk2c-dPPwxYW5D9f_V-EAZLNU2JphHtuZGIco_AiE2sLGnhHubCzQPEYaA6OFPwKJbFuOyOuFE1OILGTkw=w32-h32-p-k-no,https://lh3.googleusercontent.com/gps-cs-s/AHRPTWkORE0iDKSa-lflifTnLvlmSHX2LMCbOioRRqY4UyZfEJTbms4PDwQ5Dk2c-dPPwxYW5D9f_V-EAZLNU2JphHtuZGIco_AiE2sLGnhHubCzQPEYaA6OFPwKJbFuOyOuFE1OILGTkw=w408-h271-k-no,https://lh3.googleusercontent.com/gps-cs-s/AHRPTWk9GkKJjVVnFDt1jSrPFaiDEcygnpSETI4czE5n_-a3ejX5ddAGjXItAsfISy2EqcmQsQjx6hstKWEt_bjdSS9ZGwwnK7PFoyoog6KXBWUDnKALtNXz4rbTYVXJ9i6mOkmy_HWMJGDi8FdM=w360-h800-k-no,https://lh3.googleusercontent.com/a/ACg8ocLc16xYAb1ZuNssMvDmd7YyfIwAFYeLUGPMhVzeKsJ81Re2Uw=w36-h36-p-rp-mo-br100,https://lh3.googleusercontent.com/a-/ALV-UjWqdgETP0hIpHN4WpbKlaq6nKWRFK0VLqTEp0mVG5ujepTPuEz4=w36-h36-p-rp-mo-ba12-br100,https://lh3.googleusercontent.com/a-/ALV-UjU1GH0PBxeaQVni8TCOQ5n8uAMx6aK072UF0XeV2HVjPofdVws_RA=w36-h36-p-rp-mo-ba12-br100",36.8313079,10.2327599,communication@vermeg.com,https://www.facebook.com/Vermeg/,Not Available,Not Available,https://www.youtube.com/@vermeg5665,https://www.linkedin.com/company/vermeg,"Accessibility,,Wheelchair-accessible entrance"
CYBERESA,https://www.google.com/maps/place/CYBERESA/data=!4m7!3m6!1s0x12e2cb3448fbffff:0xffcf789998c7310c!8m2!3d36.8485801!4d10.2008475!16s%2Fg%2F1ygvsvbb9!19sChIJ___7SDTL4hIRDDHHmJl4z_8?authuser=0&hl=en&rclk=1,https://lh3.googleusercontent.com/gps-cs-s/AHRPTWmEtk06BXq36FVwxvGCOKzwxOeDyfG0tFkYiqPyVEbeERgXLb3-f3_TLPPvrRGm4XC0FVy6E9ge4StByV456EiHhRodYB3kzFwPt2af2GsEm3JgiZLIwGe6sxdPUSFIxWtlR2J0sg=w408-h262-k-no,4.7,Not Available,Software company,"Golden Tower, Centre Urbain Nord, Bloc B, 7ème Etage , Appt7-8, Tunis 1082","Monday, 8:30 AM to 5:30 PM,Thursday, 8:30 AM to 5:30 PM,Friday, 8:30 AM to 5:30 PM,Saturday, 8:30 AM to 12:30 PM,Sunday, Closed",Not Available,http://www.cyberesa.net/,71 947 401,"https://lh3.googleusercontent.com/gps-cs-s/AHRPTWmEtk06BXq36FVwxvGCOKzwxOeDyfG0tFkYiqPyVEbeERgXLb3-f3_TLPPvrRGm4XC0FVy6E9ge4StByV456EiHhRodYB3kzFwPt2af2GsEm3JgiZLIwGe6sxdPUSFIxWtlR2J0sg=w32-h32-p-k-no,https://lh3.googleusercontent.com/gps-cs-s/AHRPTWmEtk06BXq36FVwxvGCOKzwxOeDyfG0tFkYiqPyVEbeERgXLb3-f3_TLPPvrRGm4XC0FVy6E9ge4StByV456EiHhRodYB3kzFwPt2af2GsEm3JgiZLIwGe6sxdPUSFIxWtlR2J0sg=w408-h262-k-no,https://lh3.googleusercontent.com/gps-cs-s/AHRPTWmMwRrpZyTQ4GzNHbuFsBa97BrKYSvXwUPYAKlcuItuu04QfGBV7ryIbb8qIshSsBrStpGi2QNmC8Bh9lexbCUaw-AhP8eCEGSc13fbApSBix3qyrcz8oqEDExA354ycTGOMUp1Wg=w360-h360-k-no,https://lh3.googleusercontent.com/a-/ALV-UjWAmvokvEkK3T-ZL_rfVZwTlwNnYADHE86-n58f_znr5xiWzzsxbA=w36-h36-p-rp-mo-ba12-br100,https://lh3.googleusercontent.com/a-/ALV-UjU43i8AD02kDNith0GieVFOYfkiZ0f9BdCJk8fS0uCBNDO_xb_8=w36-h36-p-rp-mo-br100,https://lh3.googleusercontent.com/a-/ALV-UjV-r4JbxeIJBisEOzGqfult8DMQSz-fgSemHwOAoKz33Q91qR80=w36-h36-p-rp-mo-br100",36.8485801,10.2008475,info@cyberesa.net,https://www.facebook.com/cyberesa.sarl/,Not Available,Not Available,Not Available,https://www.linkedin.com/company/cyberesa/,Not Available
DECADE Tunisie,https://www.google.com/maps/place/DECADE+Tunisie/data=!4m7!3m6!1s0x12fd34f34884a3a1:0x57c31930c6a5f264!8m2!3d36.8206372!4d10.1917976!16s%2Fg%2F11cmx68lnn!19sChIJoaOESPM0_RIRZPKlxjAZw1c?authuser=0&hl=en&rclk=1,https://lh3.googleusercontent.com/a/ACg8ocIhjijna1icdoEBo-6JXaH6owjZzgNp93hvMm1vM8Lsl75fmA=w36-h36-p-rp-mo-ba12-br100,5.0,Not Available,Software company,"R5CR+6PP, Tunis","Monday, 8 AM to 3 PM,Thursday, 8 AM to 3 PM,Friday, Closed,Saturday, Closed,Sunday, Closed",Not Available,Not Available,Not Available,"https://lh3.googleusercontent.com/a/ACg8ocIhjijna1icdoEBo-6JXaH6owjZzgNp93hvMm1vM8Lsl75fmA=w36-h36-p-rp-mo-ba12-br100,https://lh3.googleusercontent.com/a-/ALV-UjVHDy1uGB2uMPSQ6ON9tVIXdGxrQudnPU3JmZT9IgTxGPuBz-aD=w36-h36-p-rp-mo-ba12-br100,https://lh3.googleusercontent.com/a-/ALV-UjUEVpuY4pF0UdEG3EzKDC17BCYIYpoGwdAKvKITm3zf793Af_4=w36-h36-p-rp-mo-br100",36.8206372,10.1917976,Not Available,Not Available,Not Available,Not Available,Not Available,Not Available,Not Available
Think Tank Business Solutions,https://www.google.com/maps/place/Think+Tank+Business+Solutions/data=!4m7!3m6!1s0x12fd34920e71b483:0x985d415d13001903!8m2!3d36.8274272!4d10.1884337!16s%2Fg%2F11g87htzp4!19sChIJg7RxDpI0_RIRAxkAE11BXZg?authuser=0&hl=en&rclk=1,https://lh3.googleusercontent.com/gps-cs-s/AHRPTWl5_d4khfvL-Fdj7_k7chkXfpC47iRvwR0CdQJA9rPHkSLE-Fso01ug6u9qF5P9pvGK-G8Ksl1TQfMqN_W-k9Xape4ocFy6ZADKVOikLlApPx9bvrKuBklugJOjD4gJQbQypbzd=w408-h306-k-no,4.8,Not Available,Software company,"Angle Rue Najachi, Rue Ibn Charaf, Tunis 1002","Monday, 8 AM to 6 PM,Thursday, 8 AM to 6 PM,Friday, 8 AM to 6 PM,Saturday, Closed,Sunday, Closed",Not Available,http://www.thinktank.de/,71 784 726,"https://lh3.googleusercontent.com/gps-cs-s/AHRPTWl5_d4khfvL-Fdj7_k7chkXfpC47iRvwR0CdQJA9rPHkSLE-Fso01ug6u9qF5P9pvGK-G8Ksl1TQfMqN_W-k9Xape4ocFy6ZADKVOikLlApPx9bvrKuBklugJOjD4gJQbQypbzd=w32-h32-p-k-no,https://lh3.googleusercontent.com/gps-cs-s/AHRPTWl5_d4khfvL-Fdj7_k7chkXfpC47iRvwR0CdQJA9rPHkSLE-Fso01ug6u9qF5P9pvGK-G8Ksl1TQfMqN_W-k9Xape4ocFy6ZADKVOikLlApPx9bvrKuBklugJOjD4gJQbQypbzd=w408-h306-k-no,https://lh3.googleusercontent.com/gps-cs-s/AHRPTWmPXx_YNFfWaeO14qNIRFpKTcfNduuZBckBp2Cq5OygGjjCZ8cweFuAMUtvVoPI1snCsHFInkGjWIJTPWotf1E1Gg6pG6Z8cC1owL2EJ3oso2lIiZULJ11Vrohsm1QNzeiVisqXZg=w360-h244-k-no,https://lh3.googleusercontent.com/a-/ALV-UjWufXYFpZ5uwCtt7FyW-WFX_YzCVZv8kVZavz30vqcVliYlzJWt=w36-h36-p-rp-mo-br100,https://lh3.googleusercontent.com/a-/ALV-UjV3hpggnDy2fpVcBRGg7EMnF9LF5mdg-w-exvWreVzMrLfKMsI=w36-h36-p-rp-mo-br100,https://lh3.googleusercontent.com/a/ACg8ocIVg6LVmfwPlxKOYg2FXLRICqLVeftniVR0hI1zBBENmQWsxA=w36-h36-p-rp-mo-br100",36.8274272,10.1884337,name@example.com,Not Available,Not Available,Not Available,Not Available,https://www.linkedin.com/company/think-tank-business-solutions/,Not Available
Lexa Technologies,https://www.google.com/maps/place/Lexa+Technologies/data=!4m7!3m6!1s0x12fd35727735859f:0xcccc1d1e139bca61!8m2!3d36.8494901!4d10.1981705!16s%2Fg%2F11ykxr0zy2!19sChIJn4U1d3I1_RIRYcqbEx4dzMw?authuser=0&hl=en&rclk=1,https://lh3.googleusercontent.com/gps-cs-s/AHRPTWmRxTDSU0bsn0efU61qPgC2DOslGYalL1YkH0U_Qv3kjGq7KBb32tB6NlMwK_0OtbM_MkSljsrapjc8mcgwHWmwvxMbiC0B3_Z6x7ktuYEyz-8zxBxEvtQQxlX7anumkTcX8cCuOWOHl1c=w408-h270-k-no,5.0,Not Available,Software company,"A1 immeuble Tamayouz 1082, Tunis","Monday, 8 AM to 6 PM,Thursday, 8 AM to 6 PM,Friday, 8 AM to 6 PM,Saturday, 8 AM to 6 PM,Sunday, Closed",Not Available,https://www.lexa.tn/,51 837 690,"https://lh3.googleusercontent.com/gps-cs-s/AHRPTWmRxTDSU0bsn0efU61qPgC2DOslGYalL1YkH0U_Qv3kjGq7KBb32tB6NlMwK_0OtbM_MkSljsrapjc8mcgwHWmwvxMbiC0B3_Z6x7ktuYEyz-8zxBxEvtQQxlX7anumkTcX8cCuOWOHl1c=w32-h32-p-k-no,https://lh3.googleusercontent.com/gps-cs-s/AHRPTWmRxTDSU0bsn0efU61qPgC2DOslGYalL1YkH0U_Qv3kjGq7KBb32tB6NlMwK_0OtbM_MkSljsrapjc8mcgwHWmwvxMbiC0B3_Z6x7ktuYEyz-8zxBxEvtQQxlX7anumkTcX8cCuOWOHl1c=w408-h270-k-no,https://lh3.googleusercontent.com/gps-cs-s/AHRPTWmRxTDSU0bsn0efU61qPgC2DOslGYalL1YkH0U_Qv3kjGq7KBb32tB6NlMwK_0OtbM_MkSljsrapjc8mcgwHWmwvxMbiC0B3_Z6x7ktuYEyz-8zxBxEvtQQxlX7anumkTcX8cCuOWOHl1c=w449-h298-k-no,https://lh3.googleusercontent.com/gps-cs-s/AHRPTWm9-1XjBc2tpH7EnoLMTXL8_D658XI_cZ_X7H31M6JTr4APWc8PpZUmBcxJ8urAM8JP1tWyad0BIchwA6D5EUdSjqH_g7QffhHx4tMCuWqvZPO3ciD3qRl-O2RY8j6PScar--8xQoXz0SY_=w348-h298-k-no,https://streetviewpixels-pa.googleapis.com/v1/thumbnail?panoid=7S70JWTmoSCKOIZ93DM4cw&cb_client=maps_sv.tactile.gps&w=224&h=298&yaw=193.19176&pitch=0&thumbfov=100,https://lh3.googleusercontent.com/a/ACg8ocILXR_rma8CE1Q-9UA_VTptbVlW0wwEbFsMT7RoZOBnpu1jVw=w36-h36-p-rp-mo-br100",36.8494901,10.1981705,info@lexa.tn,https://www.facebook.com/lexa.tn,Not Available,https://www.instagram.com/lexa.tn/,Not Available,https://www.linkedin.com/company/lexatechnologies,"Service options,,Online appointments,,On-site services,    Parking,,On-site parking,,Paid parking lot"
Medius,https://www.google.com/maps/place/Medius/data=!4m7!3m6!1s0x12fd4bb4756b32ef:0x9b5b5e93ea63be5c!8m2!3d36.8314208!4d10.232271!16s%2Fg%2F11j2ns1wzx!19sChIJ7zJrdbRL_RIRXL5j6pNeW5s?authuser=0&hl=en&rclk=1,https://lh3.googleusercontent.com/gps-cs-s/AHRPTWliCC9OnIJWfJT50EiSJNoAxbMdki0Fruss9noFNJEt9MjLtE65dqsiUmG5zklEgzUG-Bu7PRZptspnKbFIfNW0Xo2hZzywOKN_3TlnkIp1eXza5hEYAz4YuKUKibWhp1M8pA0=w408-h306-k-no,4.9,Not Available,Software company,"Rue du Lac Biwa, Tunis","Monday, 9 AM to 6 PM,Thursday, 9 AM to 6 PM,Friday, 9 AM to 6 PM,Saturday, Closed,Sunday, Closed",Not Available,https://www.expensya.com/,+33 1 85 09 28 40,"https://lh3.googleusercontent.com/gps-cs-s/AHRPTWliCC9OnIJWfJT50EiSJNoAxbMdki0Fruss9noFNJEt9MjLtE65dqsiUmG5zklEgzUG-Bu7PRZptspnKbFIfNW0Xo2hZzywOKN_3TlnkIp1eXza5hEYAz4YuKUKibWhp1M8pA0=w32-h32-p-k-no,https://lh3.googleusercontent.com/gps-cs-s/AHRPTWliCC9OnIJWfJT50EiSJNoAxbMdki0Fruss9noFNJEt9MjLtE65dqsiUmG5zklEgzUG-Bu7PRZptspnKbFIfNW0Xo2hZzywOKN_3TlnkIp1eXza5hEYAz4YuKUKibWhp1M8pA0=w408-h306-k-no,https://lh3.googleusercontent.com/gps-cs-s/AHRPTWliCC9OnIJWfJT50EiSJNoAxbMdki0Fruss9noFNJEt9MjLtE65dqsiUmG5zklEgzUG-Bu7PRZptspnKbFIfNW0Xo2hZzywOKN_3TlnkIp1eXza5hEYAz4YuKUKibWhp1M8pA0=w397-h298-k-no,https://lh3.googleusercontent.com/gps-cs-s/AHRPTWlse0o9bni1Cq9yDGs5p7dU97uxVPkPQNUbsn3LT4REcEbUKxZXvJgsOKLxxrE6eYOCR3S9PihB_cMCGoHC4dyzVmCEwCt5YNjZ1KQx8NbJNE2dwPrfFAfwJwXaJmUSYvrBcDQS=w224-h398-k-no,https://lh3.googleusercontent.com/a-/ALV-UjUQufuLuoJTHmP_jF7lNvUQhuRVKmpnGkJFjJGbbHf2LJ36y7mNLA=w36-h36-p-rp-mo-ba12-br100,https://lh3.googleusercontent.com/a-/ALV-UjWaLo5NVpvgLSe70Wjz5ekg_FUELN0pGO5qHm3VI_rWIzCjVFaL=w36-h36-p-rp-mo-ba12-br100,https://lh3.googleusercontent.com/a/ACg8ocIGPYzOczW4ZrNfC5zyVQ3jstt3HyAt_A2xXls2zxbp4YX3Mw=w36-h36-p-rp-mo-br100,https://lh3.googleusercontent.com/gps-cs-s/AHRPTWmUOSpYuJARzmg_Ugnma6UiNh6P1H2s7M_1FHTq9SITFhOjFv3tisCeQahBhs98q79J61qoVHE_CPyyePo3nuaDzd9_gT5-cmWU_3yKedmOdTtm_jY4JydKdhsEiYivM-zNS1NnWw=w156-h114-p-k-no,https://lh3.googleusercontent.com/gps-cs-s/AHRPTWmcD3kPwTU2D5RHezCWiYmKMtr1eJfi1mCbnWg2Kcwn0v_fM1AjM4n2OmfT1ICfGKChiCIUbj3LhLb3D7MGq5A6X7GJ46HQOVE8zZ04QevUIKPx0TdjCGx8D9vRsjUiWwDi8uck=w156-h114-p-k-no,https://lh3.googleusercontent.com/gps-cs-s/AHRPTWmtURcqXObwMyivpGCFHzmuYUbSxAPPlwfGtN8eI6oIFCebpIYAU7M7P08UMcmHlAFLkf3Q1ONm6JP49-RdwT9Staqw8qaM4Cnx_nOKLob6ly5yUCI8tE36BjfFZpVmA1gF9KxRQw=w156-h114-p-k-no",36.8314208,10.232271,info.france@medius.com,https://www.facebook.com/ExpensyaFR/,https://twitter.com/Expensya,https://www.instagram.com/expensya/,Not Available,https://www.linkedin.com/company/expensya,"Accessibility,,Wheelchair-accessible car park,,Wheelchair-accessible entrance"
Swiver,https://www.google.com/maps/place/Swiver/data=!4m7!3m6!1s0x12fd35efb88d17d7:0xaada2b66f643d4d0!8m2!3d36.8477616!4d10.1958769!16s%2Fg%2F11h79tpvt1!19sChIJ1xeNuO81_RIR0NRD9mYr2qo?authuser=0&hl=en&rclk=1,https://lh3.googleusercontent.com/a-/ALV-UjXEeNKjpzhJMGR3EUJnV0_NfTa7hN3_ION-jJ89Zaxdcvp_tsNVAA=w36-h36-p-rp-mo-ba12-br100,4.7,Not Available,Software company,"bureau 1-4 - 1 ère étage Immeuble, New Tower, Tunis 1082","Monday, 8 AM to 3 PM,Thursday, 8 AM to 3:30 PM,Friday, 8 AM to 3 PM,Saturday, Closed,Sunday, Closed",Not Available,https://swiver.io/,36 018 000,"https://lh3.googleusercontent.com/gps-cs-s/AHRPTWkbPSJtQOVIsOZSj8Yx0kjmkXpwx_vtfkpiw2PyYgjUXWBdVXcQ8IwqbIOogK_VH06SuRGe-qzeFvXCMctrK5lbqro4JYUwpV7BO-xAo4hXLzvmH6Lgf-A50QXQhj936dwMoJ0P=w32-h32-p-k-no,https://lh3.googleusercontent.com/gps-cs-s/AHRPTWkbPSJtQOVIsOZSj8Yx0kjmkXpwx_vtfkpiw2PyYgjUXWBdVXcQ8IwqbIOogK_VH06SuRGe-qzeFvXCMctrK5lbqro4JYUwpV7BO-xAo4hXLzvmH6Lgf-A50QXQhj936dwMoJ0P=w426-h240-k-no,https://lh3.googleusercontent.com/gps-cs-s/AHRPTWkbPSJtQOVIsOZSj8Yx0kjmkXpwx_vtfkpiw2PyYgjUXWBdVXcQ8IwqbIOogK_VH06SuRGe-qzeFvXCMctrK5lbqro4JYUwpV7BO-xAo4hXLzvmH6Lgf-A50QXQhj936dwMoJ0P=w529-h298-k-no,https://lh3.googleusercontent.com/gps-cs-s/AHRPTWnbryYIt9eYGQUuTnzjaq129J88KMPqBZ5rnnFQutFw0A4cfGbghDlKTl8bEwrLcQRGCXbH2y89kcN8UILV1vUHX6uJSYnlgfUzpzt1jB10tuiiHRhq_Qj_muieY6DiZEMF-rNUyQ=w529-h298-k-no,https://lh3.googleusercontent.com/gps-cs-s/AHRPTWnq7FGbX9-GKwfDD0xhTbEpdPP5sO02lfOXKLEqepTYjvoGJYLV5uwwjWgeRHbR7r368HYPPYQG6IlNDfZmlOnvuzW1jrVlthH4Cmp-1G7DVJ66Bb6sFORudLrd2FFJKyltI1m24A=w529-h298-k-no,https://lh3.googleusercontent.com/gps-cs-s/AHRPTWkUvLZAeRpVno5lOmz9olqJH0cfF6aCO_PL0mszCj8AvXiaWE-kpJkmatzWRfImQg5ie0ZtVNPhfAz5_OxE3BXB845kennqwYPUUI7VTpbHMeHhDa3VZwjIdLAmMxzwcr7CQW2Y=w447-h298-k-no,https://streetviewpixels-pa.googleapis.com/v1/thumbnail?panoid=uUrNKe9wyNvDz45hQm0E7g&cb_client=maps_sv.tactile.gps&w=224&h=298&yaw=111.37862&pitch=0&thumbfov=100,https://lh3.googleusercontent.com/a-/ALV-UjXEeNKjpzhJMGR3EUJnV0_NfTa7hN3_ION-jJ89Zaxdcvp_tsNVAA=w36-h36-p-rp-mo-ba12-br100,https://lh3.googleusercontent.com/a-/ALV-UjX6_xbNKU7uyApE95s3VmGG_OgTBSWrPRey0RPN-ked5ZMXQ8Ynqw=w36-h36-p-rp-mo-br100,https://lh3.googleusercontent.com/a/ACg8ocKaK7aRO0B_woGao9G5D1CBfuIaWd_rELWpIL-6KkftIXEczg=w36-h36-p-rp-mo-br100,https://lh3.googleusercontent.com/gps-cs-s/AHRPTWmPtjYZSuuEF1FfrXhLAe_08FqaeUW8E3k3PW7NHT5HbDg5tDjHR1_FSDPw9T8Rv9igI62nRHy1NFWA3JUG_cYK0LUisrUle5a2N2xz2JTjn-Vx7aLpOyloS9ccq6zowC244pTUwGK1IqSV=w156-h114-p-k-no",36.8477616,10.1958769,info@swiver.io,//facebook.com/swiver.io,Not Available,//instagram.com/swiver.io,https://www.youtube.com/@swiver4400,https://www.linkedin.com/in/expert-seo-tunisie/,"Accessibility,,Wheelchair-accessible car park,,Wheelchair-accessible entrance,,Wheelchair-accessible seating,,Wheelchair-accessible toilet,    From the business,,Identifies as women-owned"
Campion-Tech,https://www.google.com/maps/place/Campion-Tech/data=!4m7!3m6!1s0x12fd347de5d3fe77:0x6e40c0e44c4e0a35!8m2!3d36.8166478!4d10.1765218!16s%2Fg%2F11hynjrm0d!19sChIJd_7T5X00_RIRNQpOTOTAQG4?authuser=0&hl=en&rclk=1,https://streetviewpixels-pa.googleapis.com/v1/thumbnail?panoid=_lpLdXAOc3rrAVzsxWTpUQ&cb_client=search.gws-prod.gps&w=408&h=240&yaw=86.20244&pitch=0&thumbfov=100,5.0,Not Available,Software company,"21 Av. Des Etats Unis, Tunis 1002","Monday, 8:30 AM to 5:30 PM,Thursday, 8:30 AM to 5:30 PM,Friday, 8:30 AM to 5:30 PM,Saturday, 8:30 AM to 5:30 PM,Sunday, Closed",Not Available,http://campion-tech.com/page/about-us,25 004 924,"https://streetviewpixels-pa.googleapis.com/v1/thumbnail?panoid=_lpLdXAOc3rrAVzsxWTpUQ&cb_client=search.gws-prod.gps&w=86&h=86&yaw=86.20244&pitch=0&thumbfov=100,https://streetviewpixels-pa.googleapis.com/v1/thumbnail?panoid=_lpLdXAOc3rrAVzsxWTpUQ&cb_client=search.gws-prod.gps&w=408&h=240&yaw=86.20244&pitch=0&thumbfov=100,https://streetviewpixels-pa.googleapis.com/v1/thumbnail?panoid=_lpLdXAOc3rrAVzsxWTpUQ&cb_client=maps_sv.tactile.gps&w=224&h=298&yaw=86.20244&pitch=0&thumbfov=100,https://lh3.googleusercontent.com/a-/ALV-UjV7z2rU0EH8BRpBJuxmbql-MkhKNJUphBjh9-zdeSp3UOGKxAmrLQ=w36-h36-p-rp-mo-br100,https://lh3.googleusercontent.com/a-/ALV-UjUXrDWWqCJzCpGJEJADOg3EhIo6u-8R54j7rn-QgCxsK_a4u8Gz=w36-h36-p-rp-mo-br100,https://lh3.googleusercontent.com/a/ACg8ocKKCfASKb7G_UjLsQc4gDrF4ABZpBTrHQd9VPOA4NPqAwgHRQ=w36-h36-p-rp-mo-br100,https://lh3.googleusercontent.com/gps-cs-s/AHRPTWm66nrUwr7pbUJVmTRGzY-5DtLZ1_aMO4eLHC1pRtA75Ky1gPuY7A_euuOnlN0x3Rcp2w_ACzvnOUOgwH4DrqR5s4V00qxUOYcyrMPWtmCiwtYPFRrXJ-shaYfmWe5lDCfYuTaJ=w156-h114-p-k-no,https://lh3.googleusercontent.com/gps-cs-s/AHRPTWkuQoZSVA2uNYEjSm6_oHBANS5bd6BiXfemQlbTGX8N7pEpXq8-BRzA3Tozi6uxWR9ePWCUpUm6hefS8acd6QJKiW3SVj6zLff19YHRx4Zxh4dpIdv921YXyWdjaDfHsLRQDA_0=w156-h114-p-k-no",36.8166478,10.1765218,contact@campion-tech.com,https://www.facebook.com/profile.php?id=100063234939936,Not Available,Not Available,https://www.youtube.com/@campion-tech8638,https://www.linkedin.com/company/campion-tech,Not Available
Mint IT,https://www.google.com/maps/place/Mint+IT/data=!4m7!3m6!1s0x12fd3462c423a087:0xf7426d02d5a0e91f!8m2!3d36.8226638!4d10.1836816!16s%2Fg%2F11bx2lg3q3!19sChIJh6AjxGI0_RIRH-mg1QJtQvc?authuser=0&hl=en&rclk=1,https://lh3.googleusercontent.com/gps-cs-s/AHRPTWnL3ByjD3qn5WXw8VbS1HUWiXdqLbgZO3XlqCmPZU1Zg9_JEB9VobjUXf1L46qwf9tcFaRmgLQcGtDIXG-gt9dKF2ZBFgu8k2tSiOVyk0nwySlXuud7qA-id5TuIzTMm72QzL8=w408-h306-k-no,4.2,Not Available,Software company,"8 Rue du Royaume d'Arabie Saoudite, Tunis 1002","Monday, 9 AM to 6 PM,Thursday, 9 AM to 6 PM,Friday, 9 AM to 6 PM,Saturday, Closed,Sunday, Closed",Not Available,http://www.mintit.io/,71 891 743,"https://lh3.googleusercontent.com/gps-cs-s/AHRPTWnL3ByjD3qn5WXw8VbS1HUWiXdqLbgZO3XlqCmPZU1Zg9_JEB9VobjUXf1L46qwf9tcFaRmgLQcGtDIXG-gt9dKF2ZBFgu8k2tSiOVyk0nwySlXuud7qA-id5TuIzTMm72QzL8=w32-h32-p-k-no,https://lh3.googleusercontent.com/gps-cs-s/AHRPTWnL3ByjD3qn5WXw8VbS1HUWiXdqLbgZO3XlqCmPZU1Zg9_JEB9VobjUXf1L46qwf9tcFaRmgLQcGtDIXG-gt9dKF2ZBFgu8k2tSiOVyk0nwySlXuud7qA-id5TuIzTMm72QzL8=w408-h306-k-no,https://lh3.googleusercontent.com/gps-cs-s/AHRPTWnL3ByjD3qn5WXw8VbS1HUWiXdqLbgZO3XlqCmPZU1Zg9_JEB9VobjUXf1L46qwf9tcFaRmgLQcGtDIXG-gt9dKF2ZBFgu8k2tSiOVyk0nwySlXuud7qA-id5TuIzTMm72QzL8=w397-h298-k-no,https://lh3.googleusercontent.com/gps-cs-s/AHRPTWnJwUYfKj0ubV4nt7y2ANp547YVajv_oPeixfWcqmF1ZbD83s0e3yWbchyCJtGob6PxxEJC5kTCGGt6ZEi9MNfiWKVXPKXnuQcAX_Uxb8FNGbPre8-SZQq2dDFC3sCIQen-4nw=w783-h298-k-no,https://lh3.googleusercontent.com/a-/ALV-UjX84fcpUd7dTcy7CPXZYjzx-ggGH8NcgRfNuafPFn06xiKOEIp0hQ=w36-h36-p-rp-mo-ba12-br100,https://lh3.googleusercontent.com/a-/ALV-UjW5gCCvXVlSyC_HeNHx0BKZVEbwF70pW2zYwWz0PGHfcN09mSaKLA=w36-h36-p-rp-mo-ba12-br100,https://lh3.googleusercontent.com/a-/ALV-UjX9efL0I-_nyjC0v5Ob35NUjs7F_12RDvv7Rivto-JNHoBHzKAL=w36-h36-p-rp-mo-br100,https://lh3.googleusercontent.com/gps-cs-s/AHRPTWl4QQX_uYg2wo2ookFqVS-_5pGuKJRO-AwDCectAgO4TjZBxyh8GccnrZxCgh8Qc8YlwnhzZ9-g5G4dCfKvSrnVrRmjvdGaywmgArzevCEThYRRxw8H5bMg8BXZaku7gEA-N70Zgw=w156-h114-p-k-no",36.8226638,10.1836816,contact@mintit.io,Not Available,Not Available,Not Available,Not Available,https://www.linkedin.com/company/mint-it-io/,"Planning,,Appointment required"
Logidas - Éditeur d'ERP,https://www.google.com/maps/place/Logidas+-+%C3%89diteur+d%27ERP/data=!4m7!3m6!1s0x12fd353d9bf06b45:0xa21ae7e4e1d8e4d2!8m2!3d36.8352354!4d10.2294441!16s%2Fg%2F11bwpyhrsr!19sChIJRWvwmz01_RIR0uTY4eTnGqI?authuser=0&hl=en&rclk=1,https://lh3.googleusercontent.com/gps-cs-s/AHRPTWnxtJLcQlZxCRTk7k-66j7Xk9HnlhPvzW8MX8dW6d0sy5TrpGqvCQtt4kJPPG894oCQrCwhq9dOFT-tosJkmZTiqf6-C4k4M-mL-c2nQVxrrcsPXDwVhtpKAOXEtAO31BzPYQ5Umw=w408-h306-k-no,4.3,Not Available,Software company,"Rue du Lac Malaren, Immeuble ayam, Les Berges du Lac 1053 Tunis, Tunis 1053","Monday, 8 AM to 5 PM,Thursday, 8 AM to 5 PM,Friday, 8 AM to 5 PM,Saturday, Closed,Sunday, Closed",Not Available,http://www.logidas.com/,71 960 626,"https://lh3.googleusercontent.com/gps-cs-s/AHRPTWnxtJLcQlZxCRTk7k-66j7Xk9HnlhPvzW8MX8dW6d0sy5TrpGqvCQtt4kJPPG894oCQrCwhq9dOFT-tosJkmZTiqf6-C4k4M-mL-c2nQVxrrcsPXDwVhtpKAOXEtAO31BzPYQ5Umw=w32-h32-p-k-no,https://lh3.googleusercontent.com/gps-cs-s/AHRPTWnxtJLcQlZxCRTk7k-66j7Xk9HnlhPvzW8MX8dW6d0sy5TrpGqvCQtt4kJPPG894oCQrCwhq9dOFT-tosJkmZTiqf6-C4k4M-mL-c2nQVxrrcsPXDwVhtpKAOXEtAO31BzPYQ5Umw=w408-h306-k-no,https://lh3.googleusercontent.com/gps-cs-s/AHRPTWkQ40DJeczMf4e2yoCeGez64M_eHlrTItov3bKM_WM6kzUxtZF7Y8P3cO7J4qp1xg-Qqi0qZheuPuzoOU8iU904jAVgHcIsx667zwB_6NhrsMh1xta5Xl_Mbk2GN6MMTtAn5y3C2A=w360-h480-k-no,https://lh3.googleusercontent.com/a/ACg8ocKm362oyAkahy3KJdPtYRGmZIcSSC2hYxvHwMB4D7GUMDlluw=w36-h36-p-rp-mo-br100,https://lh3.googleusercontent.com/a-/ALV-UjVSZHBE1h79ayRiAuzYAZlez5CezVzOlct9va_hBJxZq--psTut=w36-h36-p-rp-mo-ba12-br100,https://lh3.googleusercontent.com/a/ACg8ocIoY42XHjHt_2A0BxFz1jMySXPPmOGFlHR6BqlaFSGMQKLfV7A=w36-h36-p-rp-mo-br100,https://lh3.googleusercontent.com/gps-cs-s/AHRPTWkZOeY9KTZATiEhD34LZgHTL7Sm3H4XkHitBIqw-XCmhogZX-B7RmCdutsKLBE63ucveF9OLKGgFvU83xBTvp1XiZPID9-wp5My6SOuOmLGrUuRQwYFNaunrbmGXLIxT90jh4CG-g=w156-h114-p-k-no,https://lh3.googleusercontent.com/gps-cs-s/AHRPTWnBRRzRW1Px-WCEcJnZAawULLWkKNhwSesg4oQ3RNau20vXjoy-tlyKIkdU3CdYHu9u3ZsuTPifDHDIMPMGjlh-QwRpwbQYoMmk2H2emlTNDfwNY01gv-AwMz4NynNWus5MQmO_=w156-h114-p-k-no,https://lh3.googleusercontent.com/gps-cs-s/AHRPTWkJhyWH3YA1D8VR7lAIC0V7z_n1PzioiecT2_flF2XCiDiuk8FG8gBXoZ3PCZIg5tZO5iaTGEsAstA_k3sscVNXBHK_bTbI_n_GkRoEecSu4ax-fQjjezeHH_QXIL_QOy7XIvfqwg=w156-h114-p-k-no",36.8352354,10.2294441,Not Available,Not Available,Not Available,Not Available,Not Available,Not Available,Not Available
Cynoia,https://www.google.com/maps/place/Cynoia/data=!4m7!3m6!1s0x12fd330709caac7d:0x5201e6dd3d8a5b91!8m2!3d36.8493508!4d10.27511!16s%2Fg%2F11fqksyd3h!19sChIJfazKCQcz_RIRkVuKPd3mAVI?authuser=0&hl=en&rclk=1,https://lh3.googleusercontent.com/gps-cs-s/AHRPTWmcD3kPwTU2D5RHezCWiYmKMtr1eJfi1mCbnWg2Kcwn0v_fM1AjM4n2OmfT1ICfGKChiCIUbj3LhLb3D7MGq5A6X7GJ46HQOVE8zZ04QevUIKPx0TdjCGx8D9vRsjUiWwDi8uck=w408-h306-k-no,4.8,Not Available,Software company,"Cité les pins, Rue de la fleur d'érable, Tunis 1053","Monday, 8 AM to 6 PM,Thursday, 8 AM to 6 PM,Friday, 8 AM to 6 PM,Saturday, Closed,Sunday, Closed",Not Available,https://cynoia.com/,Not Available,"https://lh3.googleusercontent.com/gps-cs-s/AHRPTWmcD3kPwTU2D5RHezCWiYmKMtr1eJfi1mCbnWg2Kcwn0v_fM1AjM4n2OmfT1ICfGKChiCIUbj3LhLb3D7MGq5A6X7GJ46HQOVE8zZ04QevUIKPx0TdjCGx8D9vRsjUiWwDi8uck=w32-h32-p-k-no,https://lh3.googleusercontent.com/gps-cs-s/AHRPTWmcD3kPwTU2D5RHezCWiYmKMtr1eJfi1mCbnWg2Kcwn0v_fM1AjM4n2OmfT1ICfGKChiCIUbj3LhLb3D7MGq5A6X7GJ46HQOVE8zZ04QevUIKPx0TdjCGx8D9vRsjUiWwDi8uck=w408-h306-k-no,https://lh3.googleusercontent.com/gps-cs-s/AHRPTWlrGlXDNjuVeSnu8OT_fhcZifUmAlnl18J5VJgBeixQz7s60equqGIj5vlEf_CirebhI4dyZUt0RHZ6KtpFt9ZD30K4Gl3vDSlUc2QFiRnzuadHjd6DraG1nNMxpZJbqBt8jpFz-g=w397-h298-k-no,https://lh3.googleusercontent.com/gps-cs-s/AHRPTWlDimdi8bovCRlJI6ETq1eWjzIGEg2lGik1Fq23EwuFqZW1ndR6EMUA3xmYzyE0Fqbf4l25zo6MqlDLh9m_U0IwmyVc9wA1iFWSeXmImHdFX6q9Z-3YzHFGGDvYamP7qJtxFp4B=w224-h298-k-no,https://lh3.googleusercontent.com/a-/ALV-UjW2lWKlSo2nFFsepL6EufcGIv2ntzNTgJwntYSfsLo-gHodHaaf=w36-h36-p-rp-mo-br100,https://lh3.googleusercontent.com/a-/ALV-UjWM-4pIP7sq9m_5OOimx5CiNQZhVM_rbljx1c0ASjblRrm1Xz2f=w36-h36-p-rp-mo-br100,https://lh3.googleusercontent.com/a-/ALV-UjW7IQz9nu6PRmlrBSjhU8va5LPczipFNKDRUwMYbZK6cviQ6CjD=w36-h36-p-rp-mo-br100,https://lh3.googleusercontent.com/gps-cs-s/AHRPTWncSUXGYINyjc2dxnExYGx6HVly6hyte1MtiG1h4WjXeOYevKQJC4jttl_zJO4T7fWM3-ZBEqy3LpywF7Ds1PFtNZz4swut4oicAm1d85RsMpK8Td2cVOSzrKUD-80Yr37QrZjLBA=w156-h114-p-k-no,https://lh3.googleusercontent.com/gps-cs-s/AHRPTWn95gMjt_XpCOyVodQm6vOc229YjyPPM_PzFYejNl1Ufi6kjtczf6Qi4uHqs_ktEIQhnuQzu6VxCdMCdZxvE5jTqCPRbGgpqhj5C2cxm--nIQYt_TBKt3RBLtqJhxDVWoIa9jQ=w156-h114-p-k-no,https://lh3.googleusercontent.com/gps-cs-s/AHRPTWliCC9OnIJWfJT50EiSJNoAxbMdki0Fruss9noFNJEt9MjLtE65dqsiUmG5zklEgzUG-Bu7PRZptspnKbFIfNW0Xo2hZzywOKN_3TlnkIp1eXza5hEYAz4YuKUKibWhp1M8pA0=w156-h114-p-k-no,https://lh3.googleusercontent.com/gps-cs-s/AHRPTWlDjwSOLJOOU_zmbozTH0JKjD47h0YYCBMNnnQO8vbrT9dkF74m3nsrnFE5_hnNqTdYCnQOtvvzY-13qkurOwpODbinjZaO1KsYD8yGZwnt7rc6f17HM8prDbRfRmfg6ZGxakleCg=w156-h114-p-k-no",36.8493508,10.27511,Contact@cynoia.com,https://www.facebook.com/cynoia,Not Available,https://www.instagram.com/cynoiateam/,https://www.youtube.com/@cynoia,https://www.linkedin.com/company/cynoia/,"Service options,,Online appointments,,On-site services"
Oolab Tunisia,https://www.google.com/maps/place/Oolab+Tunisia/data=!4m7!3m6!1s0x12fd35bf332a4f0b:0x4dbd3e2bcd923a9a!8m2!3d36.8321748!4d10.177528!16s%2Fg%2F11n0ddn86_!19sChIJC08qM781_RIRmjqSzSs-vU0?authuser=0&hl=en&rclk=1,https://lh3.googleusercontent.com/gps-cs-s/AHRPTWmM12xmkazM-dKIC1QLzjxWdj46TMEi1rTXuSpE3IduuqH4C6ot37uxNe5xejIYXQ7NtvkN-Qls_-D-3kyo450jbVy49AjrWqZSlkUIvxfbNKEWpcS8txO4xAe7rouXPCc_ur6c=w960-h240-k-no,4.1,Not Available,Software company,"Rue El Mahrajene, Tunis 1082","Monday, 8:30 AM to 5:30 PM,Thursday, 8:30 AM to 5:30 PM,Friday, 8:30 AM to 5:30 PM,Saturday, Closed,Sunday, Closed",Not Available,https://www.oodrive.com/fr/,71 781 187,"https://lh3.googleusercontent.com/gps-cs-s/AHRPTWmM12xmkazM-dKIC1QLzjxWdj46TMEi1rTXuSpE3IduuqH4C6ot37uxNe5xejIYXQ7NtvkN-Qls_-D-3kyo450jbVy49AjrWqZSlkUIvxfbNKEWpcS8txO4xAe7rouXPCc_ur6c=w32-h32-p-k-no,https://lh3.googleusercontent.com/gps-cs-s/AHRPTWmM12xmkazM-dKIC1QLzjxWdj46TMEi1rTXuSpE3IduuqH4C6ot37uxNe5xejIYXQ7NtvkN-Qls_-D-3kyo450jbVy49AjrWqZSlkUIvxfbNKEWpcS8txO4xAe7rouXPCc_ur6c=w960-h240-k-no,https://lh3.googleusercontent.com/gps-cs-s/AHRPTWmM12xmkazM-dKIC1QLzjxWdj46TMEi1rTXuSpE3IduuqH4C6ot37uxNe5xejIYXQ7NtvkN-Qls_-D-3kyo450jbVy49AjrWqZSlkUIvxfbNKEWpcS8txO4xAe7rouXPCc_ur6c=w1192-h298-k-no,https://lh3.googleusercontent.com/gps-cs-s/AHRPTWmJhqaAsY9XWr06HrWoyouLl1meX2_QoihsqzTqCkZXusY60-NO6kxsXTfFYBAQGRMuxqCrf7bTM1H2DiSnQkvSSsmK0FPIiqXJIpBDTc1evuTuAlJPGpte5V9sahB1FqSknd23=w266-h298-k-no,https://lh3.googleusercontent.com/a/ACg8ocLHc6NEfDP5oCnDtJ4QicVB9BVN5GO8O0jSpgFd7RG-J9dcxYzc=w36-h36-p-rp-mo-ba12-br100,https://lh3.googleusercontent.com/a/ACg8ocI_TEO5tCgsEheLsPUgBkIUqNQ2yBYSxwR6mIJ-QM9h8fGO=w36-h36-p-rp-mo-br100,https://lh3.googleusercontent.com/a/ACg8ocKwrmI4YBlSEHiKkCeLfrmEcC42h_I_urNXYujYsC641NmT3A=w36-h36-p-rp-mo-br100",36.8321748,10.177528,Not Available,Not Available,https://twitter.com/oodriveofficiel?lang=fr,Not Available,https://www.youtube.com/channel/UCE_BSEiHmDgKvCV0YvU0oPQ,https://www.linkedin.com/company/oodrive/?originalSubdomain=fr,"Accessibility,,Assistive hearing loop,,Wheelchair-accessible car park,,Wheelchair-accessible entrance,,Wheelchair-accessible seating,,Wheelchair-accessible toilet,    Parking,,Free of charge street parking,,Free parking lot"
Ingenius IT - Société informatique Tunisie,https://www.google.com/maps/place/Ingenius+IT+-+Soci%C3%A9t%C3%A9+informatique+Tunisie/data=!4m7!3m6!1s0x12fd33056c5828d5:0xc0061a0f77167288!8m2!3d36.857604!4d10.1581233!16s%2Fg%2F11krgxmqpr!19sChIJ1ShYbAUz_RIRiHIWdw8aBsA?authuser=0&hl=en&rclk=1,https://lh3.googleusercontent.com/gps-cs-s/AHRPTWmdLD1yAyBwJ5fSqDy2hTDQUhAc1s003te6QVzPv1CWPbqMwbmRFKhK2RkgvXo82M7NYcLgoxOlO-yIQMNJL2pN0XGYRqwasPOTw1tP-EVsbc8m4XA9pc-KqBgkEufP176srr8Y=w408-h306-k-no,4.8,Not Available,Computer security service,"ENNASR 2, immeuble L'ALKAZAR, Appartement d5-2, Ariana 2037","Monday, 8 AM to 10 PM,Thursday, 8 AM to 10 PM,Friday, 8 AM to 10 PM,Saturday, 8 AM to 5 PM,Sunday, Closed",Not Available,https://ingeniusit.com/,92 682 923,"https://lh3.googleusercontent.com/gps-cs-s/AHRPTWmdLD1yAyBwJ5fSqDy2hTDQUhAc1s003te6QVzPv1CWPbqMwbmRFKhK2RkgvXo82M7NYcLgoxOlO-yIQMNJL2pN0XGYRqwasPOTw1tP-EVsbc8m4XA9pc-KqBgkEufP176srr8Y=w32-h32-p-k-no,https://lh3.googleusercontent.com/gps-cs-s/AHRPTWmdLD1yAyBwJ5fSqDy2hTDQUhAc1s003te6QVzPv1CWPbqMwbmRFKhK2RkgvXo82M7NYcLgoxOlO-yIQMNJL2pN0XGYRqwasPOTw1tP-EVsbc8m4XA9pc-KqBgkEufP176srr8Y=w408-h306-k-no,https://lh3.googleusercontent.com/gps-cs-s/AHRPTWmdLD1yAyBwJ5fSqDy2hTDQUhAc1s003te6QVzPv1CWPbqMwbmRFKhK2RkgvXo82M7NYcLgoxOlO-yIQMNJL2pN0XGYRqwasPOTw1tP-EVsbc8m4XA9pc-KqBgkEufP176srr8Y=w397-h298-k-no,https://lh3.googleusercontent.com/gps-cs-s/AHRPTWnT-jp7z5e2E-eEXljT9CpmBNxupsgd3OjkVIIIXgebcidbBj_npxwDAEaCOqXeRNJF9jLXVqpNvpcTTpeHd2n0aFlF9eibHggY984wkiEYGvhjF4JtmEZ_N49QKtEh4V5mPw_6=w224-h298-k-no,https://lh3.googleusercontent.com/gps-cs-s/AHRPTWkpVkXpONjbqvn6eK54BULuzkUQXhJEUlm-Stz_EXexRdl1lqdOFlkuSwFf_x2eY8WDX1f4NvZsh_VUPXtMKoAJ103wwBhd3vrWb6cRn1DNBaHzLgeu7JleKad9YEz75RASYLI5=w224-h398-k-no,https://lh3.googleusercontent.com/a/ACg8ocKiwky2cumZ2pbjoS29YlEHCcObDfKMuwooL244SgLeG1rCCw=w36-h36-p-rp-mo-br100,https://lh3.googleusercontent.com/a-/ALV-UjWdq-lJp1eFdj353XuGdmGo8iw-oQ-qrCk-Raj1443qeeXJgPM=w36-h36-p-rp-mo-br100,https://lh3.googleusercontent.com/a-/ALV-UjVHqbDc1NAKV_N1C-Qy9UuJUYaENsoIV0sBB18VQ6FSQMCEc5Q=w36-h36-p-rp-mo-br100,https://lh3.googleusercontent.com/gps-cs-s/AHRPTWkk8HsfUKYVgQVBlgtQ7fCBBBIz8qxyeE_3lSfPmdHq8pVle4Lto-C1kU6VpqNtPPoduZLTYztIJxSXCDDqIAdowj6nBvLwkYY_VUYwcWzu8p5yoB14Z_AUZvN3YW9BSBfhR38=w156-h114-p-k-no,https://lh3.googleusercontent.com/gps-cs-s/AHRPTWkSsNHKhmoapIlZGZiu_h_9eQuKHQ-ODNNNef1yJlth-XqoqE6HT-QC_uwt1fk8gZLW6wzk9ecZiGc6hCilXLTcMeE16J-ClOV0yeGfjWjbrHDQkUlFdN-NuU4H53rRE4IFeoqkWTE41juc=w156-h114-p-k-no",36.857604,10.1581233,contact@ingeniusit.com,Not Available,Not Available,Not Available,Not Available,Not Available,"Service options,,Online appointments,,On-site services,    Amenities,,Gender-neutral toilets"
Prodware Tunisia,https://www.google.com/maps/place/Prodware+Tunisia/data=!4m7!3m6!1s0x12fd348efb78fab1:0x5156afc28691f2be!8m2!3d36.824395!4d10.1846616!16s%2Fg%2F11b6gqvx65!19sChIJsfp4-440_RIRvvKRhsKvVlE?authuser=0&hl=en&rclk=1,https://streetviewpixels-pa.googleapis.com/v1/thumbnail?panoid=jhWFnyVl4-YH-UZfF4LNHg&cb_client=search.gws-prod.gps&w=408&h=240&yaw=241.83846&pitch=0&thumbfov=100,5.0,Not Available,Software company,"2ème étage، 44 Rue Ibn Charaf, Tunis 1002","Monday, 8:30 AM to 6 PM,Thursday, 8:30 AM to 6 PM,Friday, 8:30 AM to 6 PM,Saturday, Closed,Sunday, Closed",Not Available,https://sinopesoft.com/,70 297 062,"https://streetviewpixels-pa.googleapis.com/v1/thumbnail?panoid=jhWFnyVl4-YH-UZfF4LNHg&cb_client=search.gws-prod.gps&w=86&h=86&yaw=241.83846&pitch=0&thumbfov=100,https://streetviewpixels-pa.googleapis.com/v1/thumbnail?panoid=jhWFnyVl4-YH-UZfF4LNHg&cb_client=search.gws-prod.gps&w=408&h=240&yaw=241.83846&pitch=0&thumbfov=100,https://streetviewpixels-pa.googleapis.com/v1/thumbnail?panoid=jhWFnyVl4-YH-UZfF4LNHg&cb_client=maps_sv.tactile.gps&w=224&h=298&yaw=241.83846&pitch=0&thumbfov=100,https://lh3.googleusercontent.com/a-/ALV-UjXRH3LyBJrCByEeBKrlmXpul5TML0crHlNKfILTLiAQDayTw5lE=w36-h36-p-rp-mo-br100,https://lh3.googleusercontent.com/gps-cs-s/AHRPTWmuMr0X-OfbxD0BWAbr7ABpELO_S5beoI56YoTnXcgMollMHGzrZ3mKFMWQVP9bSGObCOTbx5xqoEMWzBGrKqSPx6u4bjIMSh1lJ9XX7mK5QeG4XR5G78FG6SbVuYM8KwvNm3uRfg=w156-h114-p-k-no",36.824395,10.1846616,Not Available,Not Available,Not Available,Not Available,Not Available,Not Available,Not Available
STEPS,https://www.google.com/maps/place/STEPS/data=!4m7!3m6!1s0x12fd4ab16f91054b:0x721bd0c126b87ddb!8m2!3d36.8313958!4d10.3083047!16s%2Fg%2F11dzdsqpsy!19sChIJSwWRb7FK_RIR2324JsHQG3I?authuser=0&hl=en&rclk=1,https://lh3.googleusercontent.com/gps-cs-s/AHRPTWnr1aTjXvvITOsaSRhmniDRRWArxfg6jYV52jFmhP1_DxxNsYelvquRDK9lrpZcaWzL4WMvYGenGipPA-zv7nRvNfOr9gRAiNcFrY2_wy41qan8pvKohp5T3lE38nC2DnO-8aERJw=w792-h240-k-no,4.9,Not Available,Software company,"Résidence NET GLASS , Z.I kheireddine, 2015","Monday, 8 AM to 5 PM,Thursday, 8 AM to 5 PM,Friday, 8 AM to 5 PM,Saturday, Closed,Sunday, Closed",Not Available,https://www.steps.tn/,31 318 701,"https://lh3.googleusercontent.com/gps-cs-s/AHRPTWnr1aTjXvvITOsaSRhmniDRRWArxfg6jYV52jFmhP1_DxxNsYelvquRDK9lrpZcaWzL4WMvYGenGipPA-zv7nRvNfOr9gRAiNcFrY2_wy41qan8pvKohp5T3lE38nC2DnO-8aERJw=w32-h32-p-k-no,https://lh3.googleusercontent.com/gps-cs-s/AHRPTWnr1aTjXvvITOsaSRhmniDRRWArxfg6jYV52jFmhP1_DxxNsYelvquRDK9lrpZcaWzL4WMvYGenGipPA-zv7nRvNfOr9gRAiNcFrY2_wy41qan8pvKohp5T3lE38nC2DnO-8aERJw=w792-h240-k-no,https://lh3.googleusercontent.com/gps-cs-s/AHRPTWnr1aTjXvvITOsaSRhmniDRRWArxfg6jYV52jFmhP1_DxxNsYelvquRDK9lrpZcaWzL4WMvYGenGipPA-zv7nRvNfOr9gRAiNcFrY2_wy41qan8pvKohp5T3lE38nC2DnO-8aERJw=w983-h298-k-no,https://lh3.googleusercontent.com/a-/ALV-UjWOfj_PiuuZajEdQE3wXVr7qdHUXMMhHj4cuf4W-S-TnSJWxRqB=w36-h36-p-rp-mo-br100,https://lh3.googleusercontent.com/a/ACg8ocJ7T3I9Yemb6CBH5sm01kE26xRwj_7tacHE5ZMymZsx9jIhWdVs=w36-h36-p-rp-mo-ba12-br100,https://lh3.googleusercontent.com/a-/ALV-UjWq8Mh7lIatieCkt42NmREILz0Azi3VAv1bESxzET2KxytKakSO=w36-h36-p-rp-mo-br100,https://lh3.googleusercontent.com/gps-cs-s/AHRPTWkTFsxzcx-2GiZDRuS9KfgMwZDE8fdxWT40cixc62DRhxMRut-J0l-8-R5-EjV-4WXiCUEIS8P63QE92nD_V_6JDq6tuu-Je3VvCSxwOGquMjWTS6VaL1GQ0ECieOXOaFGrk0f68w=w156-h114-p-k-no,https://lh3.googleusercontent.com/gps-cs-s/AHRPTWlcK27a5V6B7EQvw3K90eDH_5esMAM2KBIOE_ItN8AdNa6Oy-GWhMx3YNgaA9L85ZyhhnxMYOVqrX9W6DItwn_Xgz97lDW5KjPHki0wL-S0lt2HHHVcWiaU8c5-ztusmYuC_kXWjQ=w156-h114-p-k-no,https://lh3.googleusercontent.com/gps-cs-s/AHRPTWlkDC98Zte9hNjg1N_FW40lwDEYwHOk7QCb0vkZlbmm6esxTVUwwvNe03f2u0WPjtBpqZzs0Cok6WXUIkrK5x3wuT1FUNEOnHyYcgloF7SYyPiXtglkxVQ9GShxQQs0KCgpfjR4=w156-h114-p-k-no,https://lh3.googleusercontent.com/gps-cs-s/AHRPTWnI2zk1lzyhO3fkGdfFUPxagnIcBqrvCPuT8iVhgd5mS2Eaq1VnEPEtSlwL_7zczzOsAgLn_DF8EDmqLlIzdyhnfjwxUAsayiB8zQBwL0nBE8Q9bndl2gdOYfDuKNZKvXTMUXi-9A=w156-h114-p-k-no",36.8313958,10.3083047,contact@steps.tn,https://www.facebook.com/Steps.tn/,http://twitter.com/intent/tweet?text=You Need to Think Twice about Data Strategy! https://steps.tn/you-need-to-think-twice-about-data-strategy/,https://www.instagram.com/stepstn/,Not Available,https://www.linkedin.com/company/stepstn/,Not Available
CYBERESA,https://www.google.com/maps/place/CYBERESA/data=!4m7!3m6!1s0x12e2cb3448fbffff:0xffcf789998c7310c!8m2!3d36.8485801!4d10.2008475!16s%2Fg%2F1ygvsvbb9!19sChIJ___7SDTL4hIRDDHHmJl4z_8?authuser=0&hl=en&rclk=1,https://lh3.googleusercontent.com/gps-cs-s/AHRPTWlCr8rsS7PYVEPuBV89hvAWliesDBJkUld_bj-VssmX13kgqXH5UvwPPlQJuzQYXsMMtVNg04V1NNJ5hnYCYjak_0HKiKm3bHTmFnvGd2u-ydLnHqJpj7gtNSKiowBCWM3CPzAmYA=w408-h262-k-no,4.7,Not Available,Software company,"Golden Tower, Centre Urbain Nord, Bloc B, 7ème Etage , Appt7-8, Tunis 1082","Monday, 8:30 AM to 5:30 PM,Thursday, 8:30 AM to 5:30 PM,Friday, 8:30 AM to 5:30 PM,Saturday, 8:30 AM to 12:30 PM,Sunday, Closed",Not Available,http://www.cyberesa.net/,71 947 401,"https://lh3.googleusercontent.com/gps-cs-s/AHRPTWlCr8rsS7PYVEPuBV89hvAWliesDBJkUld_bj-VssmX13kgqXH5UvwPPlQJuzQYXsMMtVNg04V1NNJ5hnYCYjak_0HKiKm3bHTmFnvGd2u-ydLnHqJpj7gtNSKiowBCWM3CPzAmYA=w32-h32-p-k-no,https://lh3.googleusercontent.com/gps-cs-s/AHRPTWlCr8rsS7PYVEPuBV89hvAWliesDBJkUld_bj-VssmX13kgqXH5UvwPPlQJuzQYXsMMtVNg04V1NNJ5hnYCYjak_0HKiKm3bHTmFnvGd2u-ydLnHqJpj7gtNSKiowBCWM3CPzAmYA=w408-h262-k-no,https://lh3.googleusercontent.com/gps-cs-s/AHRPTWlCr8rsS7PYVEPuBV89hvAWliesDBJkUld_bj-VssmX13kgqXH5UvwPPlQJuzQYXsMMtVNg04V1NNJ5hnYCYjak_0HKiKm3bHTmFnvGd2u-ydLnHqJpj7gtNSKiowBCWM3CPzAmYA=w462-h298-k-no,https://lh3.googleusercontent.com/gps-cs-s/AHRPTWmMwRrpZyTQ4GzNHbuFsBa97BrKYSvXwUPYAKlcuItuu04QfGBV7ryIbb8qIshSsBrStpGi2QNmC8Bh9lexbCUaw-AhP8eCEGSc13fbApSBix3qyrcz8oqEDExA354ycTGOMUp1Wg=w298-h298-k-no,https://lh3.googleusercontent.com/a-/ALV-UjWAmvokvEkK3T-ZL_rfVZwTlwNnYADHE86-n58f_znr5xiWzzsxbA=w36-h36-p-rp-mo-ba12-br100,https://lh3.googleusercontent.com/a-/ALV-UjU43i8AD02kDNith0GieVFOYfkiZ0f9BdCJk8fS0uCBNDO_xb_8=w36-h36-p-rp-mo-br100,https://lh3.googleusercontent.com/a-/ALV-UjV-r4JbxeIJBisEOzGqfult8DMQSz-fgSemHwOAoKz33Q91qR80=w36-h36-p-rp-mo-br100,https://lh3.googleusercontent.com/gps-cs-s/AHRPTWnjw54-u2QlwghPGEuMr3pIWwJMucunIFdimUjS7EPoQEXnUXg8-V9YlbyWJpLun2hWz3mP1HnmqFy0_trMzYAlKGyhmh4iwYkCOk43Mq8Imf8GKoAuquSp5h8kftaUFVBz9kRbGw=w156-h114-p-k-no,https://lh3.googleusercontent.com/gps-cs-s/AHRPTWlYb6sBrlYmcAuhjyK9EgyfN7jSMaJMgcHeMCFRR4hW6FNdn6pog0m4B93FhaPD8h6tSivdufrrQlyGufi70bPtD1qBYZQt6wx8bUXYYZDcXJekvjxUACzGiLBU_nyDdYQLvkZlCw=w156-h114-p-k-no,https://lh3.googleusercontent.com/gps-cs-s/AHRPTWnsnTuDtDhWD5AJUpoAvsKrmxJ-kn2oeh_DEQ2Ic9yckH1QX4bU1dtPY4HZK97jYtqoqVEO4MAf12Ft1hgagOfA_KN2GuI1qMQLqem-XCP7Y1ifFFOWTsT3rywiSG44JuLNA6CoFQ=w156-h114-p-k-no",36.8485801,10.2008475,info@cyberesa.net,https://www.facebook.com/cyberesa.sarl/,Not Available,Not Available,Not Available,https://www.linkedin.com/company/cyberesa/,Not Available
VERMEG Tunisia,https://www.google.com/maps/place/VERMEG+Tunisia/data=!4m7!3m6!1s0x12fd351432affb6b:0xa2369429e6a98662!8m2!3d36.8313079!4d10.2327599!16s%2Fg%2F1tk407c8!19sChIJa_uvMhQ1_RIRYoap5imUNqI?authuser=0&hl=en&rclk=1,https://lh3.googleusercontent.com/gps-cs-s/AHRPTWkORE0iDKSa-lflifTnLvlmSHX2LMCbOioRRqY4UyZfEJTbms4PDwQ5Dk2c-dPPwxYW5D9f_V-EAZLNU2JphHtuZGIco_AiE2sLGnhHubCzQPEYaA6OFPwKJbFuOyOuFE1OILGTkw=w408-h271-k-no,3.9,Not Available,Software company,"Rue du Lac Biwa, Tunis 1053","Monday, 8:30 AM to 6 PM,Thursday, 8:30 AM to 6 PM,Friday, 8:30 AM to 6 PM,Saturday, Closed,Sunday, Closed",Not Available,http://www.vermeg.com/,71 160 600,"https://lh3.googleusercontent.com/gps-cs-s/AHRPTWkORE0iDKSa-lflifTnLvlmSHX2LMCbOioRRqY4UyZfEJTbms4PDwQ5Dk2c-dPPwxYW5D9f_V-EAZLNU2JphHtuZGIco_AiE2sLGnhHubCzQPEYaA6OFPwKJbFuOyOuFE1OILGTkw=w32-h32-p-k-no,https://lh3.googleusercontent.com/gps-cs-s/AHRPTWkORE0iDKSa-lflifTnLvlmSHX2LMCbOioRRqY4UyZfEJTbms4PDwQ5Dk2c-dPPwxYW5D9f_V-EAZLNU2JphHtuZGIco_AiE2sLGnhHubCzQPEYaA6OFPwKJbFuOyOuFE1OILGTkw=w408-h271-k-no,https://lh3.googleusercontent.com/gps-cs-s/AHRPTWkORE0iDKSa-lflifTnLvlmSHX2LMCbOioRRqY4UyZfEJTbms4PDwQ5Dk2c-dPPwxYW5D9f_V-EAZLNU2JphHtuZGIco_AiE2sLGnhHubCzQPEYaA6OFPwKJbFuOyOuFE1OILGTkw=w447-h298-k-no,https://lh3.googleusercontent.com/gps-cs-s/AHRPTWkWqO01nzBQFwTSFE0SlzCC17ZO3BzGtPJz4az9pO679VVZF2U_JlTMrryEKUQLXcJeLyAkC8IWh12sx36092OHufVS-1-lsJmkmFFO2jq8ZSfq88aC8wB1pEZARjOGQR8ZbCyp=w224-h398-k-no,https://lh3.googleusercontent.com/a/ACg8ocLc16xYAb1ZuNssMvDmd7YyfIwAFYeLUGPMhVzeKsJ81Re2Uw=w36-h36-p-rp-mo-br100,https://lh3.googleusercontent.com/a-/ALV-UjWqdgETP0hIpHN4WpbKlaq6nKWRFK0VLqTEp0mVG5ujepTPuEz4=w36-h36-p-rp-mo-ba12-br100,https://lh3.googleusercontent.com/a-/ALV-UjU1GH0PBxeaQVni8TCOQ5n8uAMx6aK072UF0XeV2HVjPofdVws_RA=w36-h36-p-rp-mo-ba12-br100,https://lh3.googleusercontent.com/gps-cs-s/AHRPTWlR7d5N0zHNPOuOq5fYbRoxqokR_X2s8vXqZdkYdJvij0JJxt1dTOtG89XAHD3s-NGXV8QbU9s19kXHd8CEnADd5MGuY0VpcdVxS2qxgGzzw-Zdvd4CtCFmicMOYiA7FDPQtixd=w156-h114-p-k-no,https://lh3.googleusercontent.com/gps-cs-s/AHRPTWn95gMjt_XpCOyVodQm6vOc229YjyPPM_PzFYejNl1Ufi6kjtczf6Qi4uHqs_ktEIQhnuQzu6VxCdMCdZxvE5jTqCPRbGgpqhj5C2cxm--nIQYt_TBKt3RBLtqJhxDVWoIa9jQ=w156-h114-p-k-no,https://lh3.googleusercontent.com/gps-cs-s/AHRPTWnadJ7iXetOBS5cl6YZd0X_k1ksV89Bwl8YUs7KvcjSjjCT5hcn4x_csHRpb4MDPb5TsHNQI1VJjgbP5C6JYvNrlgH9K9IDhgPlpK532EktyIIOOWPV7p-JUr0_GBdjuDIh49-GrA=w156-h114-p-k-no,https://lh3.googleusercontent.com/gps-cs-s/AHRPTWkp7mWb9Uw5ho7aeVltNoxVvL0c9-IhuLGt4UdsXUuridrunIuKaqDQTc_ogjYMfGR0NTb6nyXAOs6zbwy6HldsDSH8EdMrSquincVSI7eFLJwTDJhBZaHGycKRUxqSiAZPkhc=w156-h114-p-k-no",36.8313079,10.2327599,communication@vermeg.com,https://www.facebook.com/Vermeg/,Not Available,Not Available,https://www.youtube.com/@vermeg5665,https://www.linkedin.com/company/vermeg,"Accessibility,,Wheelchair-accessible entrance"
DECADE Tunisie,https://www.google.com/maps/place/DECADE+Tunisie/data=!4m7!3m6!1s0x12fd34f34884a3a1:0x57c31930c6a5f264!8m2!3d36.8206372!4d10.1917976!16s%2Fg%2F11cmx68lnn!19sChIJoaOESPM0_RIRZPKlxjAZw1c?authuser=0&hl=en&rclk=1,https://lh3.googleusercontent.com/a/ACg8ocIhjijna1icdoEBo-6JXaH6owjZzgNp93hvMm1vM8Lsl75fmA=w36-h36-p-rp-mo-ba12-br100,5.0,Not Available,Software company,"R5CR+6PP, Tunis","Monday, 8 AM to 3 PM,Thursday, 8 AM to 3 PM,Friday, Closed,Saturday, Closed,Sunday, Closed",Not Available,Not Available,Not Available,"https://lh3.googleusercontent.com/a/ACg8ocIhjijna1icdoEBo-6JXaH6owjZzgNp93hvMm1vM8Lsl75fmA=w36-h36-p-rp-mo-ba12-br100,https://lh3.googleusercontent.com/a-/ALV-UjVHDy1uGB2uMPSQ6ON9tVIXdGxrQudnPU3JmZT9IgTxGPuBz-aD=w36-h36-p-rp-mo-ba12-br100,https://lh3.googleusercontent.com/a-/ALV-UjUEVpuY4pF0UdEG3EzKDC17BCYIYpoGwdAKvKITm3zf793Af_4=w36-h36-p-rp-mo-br100,https://lh3.googleusercontent.com/gps-cs-s/AHRPTWlkDC98Zte9hNjg1N_FW40lwDEYwHOk7QCb0vkZlbmm6esxTVUwwvNe03f2u0WPjtBpqZzs0Cok6WXUIkrK5x3wuT1FUNEOnHyYcgloF7SYyPiXtglkxVQ9GShxQQs0KCgpfjR4=w156-h114-p-k-no,https://lh3.googleusercontent.com/gps-cs-s/AHRPTWlIojjekL0drrmhEO5yAVu7DEfT__dZQH3UliSgL_zocNGA6bLp2lnvMhn-zn1gqeNC-fjYEtk3qLHk2gkmoqNFLrGlOA9EwVGDSoYF5SpPGssthK2kjUiVTvjiUHkAo-Af6JM=w156-h114-p-k-no",36.8206372,10.1917976,Not Available,Not Available,Not Available,Not Available,Not Available,Not Available,Not Available
Think Tank Business Solutions,https://www.google.com/maps/place/Think+Tank+Business+Solutions/data=!4m7!3m6!1s0x12fd34920e71b483:0x985d415d13001903!8m2!3d36.8274272!4d10.1884337!16s%2Fg%2F11g87htzp4!19sChIJg7RxDpI0_RIRAxkAE11BXZg?authuser=0&hl=en&rclk=1,https://lh3.googleusercontent.com/gps-cs-s/AHRPTWl5_d4khfvL-Fdj7_k7chkXfpC47iRvwR0CdQJA9rPHkSLE-Fso01ug6u9qF5P9pvGK-G8Ksl1TQfMqN_W-k9Xape4ocFy6ZADKVOikLlApPx9bvrKuBklugJOjD4gJQbQypbzd=w408-h306-k-no,4.8,Not Available,Software company,"Angle Rue Najachi, Rue Ibn Charaf, Tunis 1002","Monday, 8 AM to 6 PM,Thursday, 8 AM to 6 PM,Friday, 8 AM to 6 PM,Saturday, Closed,Sunday, Closed",Not Available,http://www.thinktank.de/,71 784 726,"https://lh3.googleusercontent.com/gps-cs-s/AHRPTWl5_d4khfvL-Fdj7_k7chkXfpC47iRvwR0CdQJA9rPHkSLE-Fso01ug6u9qF5P9pvGK-G8Ksl1TQfMqN_W-k9Xape4ocFy6ZADKVOikLlApPx9bvrKuBklugJOjD4gJQbQypbzd=w32-h32-p-k-no,https://lh3.googleusercontent.com/gps-cs-s/AHRPTWl5_d4khfvL-Fdj7_k7chkXfpC47iRvwR0CdQJA9rPHkSLE-Fso01ug6u9qF5P9pvGK-G8Ksl1TQfMqN_W-k9Xape4ocFy6ZADKVOikLlApPx9bvrKuBklugJOjD4gJQbQypbzd=w408-h306-k-no,https://lh3.googleusercontent.com/gps-cs-s/AHRPTWmPXx_YNFfWaeO14qNIRFpKTcfNduuZBckBp2Cq5OygGjjCZ8cweFuAMUtvVoPI1snCsHFInkGjWIJTPWotf1E1Gg6pG6Z8cC1owL2EJ3oso2lIiZULJ11Vrohsm1QNzeiVisqXZg=w360-h244-k-no,https://lh3.googleusercontent.com/a-/ALV-UjWufXYFpZ5uwCtt7FyW-WFX_YzCVZv8kVZavz30vqcVliYlzJWt=w36-h36-p-rp-mo-br100,https://lh3.googleusercontent.com/a-/ALV-UjV3hpggnDy2fpVcBRGg7EMnF9LF5mdg-w-exvWreVzMrLfKMsI=w36-h36-p-rp-mo-br100,https://lh3.googleusercontent.com/a/ACg8ocIVg6LVmfwPlxKOYg2FXLRICqLVeftniVR0hI1zBBENmQWsxA=w36-h36-p-rp-mo-br100,https://lh3.googleusercontent.com/gps-cs-s/AHRPTWnXCpIOFgBcyi71yye6waHi5s0ViznuxbC4yC0o3U1WBPXlyHbEicEi9RHlJdbcFd8Ag7vBXZUH3tr0qnNXznq_vLr8tshxFprzLp5m9AOinAwfoyhIU-eHv6XiCeedsvB6VB9K=w156-h114-p-k-no,https://lh3.googleusercontent.com/gps-cs-s/AHRPTWmYScIYw6AyP1n_oq859MgzcP-Otm04XBTDYtJ_Jwk3vrbrOxv0zZZKJaZaGNyirmbJoOyeNA5SsYDl1KMPbtKbNr8yaFMB6jhdCytBJksy8XQhkB2kABFuJuuhjACXHWn_X20T=w156-h114-p-k-no,https://lh3.googleusercontent.com/gps-cs-s/AHRPTWl8pWAh42u5HxBysUeGIcT06ifMxDjsx8rjLfpgOMyOVS73-qs_UZYC-lVwTk0UE50UeTjZvKbhxuoBqcW4M92rZb0-uwXC-_qqj8Oclj_GCb4C3b8UeNG5huuXAVxOksbTpv0=w156-h114-p-k-no",36.8274272,10.1884337,name@example.com,Not Available,Not Available,Not Available,Not Available,https://www.linkedin.com/company/think-tank-business-solutions/,Not Available
littlewolf.tech Tunisia,https://www.google.com/maps/place/littlewolf.tech+Tunisia/data=!4m7!3m6!1s0x12fd34722f373653:0xd057ebbca2a5e355!8m2!3d36.8008938!4d10.1793219!16s%2Fg%2F11g92n7lrx!19sChIJUzY3L3I0_RIRVeOlorzrV9A?authuser=0&hl=en&rclk=1,https://lh3.googleusercontent.com/gps-cs-s/AHRPTWml6HAk1XavTMR-xU1_zq0hKIOmKiQrOKaRJA1tUeC0coh8lzwN7dDeV6SXeh9UULKCa8WAoeAWvz5L-VjFzdfeSiHpTdjWFVSF6Ji8QzdGtnwbcBXJNB1HMfrphy39Gz45P1SfnQ=w408-h306-k-no,Not Available,Not Available,Software company,"64 Rue Mokhtar Attia, Tunis 1000","Monday, 9 AM to 6 PM,Thursday, 9 AM to 6 PM,Friday, 9 AM to 6 PM,Saturday, Closed,Sunday, Closed",Not Available,https://littlewolf.tech/,98 321 825,"https://lh3.googleusercontent.com/gps-cs-s/AHRPTWml6HAk1XavTMR-xU1_zq0hKIOmKiQrOKaRJA1tUeC0coh8lzwN7dDeV6SXeh9UULKCa8WAoeAWvz5L-VjFzdfeSiHpTdjWFVSF6Ji8QzdGtnwbcBXJNB1HMfrphy39Gz45P1SfnQ=w32-h32-p-k-no,https://lh3.googleusercontent.com/gps-cs-s/AHRPTWml6HAk1XavTMR-xU1_zq0hKIOmKiQrOKaRJA1tUeC0coh8lzwN7dDeV6SXeh9UULKCa8WAoeAWvz5L-VjFzdfeSiHpTdjWFVSF6Ji8QzdGtnwbcBXJNB1HMfrphy39Gz45P1SfnQ=w408-h306-k-no,https://lh3.googleusercontent.com/gps-cs-s/AHRPTWml6HAk1XavTMR-xU1_zq0hKIOmKiQrOKaRJA1tUeC0coh8lzwN7dDeV6SXeh9UULKCa8WAoeAWvz5L-VjFzdfeSiHpTdjWFVSF6Ji8QzdGtnwbcBXJNB1HMfrphy39Gz45P1SfnQ=w397-h298-k-no,https://lh3.googleusercontent.com/gps-cs-s/AHRPTWnzACm8AlNpgpPK1sho6Vg3YRJoKPl1_jvHc37n9aVzRIR_8hs1N5Sm0nByqRevdberj6ZPk4aDOvI05NMUHd6JVAldZocAPHIs4DIHG9wfNQToLCDP07DHjjYj1Vx9X_xmSdY7=w224-h298-k-no,https://streetviewpixels-pa.googleapis.com/v1/thumbnail?panoid=WTt1W4onzWlqmntb4dbpDw&cb_client=maps_sv.tactile.gps&w=224&h=298&yaw=274.4981&pitch=0&thumbfov=100,https://lh3.googleusercontent.com/gps-cs-s/AHRPTWkSEfib0eoL46e4Qzf4YgTQeMlTxFAaagELP1GhY65jejOB8C1crXDixj250LPUVLJk4vPtwssLlDGpO6FaMsvtSi2nAywOb-ByaKEG5wMMpEfV_1zts0Md4LN4PvlxvV8ySiQZXDmlyRqD=w156-h114-p-k-no,https://lh3.googleusercontent.com/gps-cs-s/AHRPTWnQTPZhpHAxXkUgOHxYlIlsqiMn9-dfEdaZ-tlIAJK8gD3-NNpZbq_i90wDlmkFM0ZZmpn7gBeZI5zioxX22wNW-f_97D8i4rP2j6ZQETzJpUc2zfnRUu36lUBjPACsd-lpK2Y=w156-h114-p-k-no",36.8008938,10.1793219,info@littlewolf.tech,Not Available,Not Available,Not Available,Not Available,https://www.linkedin.com/company/littlewolf-tech,Not Available
Sopra HR Software Tunisie,https://www.google.com/maps/place/Sopra+HR+Software+Tunisie/data=!4m7!3m6!1s0x12fd3516627a27b7:0x236d712d6df1999b!8m2!3d36.8493497!4d10.2753231!16s%2Fg%2F1hc2c3pt7!19sChIJtyd6YhY1_RIRm5nxbS1xbSM?authuser=0&hl=en&rclk=1,https://lh3.googleusercontent.com/gps-cs-s/AHRPTWlH_YZjUEUGE17uo8utZYRRTQaKfq-8_Q7kgStMhqpkkqEgfOhN-o0YJ0K79uMwMX9C6qGv6xeKEIn2Xz4S3qvvfY2hH8fNXFGTc2LkvS87ViUcXNvRRmT5QNpAUPOP_MCcAHFo=w408-h504-k-no,4.0,Not Available,Software company,"Immeuble Les Pins, Bloc B, Cite Les Pins, Lotissement Zone VI Lac II 1053, Tunis 1053","Monday, 8 AM to 6 PM,Thursday, 8 AM to 6 PM,Friday, 8 AM to 6 PM,Saturday, Closed,Sunday, Closed",Not Available,http://soprahr.com/,71 167 300,"https://lh3.googleusercontent.com/gps-cs-s/AHRPTWlH_YZjUEUGE17uo8utZYRRTQaKfq-8_Q7kgStMhqpkkqEgfOhN-o0YJ0K79uMwMX9C6qGv6xeKEIn2Xz4S3qvvfY2hH8fNXFGTc2LkvS87ViUcXNvRRmT5QNpAUPOP_MCcAHFo=w32-h32-p-k-no,https://lh3.googleusercontent.com/gps-cs-s/AHRPTWlH_YZjUEUGE17uo8utZYRRTQaKfq-8_Q7kgStMhqpkkqEgfOhN-o0YJ0K79uMwMX9C6qGv6xeKEIn2Xz4S3qvvfY2hH8fNXFGTc2LkvS87ViUcXNvRRmT5QNpAUPOP_MCcAHFo=w408-h504-k-no,https://lh3.googleusercontent.com/gps-cs-s/AHRPTWlH_YZjUEUGE17uo8utZYRRTQaKfq-8_Q7kgStMhqpkkqEgfOhN-o0YJ0K79uMwMX9C6qGv6xeKEIn2Xz4S3qvvfY2hH8fNXFGTc2LkvS87ViUcXNvRRmT5QNpAUPOP_MCcAHFo=w241-h298-k-no,https://lh3.googleusercontent.com/gps-cs-s/AHRPTWlVA9XNgmyBJZRIxp0HgX5uJOiW26KEHF-gBRC8E255J2eeWOGUdse7pY2rlgvGXUqXSkzvvgNFP7mP7Rb9fxvqJcymn-ubulPEvei9zOrW3R4WWm_0XGm2F11N1weIwTkC78Chog=w224-h398-k-no,https://lh3.googleusercontent.com/a-/ALV-UjWP0ZydmNl1USP0urPxWQKCR2wIboK1X3NFYh0I5I29lTrllNA=w36-h36-p-rp-mo-ba12-br100,https://lh3.googleusercontent.com/a-/ALV-UjU4lSqkZ1cwtnSrUeiN6TWcy5SrAfo1t8OHDVs5e6JZrxKLgWDK=w36-h36-p-rp-mo-br100,https://lh3.googleusercontent.com/a-/ALV-UjXRrUqRqoqbqWtWQObtjzqSPg3_zqCVtXfzsJl7bA0AOVbu1qWR=w36-h36-p-rp-mo-br100,https://lh3.googleusercontent.com/gps-cs-s/AHRPTWlN1l2DcRqPzsAbXVg743n7FtERMIZeHNf7PsRD6XWIgruV2Km14Usa8-Al-uPtln8gwBT7YJimpsENbIv9BD9AZEntRbfkKodNxLfN3v8jUP1hFI_zoLkbU2s0THXoCSeYJxiAbw=w156-h114-p-k-no,https://lh3.googleusercontent.com/gps-cs-s/AHRPTWnadJ7iXetOBS5cl6YZd0X_k1ksV89Bwl8YUs7KvcjSjjCT5hcn4x_csHRpb4MDPb5TsHNQI1VJjgbP5C6JYvNrlgH9K9IDhgPlpK532EktyIIOOWPV7p-JUr0_GBdjuDIh49-GrA=w156-h114-p-k-no,https://lh3.googleusercontent.com/gps-cs-s/AHRPTWkb5NuOZ3_4Kxu1hlsh1kOYFj9EMAUM2O5OBcawymVMK8QFT8kOVa4fGzrNYaQ3VREdfzXlMX1SbC5067G0GsMl5XxsA7TRQpOmGpO0r3N84tn6qoDtFJHQ10CoRDBfNqd7v4Q=w156-h114-p-k-no,https://lh3.googleusercontent.com/gps-cs-s/AHRPTWkR8yFBxFem0U4j6fhqeJZoUFkOh1YHWDbPQplEqAwwJFrABo8osr63JBh7b3RCDMt2MxRStR0VXYLab1U9ShlasZLXTssDXFhkMMjrrf_pJhYeUAOQnP6_-sCcvv5VObhEkoo0Kw=w156-h114-p-k-no",36.8493497,10.2753231,Not Available,Not Available,Not Available,Not Available,Not Available,Not Available,"Accessibility,,Wheelchair-accessible car park,,Wheelchair-accessible entrance"
Eezee-it Tunis - Odoo Partner,https://www.google.com/maps/place/Eezee-it+Tunis+-+Odoo+Partner/data=!4m7!3m6!1s0x12fd35a6fcd05f85:0xa248bb98600ceee0!8m2!3d36.8064948!4d10.1815316!16s%2Fg%2F11l_7zzg1m!19sChIJhV_Q_KY1_RIR4O4MYJi7SKI?authuser=0&hl=en&rclk=1,https://streetviewpixels-pa.googleapis.com/v1/thumbnail?panoid=7gbO1-tvWIm551vqQldUcw&cb_client=search.gws-prod.gps&w=408&h=240&yaw=252.61525&pitch=0&thumbfov=100,5.0,Not Available,Software company,"3 ème étage, A17, Résidence Tunis Carthage, Av. De Carthage, Ariana 2027","Monday, 8:30 AM to 5:30 PM,Thursday, 8:30 AM to 5:30 PM,Friday, 8:30 AM to 5:30 PM,Saturday, Closed,Sunday, Closed",Not Available,https://eezee-it.com/,Not Available,"https://streetviewpixels-pa.googleapis.com/v1/thumbnail?panoid=7gbO1-tvWIm551vqQldUcw&cb_client=search.gws-prod.gps&w=86&h=86&yaw=252.61525&pitch=0&thumbfov=100,https://streetviewpixels-pa.googleapis.com/v1/thumbnail?panoid=7gbO1-tvWIm551vqQldUcw&cb_client=search.gws-prod.gps&w=408&h=240&yaw=252.61525&pitch=0&thumbfov=100,https://streetviewpixels-pa.googleapis.com/v1/thumbnail?panoid=7gbO1-tvWIm551vqQldUcw&cb_client=maps_sv.tactile.gps&w=224&h=298&yaw=252.61525&pitch=0&thumbfov=100,https://lh3.googleusercontent.com/a-/ALV-UjWCh4FDcm2fX296W6yRH0rbmk-UtAy8HsFU_RQRRS7IlgwufKwe=w36-h36-p-rp-mo-br100,https://lh3.googleusercontent.com/gps-cs-s/AHRPTWkJJAVYrB4GCsCyNbkOlbC8yfLHx7l35l-KmP6fMIkD1fhVzAGRnzZzSgEhzF98pbkhht3FPQAsmvsjsDZ2yj2q5WsIjY035LhikEdItRNEZh3XiAekHm_W_WkPY5ETAVmFUx23=w156-h114-p-k-no",36.8064948,10.1815316,info@eezee-it.com,Not Available,Not Available,Not Available,Not Available,https://www.linkedin.com/company/eezee-it/posts/?feedView=all,Not Available
ITSolution Tunisie,https://www.google.com/maps/place/ITSolution+Tunisie/data=!4m7!3m6!1s0x12fd33b69961e513:0xdba432a09b9948ad!8m2!3d36.803763!4d10.1314351!16s%2Fg%2F1tf132m0!19sChIJE-VhmbYz_RIRrUiZm6AypNs?authuser=0&hl=en&rclk=1,https://lh3.googleusercontent.com/gps-cs-s/AHRPTWmFUti5nBzgVmaSeN1X9GtvLk52zD1xur8II-e5OdCAulisCEudB9mLHxdmZ7ron-H9ZGzDY134pfWm4yDhgSQoNVsQWGXPYbfKGUyiNKt_IrtHllMRJg5ZNtgPrT6vVIBFji8qIw=w408-h306-k-no,4.6,Not Available,Computer support and services,"10 Rue Ibn Abbed, Tunis 2000","Monday, 8 AM to 6 PM,Thursday, 8 AM to 6 PM,Friday, 8 AM to 6 PM,Saturday, 9 AM to 2 PM,Sunday, Closed",Not Available,http://www.itsolution-tn.com/,23 689 978,"https://lh3.googleusercontent.com/gps-cs-s/AHRPTWmFUti5nBzgVmaSeN1X9GtvLk52zD1xur8II-e5OdCAulisCEudB9mLHxdmZ7ron-H9ZGzDY134pfWm4yDhgSQoNVsQWGXPYbfKGUyiNKt_IrtHllMRJg5ZNtgPrT6vVIBFji8qIw=w32-h32-p-k-no,https://lh3.googleusercontent.com/gps-cs-s/AHRPTWmFUti5nBzgVmaSeN1X9GtvLk52zD1xur8II-e5OdCAulisCEudB9mLHxdmZ7ron-H9ZGzDY134pfWm4yDhgSQoNVsQWGXPYbfKGUyiNKt_IrtHllMRJg5ZNtgPrT6vVIBFji8qIw=w408-h306-k-no,https://lh3.googleusercontent.com/gps-cs-s/AHRPTWnS1mqYS54bxNy-YLrryfkD2SL3DpBCQ6CbbpOlinDLuPMUfRnW3pAv3XKMSEH6DU5NzMes9NwC57n_AldZOnbwpe9S3Uejt4BfeHFJW8He52WWuZwMS7ZlPWKLyODUnDT0rzE_=w298-h298-k-no,https://lh3.googleusercontent.com/gps-cs-s/AHRPTWnNyRs4Ju14YvCfv48lieSz-1lUnXQ5ZpIOl8Kc4BAO_u6QU4VrVf2NeeuIDqnOUR7t7dRJiR6mhG-7PiRwtauSX7K9QSo1q27pi-9PYckEUOeCcFrWiuM65k94vZFKrAXIP2NNMg=w298-h298-k-no,https://lh3.googleusercontent.com/a-/ALV-UjXw3jBaq1Rnl8mNn1Bbblc34xuVewy11ZRc3m94dd3BndHfxd1q=w36-h36-p-rp-mo-br100,https://lh3.googleusercontent.com/a-/ALV-UjWFWZgOpNy4Y9U2i289LHtv9UG-J6PwdClraUC6iHrWUkM95Uk3Gw=w36-h36-p-rp-mo-br100,https://lh3.googleusercontent.com/a/ACg8ocJmr_Sg64rZiA4OthjhGXg6RhNqEMOfF1FZWlNEyydVGLPi6g=w36-h36-p-rp-mo-br100,https://lh3.googleusercontent.com/gps-cs-s/AHRPTWmdLD1yAyBwJ5fSqDy2hTDQUhAc1s003te6QVzPv1CWPbqMwbmRFKhK2RkgvXo82M7NYcLgoxOlO-yIQMNJL2pN0XGYRqwasPOTw1tP-EVsbc8m4XA9pc-KqBgkEufP176srr8Y=w156-h114-p-k-no",36.803763,10.1314351,commercial@itsolution-tn.com,https://www.facebook.com/itsolution.tunisie,https://twitter.com/itsolution_tn,Not Available,https://www.youtube.com/channel/UC08FMMN_GPpOItWxLfsjEGg,https://www.linkedin.com/company/itsolution-tunisie,Not Available
Hannibal advanced solutions : Agence Web Tunisie,https://www.google.com/maps/place/Hannibal+advanced+solutions+:+Agence+Web+Tunisie/data=!4m7!3m6!1s0x12fd357c19ed1859:0x356ee846af24433b!8m2!3d36.8154575!4d10.1857342!16s%2Fg%2F11ymn9g9y6!19sChIJWRjtGXw1_RIRO0Mkr0bobjU?authuser=0&hl=en&rclk=1,https://streetviewpixels-pa.googleapis.com/v1/thumbnail?panoid=dch_gcqilJ5E6-3g3NgIGQ&cb_client=search.gws-prod.gps&w=408&h=240&yaw=235.54387&pitch=0&thumbfov=100,5.0,Not Available,Website designer,Tunis 1000,"Monday, 8:30 AM to 6 PM,Thursday, 8:30 AM to 6 PM,Friday, 8:30 AM to 6 PM,Saturday, Closed,Sunday, Closed",Not Available,http://hannibaladvanced.com/,29 316 499,"https://streetviewpixels-pa.googleapis.com/v1/thumbnail?panoid=dch_gcqilJ5E6-3g3NgIGQ&cb_client=search.gws-prod.gps&w=86&h=86&yaw=235.54387&pitch=0&thumbfov=100,https://streetviewpixels-pa.googleapis.com/v1/thumbnail?panoid=dch_gcqilJ5E6-3g3NgIGQ&cb_client=search.gws-prod.gps&w=408&h=240&yaw=235.54387&pitch=0&thumbfov=100,https://streetviewpixels-pa.googleapis.com/v1/thumbnail?panoid=dch_gcqilJ5E6-3g3NgIGQ&cb_client=maps_sv.tactile.gps&w=224&h=298&yaw=235.54387&pitch=0&thumbfov=100,https://lh3.googleusercontent.com/gps-cs-s/AHRPTWmDdTwtzRELVjlSTFiFqatqR6-qpyA__e06BiHgEM9mN_A9Kpz5OUpYrMg2dxpS2-6isNPy-fonEoldlLZKlVvvQ5-3_hayWOatw2c7s-uYrkdw-Yjuf-x0xiP_sO3FfYm-zamD_FkLKOX0=w397-h298-k-no,https://lh3.googleusercontent.com/a-/ALV-UjXuA3t82huTzPCwxou_wggt5VnxUIu5Xt-qUnTbcwEKzXbChgm7=w36-h36-p-rp-mo-br100,https://lh3.googleusercontent.com/a-/ALV-UjXe24InoJPuszXA5pLg53E1bOZe1-ZbWi21uF4XaTWbceDB6Vo=w36-h36-p-rp-mo-br100,https://lh3.googleusercontent.com/a-/ALV-UjW3GX1qkk714MY1mF5HD_S0W0S1VnSO3MOFG6S31_K9pqMZaBM=w36-h36-p-rp-mo-br100",36.8154575,10.1857342,contact@hannibaladvanced.com,https://www.facebook.com/profile.php?id=61571023165350,Not Available,https://www.instagram.com/hannibaladvanced,https://www.youtube.com/@hannibaladvanced,https://www.linkedin.com/in/hannibal-advanced-03476138a/,Not Available
Lexa Technologies,https://www.google.com/maps/place/Lexa+Technologies/data=!4m7!3m6!1s0x12fd35727735859f:0xcccc1d1e139bca61!8m2!3d36.8494901!4d10.1981705!16s%2Fg%2F11ykxr0zy2!19sChIJn4U1d3I1_RIRYcqbEx4dzMw?authuser=0&hl=en&rclk=1,https://lh3.googleusercontent.com/gps-cs-s/AHRPTWmRxTDSU0bsn0efU61qPgC2DOslGYalL1YkH0U_Qv3kjGq7KBb32tB6NlMwK_0OtbM_MkSljsrapjc8mcgwHWmwvxMbiC0B3_Z6x7ktuYEyz-8zxBxEvtQQxlX7anumkTcX8cCuOWOHl1c=w408-h270-k-no,5.0,Not Available,Software company,"A1 immeuble Tamayouz 1082, Tunis","Monday, 8 AM to 6 PM,Thursday, 8 AM to 6 PM,Friday, 8 AM to 6 PM,Saturday, 8 AM to 6 PM,Sunday, Closed",Not Available,https://www.lexa.tn/,51 837 690,"https://lh3.googleusercontent.com/gps-cs-s/AHRPTWmRxTDSU0bsn0efU61qPgC2DOslGYalL1YkH0U_Qv3kjGq7KBb32tB6NlMwK_0OtbM_MkSljsrapjc8mcgwHWmwvxMbiC0B3_Z6x7ktuYEyz-8zxBxEvtQQxlX7anumkTcX8cCuOWOHl1c=w32-h32-p-k-no,https://lh3.googleusercontent.com/gps-cs-s/AHRPTWmRxTDSU0bsn0efU61qPgC2DOslGYalL1YkH0U_Qv3kjGq7KBb32tB6NlMwK_0OtbM_MkSljsrapjc8mcgwHWmwvxMbiC0B3_Z6x7ktuYEyz-8zxBxEvtQQxlX7anumkTcX8cCuOWOHl1c=w408-h270-k-no,https://streetviewpixels-pa.googleapis.com/v1/thumbnail?panoid=7S70JWTmoSCKOIZ93DM4cw&cb_client=search.gws-prod.gps&w=211&h=120&yaw=193.19176&pitch=0&thumbfov=100,https://lh3.googleusercontent.com/gps-cs-s/AHRPTWm9-1XjBc2tpH7EnoLMTXL8_D658XI_cZ_X7H31M6JTr4APWc8PpZUmBcxJ8urAM8JP1tWyad0BIchwA6D5EUdSjqH_g7QffhHx4tMCuWqvZPO3ciD3qRl-O2RY8j6PScar--8xQoXz0SY_=w140-h120-k-no,https://lh3.googleusercontent.com/a/ACg8ocILXR_rma8CE1Q-9UA_VTptbVlW0wwEbFsMT7RoZOBnpu1jVw=w36-h36-p-rp-mo-br100",36.8494901,10.1981705,info@lexa.tn,https://www.facebook.com/lexa.tn,Not Available,https://www.instagram.com/lexa.tn/,Not Available,https://www.linkedin.com/company/lexatechnologies,Not Available
Medius,https://www.google.com/maps/place/Medius/data=!4m7!3m6!1s0x12fd4bb4756b32ef:0x9b5b5e93ea63be5c!8m2!3d36.8314208!4d10.232271!16s%2Fg%2F11j2ns1wzx!19sChIJ7zJrdbRL_RIRXL5j6pNeW5s?authuser=0&hl=en&rclk=1,https://lh3.googleusercontent.com/gps-cs-s/AHRPTWliCC9OnIJWfJT50EiSJNoAxbMdki0Fruss9noFNJEt9MjLtE65dqsiUmG5zklEgzUG-Bu7PRZptspnKbFIfNW0Xo2hZzywOKN_3TlnkIp1eXza5hEYAz4YuKUKibWhp1M8pA0=w408-h306-k-no,4.9,Not Available,Software company,"Rue du Lac Biwa, Tunis","Monday, 9 AM to 6 PM,Thursday, 9 AM to 6 PM,Friday, 9 AM to 6 PM,Saturday, Closed,Sunday, Closed",Not Available,https://www.expensya.com/,+33 1 85 09 28 40,"https://lh3.googleusercontent.com/gps-cs-s/AHRPTWliCC9OnIJWfJT50EiSJNoAxbMdki0Fruss9noFNJEt9MjLtE65dqsiUmG5zklEgzUG-Bu7PRZptspnKbFIfNW0Xo2hZzywOKN_3TlnkIp1eXza5hEYAz4YuKUKibWhp1M8pA0=w32-h32-p-k-no,https://lh3.googleusercontent.com/gps-cs-s/AHRPTWliCC9OnIJWfJT50EiSJNoAxbMdki0Fruss9noFNJEt9MjLtE65dqsiUmG5zklEgzUG-Bu7PRZptspnKbFIfNW0Xo2hZzywOKN_3TlnkIp1eXza5hEYAz4YuKUKibWhp1M8pA0=w408-h306-k-no,https://lh3.googleusercontent.com/gps-cs-s/AHRPTWnTQB9jPnPs4fhR_FvH6EAXhs2sxSYSDoewq2bih-mSbXU10VFfHLXRkoMQDSx_PCzrX9-w4Gf0LcHc8C-TWZg3GWQHd3Z5_6D9OJ5aWXR6isDqJ5uxT3FrXBdcF3j_AhYt56Eq=w360-h480-k-no,https://lh3.googleusercontent.com/a-/ALV-UjUQufuLuoJTHmP_jF7lNvUQhuRVKmpnGkJFjJGbbHf2LJ36y7mNLA=w36-h36-p-rp-mo-ba12-br100,https://lh3.googleusercontent.com/a-/ALV-UjWaLo5NVpvgLSe70Wjz5ekg_FUELN0pGO5qHm3VI_rWIzCjVFaL=w36-h36-p-rp-mo-ba12-br100,https://lh3.googleusercontent.com/a/ACg8ocIGPYzOczW4ZrNfC5zyVQ3jstt3HyAt_A2xXls2zxbp4YX3Mw=w36-h36-p-rp-mo-br100",36.8314208,10.232271,info.france@medius.com,https://www.facebook.com/ExpensyaFR/,https://twitter.com/Expensya,https://www.instagram.com/expensya/,Not Available,https://www.linkedin.com/company/expensya,"Accessibility,,Wheelchair-accessible car park,,Wheelchair-accessible entrance"
Swiver,https://www.google.com/maps/place/Swiver/data=!4m7!3m6!1s0x12fd35efb88d17d7:0xaada2b66f643d4d0!8m2!3d36.8477616!4d10.1958769!16s%2Fg%2F11h79tpvt1!19sChIJ1xeNuO81_RIR0NRD9mYr2qo?authuser=0&hl=en&rclk=1,https://lh3.googleusercontent.com/gps-cs-s/AHRPTWkbPSJtQOVIsOZSj8Yx0kjmkXpwx_vtfkpiw2PyYgjUXWBdVXcQ8IwqbIOogK_VH06SuRGe-qzeFvXCMctrK5lbqro4JYUwpV7BO-xAo4hXLzvmH6Lgf-A50QXQhj936dwMoJ0P=w426-h240-k-no,4.7,Not Available,Software company,"bureau 1-4 - 1 ère étage Immeuble, New Tower, Tunis 1082","Monday, 8 AM to 3 PM,Thursday, 8 AM to 3:30 PM,Friday, 8 AM to 3 PM,Saturday, Closed,Sunday, Closed",Not Available,https://swiver.io/,36 018 000,"https://lh3.googleusercontent.com/gps-cs-s/AHRPTWkbPSJtQOVIsOZSj8Yx0kjmkXpwx_vtfkpiw2PyYgjUXWBdVXcQ8IwqbIOogK_VH06SuRGe-qzeFvXCMctrK5lbqro4JYUwpV7BO-xAo4hXLzvmH6Lgf-A50QXQhj936dwMoJ0P=w32-h32-p-k-no,https://lh3.googleusercontent.com/gps-cs-s/AHRPTWkbPSJtQOVIsOZSj8Yx0kjmkXpwx_vtfkpiw2PyYgjUXWBdVXcQ8IwqbIOogK_VH06SuRGe-qzeFvXCMctrK5lbqro4JYUwpV7BO-xAo4hXLzvmH6Lgf-A50QXQhj936dwMoJ0P=w426-h240-k-no,https://streetviewpixels-pa.googleapis.com/v1/thumbnail?panoid=uUrNKe9wyNvDz45hQm0E7g&cb_client=search.gws-prod.gps&w=211&h=120&yaw=111.37862&pitch=0&thumbfov=100,https://lh3.googleusercontent.com/gps-cs-s/AHRPTWkUvLZAeRpVno5lOmz9olqJH0cfF6aCO_PL0mszCj8AvXiaWE-kpJkmatzWRfImQg5ie0ZtVNPhfAz5_OxE3BXB845kennqwYPUUI7VTpbHMeHhDa3VZwjIdLAmMxzwcr7CQW2Y=w180-h120-k-no,https://lh3.googleusercontent.com/a-/ALV-UjXEeNKjpzhJMGR3EUJnV0_NfTa7hN3_ION-jJ89Zaxdcvp_tsNVAA=w36-h36-p-rp-mo-ba12-br100,https://lh3.googleusercontent.com/a-/ALV-UjX6_xbNKU7uyApE95s3VmGG_OgTBSWrPRey0RPN-ked5ZMXQ8Ynqw=w36-h36-p-rp-mo-br100,https://lh3.googleusercontent.com/a/ACg8ocKaK7aRO0B_woGao9G5D1CBfuIaWd_rELWpIL-6KkftIXEczg=w36-h36-p-rp-mo-br100",36.8477616,10.1958769,info@swiver.io,//facebook.com/swiver.io,Not Available,//instagram.com/swiver.io,https://www.youtube.com/@swiver4400,https://www.linkedin.com/in/expert-seo-tunisie/,"Accessibility,,Wheelchair-accessible car park,,Wheelchair-accessible entrance,,Wheelchair-accessible seating,,Wheelchair-accessible toilet"
Campion-Tech,https://www.google.com/maps/place/Campion-Tech/data=!4m7!3m6!1s0x12fd347de5d3fe77:0x6e40c0e44c4e0a35!8m2!3d36.8166478!4d10.1765218!16s%2Fg%2F11hynjrm0d!19sChIJd_7T5X00_RIRNQpOTOTAQG4?authuser=0&hl=en&rclk=1,https://streetviewpixels-pa.googleapis.com/v1/thumbnail?panoid=_lpLdXAOc3rrAVzsxWTpUQ&cb_client=search.gws-prod.gps&w=408&h=240&yaw=86.20244&pitch=0&thumbfov=100,5.0,Not Available,Software company,"21 Av. Des Etats Unis, Tunis 1002","Monday, 8:30 AM to 5:30 PM,Thursday, 8:30 AM to 5:30 PM,Friday, 8:30 AM to 5:30 PM,Saturday, 8:30 AM to 5:30 PM,Sunday, Closed",Not Available,http://campion-tech.com/page/about-us,25 004 924,"https://streetviewpixels-pa.googleapis.com/v1/thumbnail?panoid=_lpLdXAOc3rrAVzsxWTpUQ&cb_client=search.gws-prod.gps&w=86&h=86&yaw=86.20244&pitch=0&thumbfov=100,https://streetviewpixels-pa.googleapis.com/v1/thumbnail?panoid=_lpLdXAOc3rrAVzsxWTpUQ&cb_client=search.gws-prod.gps&w=408&h=240&yaw=86.20244&pitch=0&thumbfov=100,https://streetviewpixels-pa.googleapis.com/v1/thumbnail?panoid=_lpLdXAOc3rrAVzsxWTpUQ&cb_client=search.gws-prod.gps&w=360&h=120&yaw=86.20244&pitch=0&thumbfov=100,https://lh3.googleusercontent.com/a-/ALV-UjV7z2rU0EH8BRpBJuxmbql-MkhKNJUphBjh9-zdeSp3UOGKxAmrLQ=w36-h36-p-rp-mo-br100,https://lh3.googleusercontent.com/a-/ALV-UjUXrDWWqCJzCpGJEJADOg3EhIo6u-8R54j7rn-QgCxsK_a4u8Gz=w36-h36-p-rp-mo-br100,https://lh3.googleusercontent.com/a/ACg8ocKKCfASKb7G_UjLsQc4gDrF4ABZpBTrHQd9VPOA4NPqAwgHRQ=w36-h36-p-rp-mo-br100",36.8166478,10.1765218,contact@campion-tech.com,https://www.facebook.com/profile.php?id=100063234939936,Not Available,Not Available,https://www.youtube.com/@campion-tech8638,https://www.linkedin.com/company/campion-tech,Not Available
Mint IT,https://www.google.com/maps/place/Mint+IT/data=!4m7!3m6!1s0x12fd3462c423a087:0xf7426d02d5a0e91f!8m2!3d36.8226638!4d10.1836816!16s%2Fg%2F11bx2lg3q3!19sChIJh6AjxGI0_RIRH-mg1QJtQvc?authuser=0&hl=en&rclk=1,https://lh3.googleusercontent.com/gps-cs-s/AHRPTWnL3ByjD3qn5WXw8VbS1HUWiXdqLbgZO3XlqCmPZU1Zg9_JEB9VobjUXf1L46qwf9tcFaRmgLQcGtDIXG-gt9dKF2ZBFgu8k2tSiOVyk0nwySlXuud7qA-id5TuIzTMm72QzL8=w408-h306-k-no,4.2,Not Available,Software company,"8 Rue du Royaume d'Arabie Saoudite, Tunis 1002","Monday, 9 AM to 6 PM,Thursday, 9 AM to 6 PM,Friday, 9 AM to 6 PM,Saturday, Closed,Sunday, Closed",Not Available,http://www.mintit.io/,71 891 743,"https://lh3.googleusercontent.com/gps-cs-s/AHRPTWnL3ByjD3qn5WXw8VbS1HUWiXdqLbgZO3XlqCmPZU1Zg9_JEB9VobjUXf1L46qwf9tcFaRmgLQcGtDIXG-gt9dKF2ZBFgu8k2tSiOVyk0nwySlXuud7qA-id5TuIzTMm72QzL8=w32-h32-p-k-no,https://lh3.googleusercontent.com/gps-cs-s/AHRPTWnL3ByjD3qn5WXw8VbS1HUWiXdqLbgZO3XlqCmPZU1Zg9_JEB9VobjUXf1L46qwf9tcFaRmgLQcGtDIXG-gt9dKF2ZBFgu8k2tSiOVyk0nwySlXuud7qA-id5TuIzTMm72QzL8=w408-h306-k-no,https://lh3.googleusercontent.com/gps-cs-s/AHRPTWn9UsYjPyfRJlvzFLI1NuRWMiv-WZJZr0mufL787iddyeE2Q3EeZhO3EJhnDQs1UPM-wgTzPg4LGovhcQ9492UFk1Fh7Ee6-NxAmwXFU9-lp1m9-XnEeYvtFZ_7ND27gDDANe4=w360-h480-k-no,https://lh3.googleusercontent.com/a-/ALV-UjX84fcpUd7dTcy7CPXZYjzx-ggGH8NcgRfNuafPFn06xiKOEIp0hQ=w36-h36-p-rp-mo-ba12-br100,https://lh3.googleusercontent.com/a-/ALV-UjW5gCCvXVlSyC_HeNHx0BKZVEbwF70pW2zYwWz0PGHfcN09mSaKLA=w36-h36-p-rp-mo-ba12-br100,https://lh3.googleusercontent.com/a-/ALV-UjX9efL0I-_nyjC0v5Ob35NUjs7F_12RDvv7Rivto-JNHoBHzKAL=w36-h36-p-rp-mo-br100",36.8226638,10.1836816,contact@mintit.io,Not Available,Not Available,Not Available,Not Available,https://www.linkedin.com/company/mint-it-io/,Not Available
Lexa Technologies,https://www.google.com/maps/place/Lexa+Technologies/data=!4m7!3m6!1s0x12fd35727735859f:0xcccc1d1e139bca61!8m2!3d36.8494901!4d10.1981705!16s%2Fg%2F11ykxr0zy2!19sChIJn4U1d3I1_RIRYcqbEx4dzMw?authuser=0&hl=en&rclk=1,https://lh3.googleusercontent.com/gps-cs-s/AHRPTWmRxTDSU0bsn0efU61qPgC2DOslGYalL1YkH0U_Qv3kjGq7KBb32tB6NlMwK_0OtbM_MkSljsrapjc8mcgwHWmwvxMbiC0B3_Z6x7ktuYEyz-8zxBxEvtQQxlX7anumkTcX8cCuOWOHl1c=w408-h270-k-no,5.0,Not Available,Software company,"A1 immeuble Tamayouz 1082, Tunis","Monday, 8 AM to 6 PM,Thursday, 8 AM to 6 PM,Friday, 8 AM to 6 PM,Saturday, 8 AM to 6 PM,Sunday, Closed",Not Available,https://www.lexa.tn/,51 837 690,"https://lh3.googleusercontent.com/gps-cs-s/AHRPTWmRxTDSU0bsn0efU61qPgC2DOslGYalL1YkH0U_Qv3kjGq7KBb32tB6NlMwK_0OtbM_MkSljsrapjc8mcgwHWmwvxMbiC0B3_Z6x7ktuYEyz-8zxBxEvtQQxlX7anumkTcX8cCuOWOHl1c=w32-h32-p-k-no,https://lh3.googleusercontent.com/gps-cs-s/AHRPTWmRxTDSU0bsn0efU61qPgC2DOslGYalL1YkH0U_Qv3kjGq7KBb32tB6NlMwK_0OtbM_MkSljsrapjc8mcgwHWmwvxMbiC0B3_Z6x7ktuYEyz-8zxBxEvtQQxlX7anumkTcX8cCuOWOHl1c=w408-h270-k-no,https://lh3.googleusercontent.com/gps-cs-s/AHRPTWmRxTDSU0bsn0efU61qPgC2DOslGYalL1YkH0U_Qv3kjGq7KBb32tB6NlMwK_0OtbM_MkSljsrapjc8mcgwHWmwvxMbiC0B3_Z6x7ktuYEyz-8zxBxEvtQQxlX7anumkTcX8cCuOWOHl1c=w449-h298-k-no,https://lh3.googleusercontent.com/gps-cs-s/AHRPTWm9-1XjBc2tpH7EnoLMTXL8_D658XI_cZ_X7H31M6JTr4APWc8PpZUmBcxJ8urAM8JP1tWyad0BIchwA6D5EUdSjqH_g7QffhHx4tMCuWqvZPO3ciD3qRl-O2RY8j6PScar--8xQoXz0SY_=w348-h298-k-no,https://streetviewpixels-pa.googleapis.com/v1/thumbnail?panoid=7S70JWTmoSCKOIZ93DM4cw&cb_client=maps_sv.tactile.gps&w=224&h=298&yaw=193.19176&pitch=0&thumbfov=100,https://lh3.googleusercontent.com/a/ACg8ocILXR_rma8CE1Q-9UA_VTptbVlW0wwEbFsMT7RoZOBnpu1jVw=w36-h36-p-rp-mo-br100",36.8494901,10.1981705,info@lexa.tn,https://www.facebook.com/lexa.tn,Not Available,https://www.instagram.com/lexa.tn/,Not Available,https://www.linkedin.com/company/lexatechnologies,"Service options,,Online appointments,,On-site services,    Parking,,On-site parking,,Paid parking lot"
Medius,https://www.google.com/maps/place/Medius/data=!4m7!3m6!1s0x12fd4bb4756b32ef:0x9b5b5e93ea63be5c!8m2!3d36.8314208!4d10.232271!16s%2Fg%2F11j2ns1wzx!19sChIJ7zJrdbRL_RIRXL5j6pNeW5s?authuser=0&hl=en&rclk=1,https://lh3.googleusercontent.com/gps-cs-s/AHRPTWliCC9OnIJWfJT50EiSJNoAxbMdki0Fruss9noFNJEt9MjLtE65dqsiUmG5zklEgzUG-Bu7PRZptspnKbFIfNW0Xo2hZzywOKN_3TlnkIp1eXza5hEYAz4YuKUKibWhp1M8pA0=w408-h306-k-no,4.9,Not Available,Software company,"Rue du Lac Biwa, Tunis","Monday, 9 AM to 6 PM,Thursday, 9 AM to 6 PM,Friday, 9 AM to 6 PM,Saturday, Closed,Sunday, Closed",Not Available,https://www.expensya.com/,+33 1 85 09 28 40,"https://lh3.googleusercontent.com/gps-cs-s/AHRPTWliCC9OnIJWfJT50EiSJNoAxbMdki0Fruss9noFNJEt9MjLtE65dqsiUmG5zklEgzUG-Bu7PRZptspnKbFIfNW0Xo2hZzywOKN_3TlnkIp1eXza5hEYAz4YuKUKibWhp1M8pA0=w32-h32-p-k-no,https://lh3.googleusercontent.com/gps-cs-s/AHRPTWliCC9OnIJWfJT50EiSJNoAxbMdki0Fruss9noFNJEt9MjLtE65dqsiUmG5zklEgzUG-Bu7PRZptspnKbFIfNW0Xo2hZzywOKN_3TlnkIp1eXza5hEYAz4YuKUKibWhp1M8pA0=w408-h306-k-no,https://lh3.googleusercontent.com/gps-cs-s/AHRPTWliCC9OnIJWfJT50EiSJNoAxbMdki0Fruss9noFNJEt9MjLtE65dqsiUmG5zklEgzUG-Bu7PRZptspnKbFIfNW0Xo2hZzywOKN_3TlnkIp1eXza5hEYAz4YuKUKibWhp1M8pA0=w397-h298-k-no,https://lh3.googleusercontent.com/gps-cs-s/AHRPTWlse0o9bni1Cq9yDGs5p7dU97uxVPkPQNUbsn3LT4REcEbUKxZXvJgsOKLxxrE6eYOCR3S9PihB_cMCGoHC4dyzVmCEwCt5YNjZ1KQx8NbJNE2dwPrfFAfwJwXaJmUSYvrBcDQS=w224-h398-k-no,https://lh3.googleusercontent.com/a-/ALV-UjUQufuLuoJTHmP_jF7lNvUQhuRVKmpnGkJFjJGbbHf2LJ36y7mNLA=w36-h36-p-rp-mo-ba12-br100,https://lh3.googleusercontent.com/a-/ALV-UjWaLo5NVpvgLSe70Wjz5ekg_FUELN0pGO5qHm3VI_rWIzCjVFaL=w36-h36-p-rp-mo-ba12-br100,https://lh3.googleusercontent.com/a/ACg8ocIGPYzOczW4ZrNfC5zyVQ3jstt3HyAt_A2xXls2zxbp4YX3Mw=w36-h36-p-rp-mo-br100,https://lh3.googleusercontent.com/gps-cs-s/AHRPTWmUOSpYuJARzmg_Ugnma6UiNh6P1H2s7M_1FHTq9SITFhOjFv3tisCeQahBhs98q79J61qoVHE_CPyyePo3nuaDzd9_gT5-cmWU_3yKedmOdTtm_jY4JydKdhsEiYivM-zNS1NnWw=w156-h114-p-k-no,https://lh3.googleusercontent.com/gps-cs-s/AHRPTWmcD3kPwTU2D5RHezCWiYmKMtr1eJfi1mCbnWg2Kcwn0v_fM1AjM4n2OmfT1ICfGKChiCIUbj3LhLb3D7MGq5A6X7GJ46HQOVE8zZ04QevUIKPx0TdjCGx8D9vRsjUiWwDi8uck=w156-h114-p-k-no,https://lh3.googleusercontent.com/gps-cs-s/AHRPTWmtURcqXObwMyivpGCFHzmuYUbSxAPPlwfGtN8eI6oIFCebpIYAU7M7P08UMcmHlAFLkf3Q1ONm6JP49-RdwT9Staqw8qaM4Cnx_nOKLob6ly5yUCI8tE36BjfFZpVmA1gF9KxRQw=w156-h114-p-k-no",36.8314208,10.232271,info.france@medius.com,https://www.facebook.com/ExpensyaFR/,https://twitter.com/Expensya,https://www.instagram.com/expensya/,Not Available,https://www.linkedin.com/company/expensya,"Accessibility,,Wheelchair-accessible car park,,Wheelchair-accessible entrance"
Campion-Tech,https://www.google.com/maps/place/Campion-Tech/data=!4m7!3m6!1s0x12fd347de5d3fe77:0x6e40c0e44c4e0a35!8m2!3d36.8166478!4d10.1765218!16s%2Fg%2F11hynjrm0d!19sChIJd_7T5X00_RIRNQpOTOTAQG4?authuser=0&hl=en&rclk=1,https://streetviewpixels-pa.googleapis.com/v1/thumbnail?panoid=_lpLdXAOc3rrAVzsxWTpUQ&cb_client=search.gws-prod.gps&w=408&h=240&yaw=86.20244&pitch=0&thumbfov=100,5.0,Not Available,Software company,"21 Av. Des Etats Unis, Tunis 1002","Monday, 8:30 AM to 5:30 PM,Thursday, 8:30 AM to 5:30 PM,Friday, 8:30 AM to 5:30 PM,Saturday, 8:30 AM to 5:30 PM,Sunday, Closed",Not Available,http://campion-tech.com/page/about-us,25 004 924,"https://streetviewpixels-pa.googleapis.com/v1/thumbnail?panoid=_lpLdXAOc3rrAVzsxWTpUQ&cb_client=search.gws-prod.gps&w=86&h=86&yaw=86.20244&pitch=0&thumbfov=100,https://streetviewpixels-pa.googleapis.com/v1/thumbnail?panoid=_lpLdXAOc3rrAVzsxWTpUQ&cb_client=search.gws-prod.gps&w=408&h=240&yaw=86.20244&pitch=0&thumbfov=100,https://streetviewpixels-pa.googleapis.com/v1/thumbnail?panoid=_lpLdXAOc3rrAVzsxWTpUQ&cb_client=maps_sv.tactile.gps&w=224&h=298&yaw=86.20244&pitch=0&thumbfov=100,https://lh3.googleusercontent.com/a-/ALV-UjV7z2rU0EH8BRpBJuxmbql-MkhKNJUphBjh9-zdeSp3UOGKxAmrLQ=w36-h36-p-rp-mo-br100,https://lh3.googleusercontent.com/a-/ALV-UjUXrDWWqCJzCpGJEJADOg3EhIo6u-8R54j7rn-QgCxsK_a4u8Gz=w36-h36-p-rp-mo-br100,https://lh3.googleusercontent.com/a/ACg8ocKKCfASKb7G_UjLsQc4gDrF4ABZpBTrHQd9VPOA4NPqAwgHRQ=w36-h36-p-rp-mo-br100,https://lh3.googleusercontent.com/gps-cs-s/AHRPTWm66nrUwr7pbUJVmTRGzY-5DtLZ1_aMO4eLHC1pRtA75Ky1gPuY7A_euuOnlN0x3Rcp2w_ACzvnOUOgwH4DrqR5s4V00qxUOYcyrMPWtmCiwtYPFRrXJ-shaYfmWe5lDCfYuTaJ=w156-h114-p-k-no,https://lh3.googleusercontent.com/gps-cs-s/AHRPTWkuQoZSVA2uNYEjSm6_oHBANS5bd6BiXfemQlbTGX8N7pEpXq8-BRzA3Tozi6uxWR9ePWCUpUm6hefS8acd6QJKiW3SVj6zLff19YHRx4Zxh4dpIdv921YXyWdjaDfHsLRQDA_0=w156-h114-p-k-no",36.8166478,10.1765218,contact@campion-tech.com,https://www.facebook.com/profile.php?id=100063234939936,Not Available,Not Available,https://www.youtube.com/@campion-tech8638,https://www.linkedin.com/company/campion-tech,Not Available
Swiver,https://www.google.com/maps/place/Swiver/data=!4m7!3m6!1s0x12fd35efb88d17d7:0xaada2b66f643d4d0!8m2!3d36.8477616!4d10.1958769!16s%2Fg%2F11h79tpvt1!19sChIJ1xeNuO81_RIR0NRD9mYr2qo?authuser=0&hl=en&rclk=1,https://lh3.googleusercontent.com/gps-cs-s/AHRPTWkbPSJtQOVIsOZSj8Yx0kjmkXpwx_vtfkpiw2PyYgjUXWBdVXcQ8IwqbIOogK_VH06SuRGe-qzeFvXCMctrK5lbqro4JYUwpV7BO-xAo4hXLzvmH6Lgf-A50QXQhj936dwMoJ0P=w426-h240-k-no,4.7,Not Available,Software company,"bureau 1-4 - 1 ère étage Immeuble, New Tower, Tunis 1082","Monday, 8 AM to 3 PM,Thursday, 8 AM to 3:30 PM,Friday, 8 AM to 3 PM,Saturday, Closed,Sunday, Closed",Not Available,https://swiver.io/,36 018 000,"https://lh3.googleusercontent.com/gps-cs-s/AHRPTWkbPSJtQOVIsOZSj8Yx0kjmkXpwx_vtfkpiw2PyYgjUXWBdVXcQ8IwqbIOogK_VH06SuRGe-qzeFvXCMctrK5lbqro4JYUwpV7BO-xAo4hXLzvmH6Lgf-A50QXQhj936dwMoJ0P=w32-h32-p-k-no,https://lh3.googleusercontent.com/gps-cs-s/AHRPTWkbPSJtQOVIsOZSj8Yx0kjmkXpwx_vtfkpiw2PyYgjUXWBdVXcQ8IwqbIOogK_VH06SuRGe-qzeFvXCMctrK5lbqro4JYUwpV7BO-xAo4hXLzvmH6Lgf-A50QXQhj936dwMoJ0P=w426-h240-k-no,https://lh3.googleusercontent.com/gps-cs-s/AHRPTWkbPSJtQOVIsOZSj8Yx0kjmkXpwx_vtfkpiw2PyYgjUXWBdVXcQ8IwqbIOogK_VH06SuRGe-qzeFvXCMctrK5lbqro4JYUwpV7BO-xAo4hXLzvmH6Lgf-A50QXQhj936dwMoJ0P=w529-h298-k-no,https://lh3.googleusercontent.com/gps-cs-s/AHRPTWnbryYIt9eYGQUuTnzjaq129J88KMPqBZ5rnnFQutFw0A4cfGbghDlKTl8bEwrLcQRGCXbH2y89kcN8UILV1vUHX6uJSYnlgfUzpzt1jB10tuiiHRhq_Qj_muieY6DiZEMF-rNUyQ=w529-h298-k-no,https://lh3.googleusercontent.com/gps-cs-s/AHRPTWnq7FGbX9-GKwfDD0xhTbEpdPP5sO02lfOXKLEqepTYjvoGJYLV5uwwjWgeRHbR7r368HYPPYQG6IlNDfZmlOnvuzW1jrVlthH4Cmp-1G7DVJ66Bb6sFORudLrd2FFJKyltI1m24A=w529-h298-k-no,https://lh3.googleusercontent.com/gps-cs-s/AHRPTWkUvLZAeRpVno5lOmz9olqJH0cfF6aCO_PL0mszCj8AvXiaWE-kpJkmatzWRfImQg5ie0ZtVNPhfAz5_OxE3BXB845kennqwYPUUI7VTpbHMeHhDa3VZwjIdLAmMxzwcr7CQW2Y=w447-h298-k-no,https://streetviewpixels-pa.googleapis.com/v1/thumbnail?panoid=uUrNKe9wyNvDz45hQm0E7g&cb_client=maps_sv.tactile.gps&w=224&h=298&yaw=111.37862&pitch=0&thumbfov=100,https://lh3.googleusercontent.com/a-/ALV-UjXEeNKjpzhJMGR3EUJnV0_NfTa7hN3_ION-jJ89Zaxdcvp_tsNVAA=w36-h36-p-rp-mo-ba12-br100,https://lh3.googleusercontent.com/a-/ALV-UjX6_xbNKU7uyApE95s3VmGG_OgTBSWrPRey0RPN-ked5ZMXQ8Ynqw=w36-h36-p-rp-mo-br100,https://lh3.googleusercontent.com/a/ACg8ocKaK7aRO0B_woGao9G5D1CBfuIaWd_rELWpIL-6KkftIXEczg=w36-h36-p-rp-mo-br100,https://lh3.googleusercontent.com/gps-cs-s/AHRPTWmPtjYZSuuEF1FfrXhLAe_08FqaeUW8E3k3PW7NHT5HbDg5tDjHR1_FSDPw9T8Rv9igI62nRHy1NFWA3JUG_cYK0LUisrUle5a2N2xz2JTjn-Vx7aLpOyloS9ccq6zowC244pTUwGK1IqSV=w156-h114-p-k-no",36.8477616,10.1958769,info@swiver.io,//facebook.com/swiver.io,Not Available,//instagram.com/swiver.io,https://www.youtube.com/@swiver4400,https://www.linkedin.com/in/expert-seo-tunisie/,"Accessibility,,Wheelchair-accessible car park,,Wheelchair-accessible entrance,,Wheelchair-accessible seating,,Wheelchair-accessible toilet,    From the business,,Identifies as women-owned"
Mint IT,https://www.google.com/maps/place/Mint+IT/data=!4m7!3m6!1s0x12fd3462c423a087:0xf7426d02d5a0e91f!8m2!3d36.8226638!4d10.1836816!16s%2Fg%2F11bx2lg3q3!19sChIJh6AjxGI0_RIRH-mg1QJtQvc?authuser=0&hl=en&rclk=1,https://lh3.googleusercontent.com/gps-cs-s/AHRPTWnL3ByjD3qn5WXw8VbS1HUWiXdqLbgZO3XlqCmPZU1Zg9_JEB9VobjUXf1L46qwf9tcFaRmgLQcGtDIXG-gt9dKF2ZBFgu8k2tSiOVyk0nwySlXuud7qA-id5TuIzTMm72QzL8=w408-h306-k-no,4.2,Not Available,Software company,"8 Rue du Royaume d'Arabie Saoudite, Tunis 1002","Monday, 9 AM to 6 PM,Thursday, 9 AM to 6 PM,Friday, 9 AM to 6 PM,Saturday, Closed,Sunday, Closed",Not Available,http://www.mintit.io/,71 891 743,"https://lh3.googleusercontent.com/gps-cs-s/AHRPTWnL3ByjD3qn5WXw8VbS1HUWiXdqLbgZO3XlqCmPZU1Zg9_JEB9VobjUXf1L46qwf9tcFaRmgLQcGtDIXG-gt9dKF2ZBFgu8k2tSiOVyk0nwySlXuud7qA-id5TuIzTMm72QzL8=w32-h32-p-k-no,https://lh3.googleusercontent.com/gps-cs-s/AHRPTWnL3ByjD3qn5WXw8VbS1HUWiXdqLbgZO3XlqCmPZU1Zg9_JEB9VobjUXf1L46qwf9tcFaRmgLQcGtDIXG-gt9dKF2ZBFgu8k2tSiOVyk0nwySlXuud7qA-id5TuIzTMm72QzL8=w408-h306-k-no,https://lh3.googleusercontent.com/gps-cs-s/AHRPTWnL3ByjD3qn5WXw8VbS1HUWiXdqLbgZO3XlqCmPZU1Zg9_JEB9VobjUXf1L46qwf9tcFaRmgLQcGtDIXG-gt9dKF2ZBFgu8k2tSiOVyk0nwySlXuud7qA-id5TuIzTMm72QzL8=w397-h298-k-no,https://lh3.googleusercontent.com/gps-cs-s/AHRPTWnJwUYfKj0ubV4nt7y2ANp547YVajv_oPeixfWcqmF1ZbD83s0e3yWbchyCJtGob6PxxEJC5kTCGGt6ZEi9MNfiWKVXPKXnuQcAX_Uxb8FNGbPre8-SZQq2dDFC3sCIQen-4nw=w783-h298-k-no,https://lh3.googleusercontent.com/a-/ALV-UjX84fcpUd7dTcy7CPXZYjzx-ggGH8NcgRfNuafPFn06xiKOEIp0hQ=w36-h36-p-rp-mo-ba12-br100,https://lh3.googleusercontent.com/a-/ALV-UjW5gCCvXVlSyC_HeNHx0BKZVEbwF70pW2zYwWz0PGHfcN09mSaKLA=w36-h36-p-rp-mo-ba12-br100,https://lh3.googleusercontent.com/a-/ALV-UjX9efL0I-_nyjC0v5Ob35NUjs7F_12RDvv7Rivto-JNHoBHzKAL=w36-h36-p-rp-mo-br100,https://lh3.googleusercontent.com/gps-cs-s/AHRPTWl4QQX_uYg2wo2ookFqVS-_5pGuKJRO-AwDCectAgO4TjZBxyh8GccnrZxCgh8Qc8YlwnhzZ9-g5G4dCfKvSrnVrRmjvdGaywmgArzevCEThYRRxw8H5bMg8BXZaku7gEA-N70Zgw=w156-h114-p-k-no",36.8226638,10.1836816,contact@mintit.io,Not Available,Not Available,Not Available,Not Available,https://www.linkedin.com/company/mint-it-io/,"Planning,,Appointment required"
Cynoia,https://www.google.com/maps/place/Cynoia/data=!4m7!3m6!1s0x12fd330709caac7d:0x5201e6dd3d8a5b91!8m2!3d36.8493508!4d10.27511!16s%2Fg%2F11fqksyd3h!19sChIJfazKCQcz_RIRkVuKPd3mAVI?authuser=0&hl=en&rclk=1,https://lh3.googleusercontent.com/gps-cs-s/AHRPTWmcD3kPwTU2D5RHezCWiYmKMtr1eJfi1mCbnWg2Kcwn0v_fM1AjM4n2OmfT1ICfGKChiCIUbj3LhLb3D7MGq5A6X7GJ46HQOVE8zZ04QevUIKPx0TdjCGx8D9vRsjUiWwDi8uck=w408-h306-k-no,4.8,Not Available,Software company,"Cité les pins, Rue de la fleur d'érable, Tunis 1053","Monday, 8 AM to 6 PM,Thursday, 8 AM to 6 PM,Friday, 8 AM to 6 PM,Saturday, Closed,Sunday, Closed",Not Available,https://cynoia.com/,Not Available,"https://lh3.googleusercontent.com/gps-cs-s/AHRPTWmcD3kPwTU2D5RHezCWiYmKMtr1eJfi1mCbnWg2Kcwn0v_fM1AjM4n2OmfT1ICfGKChiCIUbj3LhLb3D7MGq5A6X7GJ46HQOVE8zZ04QevUIKPx0TdjCGx8D9vRsjUiWwDi8uck=w32-h32-p-k-no,https://lh3.googleusercontent.com/gps-cs-s/AHRPTWmcD3kPwTU2D5RHezCWiYmKMtr1eJfi1mCbnWg2Kcwn0v_fM1AjM4n2OmfT1ICfGKChiCIUbj3LhLb3D7MGq5A6X7GJ46HQOVE8zZ04QevUIKPx0TdjCGx8D9vRsjUiWwDi8uck=w408-h306-k-no,https://lh3.googleusercontent.com/gps-cs-s/AHRPTWlrGlXDNjuVeSnu8OT_fhcZifUmAlnl18J5VJgBeixQz7s60equqGIj5vlEf_CirebhI4dyZUt0RHZ6KtpFt9ZD30K4Gl3vDSlUc2QFiRnzuadHjd6DraG1nNMxpZJbqBt8jpFz-g=w397-h298-k-no,https://lh3.googleusercontent.com/gps-cs-s/AHRPTWlDimdi8bovCRlJI6ETq1eWjzIGEg2lGik1Fq23EwuFqZW1ndR6EMUA3xmYzyE0Fqbf4l25zo6MqlDLh9m_U0IwmyVc9wA1iFWSeXmImHdFX6q9Z-3YzHFGGDvYamP7qJtxFp4B=w224-h298-k-no,https://lh3.googleusercontent.com/a-/ALV-UjW2lWKlSo2nFFsepL6EufcGIv2ntzNTgJwntYSfsLo-gHodHaaf=w36-h36-p-rp-mo-br100,https://lh3.googleusercontent.com/a-/ALV-UjWM-4pIP7sq9m_5OOimx5CiNQZhVM_rbljx1c0ASjblRrm1Xz2f=w36-h36-p-rp-mo-br100,https://lh3.googleusercontent.com/a-/ALV-UjW7IQz9nu6PRmlrBSjhU8va5LPczipFNKDRUwMYbZK6cviQ6CjD=w36-h36-p-rp-mo-br100,https://lh3.googleusercontent.com/gps-cs-s/AHRPTWncSUXGYINyjc2dxnExYGx6HVly6hyte1MtiG1h4WjXeOYevKQJC4jttl_zJO4T7fWM3-ZBEqy3LpywF7Ds1PFtNZz4swut4oicAm1d85RsMpK8Td2cVOSzrKUD-80Yr37QrZjLBA=w156-h114-p-k-no,https://lh3.googleusercontent.com/gps-cs-s/AHRPTWn95gMjt_XpCOyVodQm6vOc229YjyPPM_PzFYejNl1Ufi6kjtczf6Qi4uHqs_ktEIQhnuQzu6VxCdMCdZxvE5jTqCPRbGgpqhj5C2cxm--nIQYt_TBKt3RBLtqJhxDVWoIa9jQ=w156-h114-p-k-no,https://lh3.googleusercontent.com/gps-cs-s/AHRPTWliCC9OnIJWfJT50EiSJNoAxbMdki0Fruss9noFNJEt9MjLtE65dqsiUmG5zklEgzUG-Bu7PRZptspnKbFIfNW0Xo2hZzywOKN_3TlnkIp1eXza5hEYAz4YuKUKibWhp1M8pA0=w156-h114-p-k-no,https://lh3.googleusercontent.com/gps-cs-s/AHRPTWlDjwSOLJOOU_zmbozTH0JKjD47h0YYCBMNnnQO8vbrT9dkF74m3nsrnFE5_hnNqTdYCnQOtvvzY-13qkurOwpODbinjZaO1KsYD8yGZwnt7rc6f17HM8prDbRfRmfg6ZGxakleCg=w156-h114-p-k-no",36.8493508,10.27511,Contact@cynoia.com,https://www.facebook.com/cynoia,Not Available,https://www.instagram.com/cynoiateam/,https://www.youtube.com/@cynoia,https://www.linkedin.com/company/cynoia/,"Service options,,Online appointments,,On-site services"
Logidas - Éditeur d'ERP,https://www.google.com/maps/place/Logidas+-+%C3%89diteur+d%27ERP/data=!4m7!3m6!1s0x12fd353d9bf06b45:0xa21ae7e4e1d8e4d2!8m2!3d36.8352354!4d10.2294441!16s%2Fg%2F11bwpyhrsr!19sChIJRWvwmz01_RIR0uTY4eTnGqI?authuser=0&hl=en&rclk=1,https://lh3.googleusercontent.com/gps-cs-s/AHRPTWnxtJLcQlZxCRTk7k-66j7Xk9HnlhPvzW8MX8dW6d0sy5TrpGqvCQtt4kJPPG894oCQrCwhq9dOFT-tosJkmZTiqf6-C4k4M-mL-c2nQVxrrcsPXDwVhtpKAOXEtAO31BzPYQ5Umw=w408-h306-k-no,4.3,Not Available,Software company,"Rue du Lac Malaren, Immeuble ayam, Les Berges du Lac 1053 Tunis, Tunis 1053","Monday, 8 AM to 5 PM,Thursday, 8 AM to 5 PM,Friday, 8 AM to 5 PM,Saturday, Closed,Sunday, Closed",Not Available,http://www.logidas.com/,71 960 626,"https://lh3.googleusercontent.com/gps-cs-s/AHRPTWnxtJLcQlZxCRTk7k-66j7Xk9HnlhPvzW8MX8dW6d0sy5TrpGqvCQtt4kJPPG894oCQrCwhq9dOFT-tosJkmZTiqf6-C4k4M-mL-c2nQVxrrcsPXDwVhtpKAOXEtAO31BzPYQ5Umw=w32-h32-p-k-no,https://lh3.googleusercontent.com/gps-cs-s/AHRPTWnxtJLcQlZxCRTk7k-66j7Xk9HnlhPvzW8MX8dW6d0sy5TrpGqvCQtt4kJPPG894oCQrCwhq9dOFT-tosJkmZTiqf6-C4k4M-mL-c2nQVxrrcsPXDwVhtpKAOXEtAO31BzPYQ5Umw=w408-h306-k-no,https://lh3.googleusercontent.com/gps-cs-s/AHRPTWkQ40DJeczMf4e2yoCeGez64M_eHlrTItov3bKM_WM6kzUxtZF7Y8P3cO7J4qp1xg-Qqi0qZheuPuzoOU8iU904jAVgHcIsx667zwB_6NhrsMh1xta5Xl_Mbk2GN6MMTtAn5y3C2A=w360-h480-k-no,https://lh3.googleusercontent.com/a/ACg8ocKm362oyAkahy3KJdPtYRGmZIcSSC2hYxvHwMB4D7GUMDlluw=w36-h36-p-rp-mo-br100,https://lh3.googleusercontent.com/a-/ALV-UjVSZHBE1h79ayRiAuzYAZlez5CezVzOlct9va_hBJxZq--psTut=w36-h36-p-rp-mo-ba12-br100,https://lh3.googleusercontent.com/a/ACg8ocIoY42XHjHt_2A0BxFz1jMySXPPmOGFlHR6BqlaFSGMQKLfV7A=w36-h36-p-rp-mo-br100,https://lh3.googleusercontent.com/gps-cs-s/AHRPTWkZOeY9KTZATiEhD34LZgHTL7Sm3H4XkHitBIqw-XCmhogZX-B7RmCdutsKLBE63ucveF9OLKGgFvU83xBTvp1XiZPID9-wp5My6SOuOmLGrUuRQwYFNaunrbmGXLIxT90jh4CG-g=w156-h114-p-k-no,https://lh3.googleusercontent.com/gps-cs-s/AHRPTWnBRRzRW1Px-WCEcJnZAawULLWkKNhwSesg4oQ3RNau20vXjoy-tlyKIkdU3CdYHu9u3ZsuTPifDHDIMPMGjlh-QwRpwbQYoMmk2H2emlTNDfwNY01gv-AwMz4NynNWus5MQmO_=w156-h114-p-k-no,https://lh3.googleusercontent.com/gps-cs-s/AHRPTWkJhyWH3YA1D8VR7lAIC0V7z_n1PzioiecT2_flF2XCiDiuk8FG8gBXoZ3PCZIg5tZO5iaTGEsAstA_k3sscVNXBHK_bTbI_n_GkRoEecSu4ax-fQjjezeHH_QXIL_QOy7XIvfqwg=w156-h114-p-k-no",36.8352354,10.2294441,Not Available,Not Available,Not Available,Not Available,Not Available,Not Available,Not Available
Oolab Tunisia,https://www.google.com/maps/place/Oolab+Tunisia/data=!4m7!3m6!1s0x12fd35bf332a4f0b:0x4dbd3e2bcd923a9a!8m2!3d36.8321748!4d10.177528!16s%2Fg%2F11n0ddn86_!19sChIJC08qM781_RIRmjqSzSs-vU0?authuser=0&hl=en&rclk=1,https://lh3.googleusercontent.com/gps-cs-s/AHRPTWmM12xmkazM-dKIC1QLzjxWdj46TMEi1rTXuSpE3IduuqH4C6ot37uxNe5xejIYXQ7NtvkN-Qls_-D-3kyo450jbVy49AjrWqZSlkUIvxfbNKEWpcS8txO4xAe7rouXPCc_ur6c=w960-h240-k-no,4.1,Not Available,Software company,"Rue El Mahrajene, Tunis 1082","Monday, 8:30 AM to 5:30 PM,Thursday, 8:30 AM to 5:30 PM,Friday, 8:30 AM to 5:30 PM,Saturday, Closed,Sunday, Closed",Not Available,https://www.oodrive.com/fr/,71 781 187,"https://lh3.googleusercontent.com/gps-cs-s/AHRPTWmM12xmkazM-dKIC1QLzjxWdj46TMEi1rTXuSpE3IduuqH4C6ot37uxNe5xejIYXQ7NtvkN-Qls_-D-3kyo450jbVy49AjrWqZSlkUIvxfbNKEWpcS8txO4xAe7rouXPCc_ur6c=w32-h32-p-k-no,https://lh3.googleusercontent.com/gps-cs-s/AHRPTWmM12xmkazM-dKIC1QLzjxWdj46TMEi1rTXuSpE3IduuqH4C6ot37uxNe5xejIYXQ7NtvkN-Qls_-D-3kyo450jbVy49AjrWqZSlkUIvxfbNKEWpcS8txO4xAe7rouXPCc_ur6c=w960-h240-k-no,https://lh3.googleusercontent.com/gps-cs-s/AHRPTWmM12xmkazM-dKIC1QLzjxWdj46TMEi1rTXuSpE3IduuqH4C6ot37uxNe5xejIYXQ7NtvkN-Qls_-D-3kyo450jbVy49AjrWqZSlkUIvxfbNKEWpcS8txO4xAe7rouXPCc_ur6c=w1192-h298-k-no,https://lh3.googleusercontent.com/gps-cs-s/AHRPTWmJhqaAsY9XWr06HrWoyouLl1meX2_QoihsqzTqCkZXusY60-NO6kxsXTfFYBAQGRMuxqCrf7bTM1H2DiSnQkvSSsmK0FPIiqXJIpBDTc1evuTuAlJPGpte5V9sahB1FqSknd23=w266-h298-k-no,https://lh3.googleusercontent.com/a/ACg8ocLHc6NEfDP5oCnDtJ4QicVB9BVN5GO8O0jSpgFd7RG-J9dcxYzc=w36-h36-p-rp-mo-ba12-br100,https://lh3.googleusercontent.com/a/ACg8ocI_TEO5tCgsEheLsPUgBkIUqNQ2yBYSxwR6mIJ-QM9h8fGO=w36-h36-p-rp-mo-br100,https://lh3.googleusercontent.com/a/ACg8ocKwrmI4YBlSEHiKkCeLfrmEcC42h_I_urNXYujYsC641NmT3A=w36-h36-p-rp-mo-br100",36.8321748,10.177528,Not Available,Not Available,https://twitter.com/oodriveofficiel?lang=fr,Not Available,https://www.youtube.com/channel/UCE_BSEiHmDgKvCV0YvU0oPQ,https://www.linkedin.com/company/oodrive/?originalSubdomain=fr,"Accessibility,,Assistive hearing loop,,Wheelchair-accessible car park,,Wheelchair-accessible entrance,,Wheelchair-accessible seating,,Wheelchair-accessible toilet,    Parking,,Free of charge street parking,,Free parking lot"
STEPS,https://www.google.com/maps/place/STEPS/data=!4m7!3m6!1s0x12fd4ab16f91054b:0x721bd0c126b87ddb!8m2!3d36.8313958!4d10.3083047!16s%2Fg%2F11dzdsqpsy!19sChIJSwWRb7FK_RIR2324JsHQG3I?authuser=0&hl=en&rclk=1,https://lh3.googleusercontent.com/gps-cs-s/AHRPTWnr1aTjXvvITOsaSRhmniDRRWArxfg6jYV52jFmhP1_DxxNsYelvquRDK9lrpZcaWzL4WMvYGenGipPA-zv7nRvNfOr9gRAiNcFrY2_wy41qan8pvKohp5T3lE38nC2DnO-8aERJw=w792-h240-k-no,4.9,Not Available,Software company,"Résidence NET GLASS , Z.I kheireddine, 2015","Monday, 8 AM to 5 PM,Thursday, 8 AM to 5 PM,Friday, 8 AM to 5 PM,Saturday, Closed,Sunday, Closed",Not Available,https://www.steps.tn/,31 318 701,"https://lh3.googleusercontent.com/gps-cs-s/AHRPTWnr1aTjXvvITOsaSRhmniDRRWArxfg6jYV52jFmhP1_DxxNsYelvquRDK9lrpZcaWzL4WMvYGenGipPA-zv7nRvNfOr9gRAiNcFrY2_wy41qan8pvKohp5T3lE38nC2DnO-8aERJw=w32-h32-p-k-no,https://lh3.googleusercontent.com/gps-cs-s/AHRPTWnr1aTjXvvITOsaSRhmniDRRWArxfg6jYV52jFmhP1_DxxNsYelvquRDK9lrpZcaWzL4WMvYGenGipPA-zv7nRvNfOr9gRAiNcFrY2_wy41qan8pvKohp5T3lE38nC2DnO-8aERJw=w792-h240-k-no,https://lh3.googleusercontent.com/gps-cs-s/AHRPTWnr1aTjXvvITOsaSRhmniDRRWArxfg6jYV52jFmhP1_DxxNsYelvquRDK9lrpZcaWzL4WMvYGenGipPA-zv7nRvNfOr9gRAiNcFrY2_wy41qan8pvKohp5T3lE38nC2DnO-8aERJw=w983-h298-k-no,https://lh3.googleusercontent.com/a-/ALV-UjWOfj_PiuuZajEdQE3wXVr7qdHUXMMhHj4cuf4W-S-TnSJWxRqB=w36-h36-p-rp-mo-br100,https://lh3.googleusercontent.com/a/ACg8ocJ7T3I9Yemb6CBH5sm01kE26xRwj_7tacHE5ZMymZsx9jIhWdVs=w36-h36-p-rp-mo-ba12-br100,https://lh3.googleusercontent.com/a-/ALV-UjWq8Mh7lIatieCkt42NmREILz0Azi3VAv1bESxzET2KxytKakSO=w36-h36-p-rp-mo-br100,https://lh3.googleusercontent.com/gps-cs-s/AHRPTWkTFsxzcx-2GiZDRuS9KfgMwZDE8fdxWT40cixc62DRhxMRut-J0l-8-R5-EjV-4WXiCUEIS8P63QE92nD_V_6JDq6tuu-Je3VvCSxwOGquMjWTS6VaL1GQ0ECieOXOaFGrk0f68w=w156-h114-p-k-no,https://lh3.googleusercontent.com/gps-cs-s/AHRPTWlcK27a5V6B7EQvw3K90eDH_5esMAM2KBIOE_ItN8AdNa6Oy-GWhMx3YNgaA9L85ZyhhnxMYOVqrX9W6DItwn_Xgz97lDW5KjPHki0wL-S0lt2HHHVcWiaU8c5-ztusmYuC_kXWjQ=w156-h114-p-k-no,https://lh3.googleusercontent.com/gps-cs-s/AHRPTWlkDC98Zte9hNjg1N_FW40lwDEYwHOk7QCb0vkZlbmm6esxTVUwwvNe03f2u0WPjtBpqZzs0Cok6WXUIkrK5x3wuT1FUNEOnHyYcgloF7SYyPiXtglkxVQ9GShxQQs0KCgpfjR4=w156-h114-p-k-no,https://lh3.googleusercontent.com/gps-cs-s/AHRPTWnI2zk1lzyhO3fkGdfFUPxagnIcBqrvCPuT8iVhgd5mS2Eaq1VnEPEtSlwL_7zczzOsAgLn_DF8EDmqLlIzdyhnfjwxUAsayiB8zQBwL0nBE8Q9bndl2gdOYfDuKNZKvXTMUXi-9A=w156-h114-p-k-no",36.8313958,10.3083047,contact@steps.tn,https://www.facebook.com/Steps.tn/,http://twitter.com/intent/tweet?text=You Need to Think Twice about Data Strategy! https://steps.tn/you-need-to-think-twice-about-data-strategy/,https://www.instagram.com/stepstn/,Not Available,https://www.linkedin.com/company/stepstn/,Not Available
Ingenius IT - Société informatique Tunisie,https://www.google.com/maps/place/Ingenius+IT+-+Soci%C3%A9t%C3%A9+informatique+Tunisie/data=!4m7!3m6!1s0x12fd33056c5828d5:0xc0061a0f77167288!8m2!3d36.857604!4d10.1581233!16s%2Fg%2F11krgxmqpr!19sChIJ1ShYbAUz_RIRiHIWdw8aBsA?authuser=0&hl=en&rclk=1,https://lh3.googleusercontent.com/gps-cs-s/AHRPTWmdLD1yAyBwJ5fSqDy2hTDQUhAc1s003te6QVzPv1CWPbqMwbmRFKhK2RkgvXo82M7NYcLgoxOlO-yIQMNJL2pN0XGYRqwasPOTw1tP-EVsbc8m4XA9pc-KqBgkEufP176srr8Y=w408-h306-k-no,4.8,Not Available,Computer security service,"ENNASR 2, immeuble L'ALKAZAR, Appartement d5-2, Ariana 2037","Monday, 8 AM to 10 PM,Thursday, 8 AM to 10 PM,Friday, 8 AM to 10 PM,Saturday, 8 AM to 5 PM,Sunday, Closed",Not Available,https://ingeniusit.com/,92 682 923,"https://lh3.googleusercontent.com/gps-cs-s/AHRPTWmdLD1yAyBwJ5fSqDy2hTDQUhAc1s003te6QVzPv1CWPbqMwbmRFKhK2RkgvXo82M7NYcLgoxOlO-yIQMNJL2pN0XGYRqwasPOTw1tP-EVsbc8m4XA9pc-KqBgkEufP176srr8Y=w32-h32-p-k-no,https://lh3.googleusercontent.com/gps-cs-s/AHRPTWmdLD1yAyBwJ5fSqDy2hTDQUhAc1s003te6QVzPv1CWPbqMwbmRFKhK2RkgvXo82M7NYcLgoxOlO-yIQMNJL2pN0XGYRqwasPOTw1tP-EVsbc8m4XA9pc-KqBgkEufP176srr8Y=w408-h306-k-no,https://lh3.googleusercontent.com/gps-cs-s/AHRPTWmdLD1yAyBwJ5fSqDy2hTDQUhAc1s003te6QVzPv1CWPbqMwbmRFKhK2RkgvXo82M7NYcLgoxOlO-yIQMNJL2pN0XGYRqwasPOTw1tP-EVsbc8m4XA9pc-KqBgkEufP176srr8Y=w397-h298-k-no,https://lh3.googleusercontent.com/gps-cs-s/AHRPTWnT-jp7z5e2E-eEXljT9CpmBNxupsgd3OjkVIIIXgebcidbBj_npxwDAEaCOqXeRNJF9jLXVqpNvpcTTpeHd2n0aFlF9eibHggY984wkiEYGvhjF4JtmEZ_N49QKtEh4V5mPw_6=w224-h298-k-no,https://lh3.googleusercontent.com/gps-cs-s/AHRPTWkpVkXpONjbqvn6eK54BULuzkUQXhJEUlm-Stz_EXexRdl1lqdOFlkuSwFf_x2eY8WDX1f4NvZsh_VUPXtMKoAJ103wwBhd3vrWb6cRn1DNBaHzLgeu7JleKad9YEz75RASYLI5=w224-h398-k-no,https://lh3.googleusercontent.com/a/ACg8ocKiwky2cumZ2pbjoS29YlEHCcObDfKMuwooL244SgLeG1rCCw=w36-h36-p-rp-mo-br100,https://lh3.googleusercontent.com/a-/ALV-UjWdq-lJp1eFdj353XuGdmGo8iw-oQ-qrCk-Raj1443qeeXJgPM=w36-h36-p-rp-mo-br100,https://lh3.googleusercontent.com/a-/ALV-UjVHqbDc1NAKV_N1C-Qy9UuJUYaENsoIV0sBB18VQ6FSQMCEc5Q=w36-h36-p-rp-mo-br100,https://lh3.googleusercontent.com/gps-cs-s/AHRPTWkk8HsfUKYVgQVBlgtQ7fCBBBIz8qxyeE_3lSfPmdHq8pVle4Lto-C1kU6VpqNtPPoduZLTYztIJxSXCDDqIAdowj6nBvLwkYY_VUYwcWzu8p5yoB14Z_AUZvN3YW9BSBfhR38=w156-h114-p-k-no,https://lh3.googleusercontent.com/gps-cs-s/AHRPTWkSsNHKhmoapIlZGZiu_h_9eQuKHQ-ODNNNef1yJlth-XqoqE6HT-QC_uwt1fk8gZLW6wzk9ecZiGc6hCilXLTcMeE16J-ClOV0yeGfjWjbrHDQkUlFdN-NuU4H53rRE4IFeoqkWTE41juc=w156-h114-p-k-no",36.857604,10.1581233,contact@ingeniusit.com,Not Available,Not Available,Not Available,Not Available,Not Available,"Service options,,Online appointments,,On-site services,    Amenities,,Gender-neutral toilets"
Prodware Tunisia,https://www.google.com/maps/place/Prodware+Tunisia/data=!4m7!3m6!1s0x12fd348efb78fab1:0x5156afc28691f2be!8m2!3d36.824395!4d10.1846616!16s%2Fg%2F11b6gqvx65!19sChIJsfp4-440_RIRvvKRhsKvVlE?authuser=0&hl=en&rclk=1,https://streetviewpixels-pa.googleapis.com/v1/thumbnail?panoid=jhWFnyVl4-YH-UZfF4LNHg&cb_client=search.gws-prod.gps&w=408&h=240&yaw=241.83846&pitch=0&thumbfov=100,5.0,Not Available,Software company,"2ème étage، 44 Rue Ibn Charaf, Tunis 1002","Monday, 8:30 AM to 6 PM,Thursday, 8:30 AM to 6 PM,Friday, 8:30 AM to 6 PM,Saturday, Closed,Sunday, Closed",Not Available,https://sinopesoft.com/,70 297 062,"https://streetviewpixels-pa.googleapis.com/v1/thumbnail?panoid=jhWFnyVl4-YH-UZfF4LNHg&cb_client=search.gws-prod.gps&w=86&h=86&yaw=241.83846&pitch=0&thumbfov=100,https://streetviewpixels-pa.googleapis.com/v1/thumbnail?panoid=jhWFnyVl4-YH-UZfF4LNHg&cb_client=search.gws-prod.gps&w=408&h=240&yaw=241.83846&pitch=0&thumbfov=100,https://streetviewpixels-pa.googleapis.com/v1/thumbnail?panoid=jhWFnyVl4-YH-UZfF4LNHg&cb_client=maps_sv.tactile.gps&w=224&h=298&yaw=241.83846&pitch=0&thumbfov=100,https://lh3.googleusercontent.com/a-/ALV-UjXRH3LyBJrCByEeBKrlmXpul5TML0crHlNKfILTLiAQDayTw5lE=w36-h36-p-rp-mo-br100,https://lh3.googleusercontent.com/gps-cs-s/AHRPTWmuMr0X-OfbxD0BWAbr7ABpELO_S5beoI56YoTnXcgMollMHGzrZ3mKFMWQVP9bSGObCOTbx5xqoEMWzBGrKqSPx6u4bjIMSh1lJ9XX7mK5QeG4XR5G78FG6SbVuYM8KwvNm3uRfg=w156-h114-p-k-no",36.824395,10.1846616,Not Available,Not Available,Not Available,Not Available,Not Available,Not Available,Not Available
VERMEG Tunisia,https://www.google.com/maps/place/VERMEG+Tunisia/data=!4m7!3m6!1s0x12fd351432affb6b:0xa2369429e6a98662!8m2!3d36.8313079!4d10.2327599!16s%2Fg%2F1tk407c8!19sChIJa_uvMhQ1_RIRYoap5imUNqI?authuser=0&hl=en&rclk=1,https://lh3.googleusercontent.com/gps-cs-s/AHRPTWkORE0iDKSa-lflifTnLvlmSHX2LMCbOioRRqY4UyZfEJTbms4PDwQ5Dk2c-dPPwxYW5D9f_V-EAZLNU2JphHtuZGIco_AiE2sLGnhHubCzQPEYaA6OFPwKJbFuOyOuFE1OILGTkw=w408-h271-k-no,3.9,Not Available,Software company,"Rue du Lac Biwa, Tunis 1053","Monday, 8:30 AM to 6 PM,Thursday, 8:30 AM to 6 PM,Friday, 8:30 AM to 6 PM,Saturday, Closed,Sunday, Closed",Not Available,http://www.vermeg.com/,71 160 600,"https://lh3.googleusercontent.com/gps-cs-s/AHRPTWkORE0iDKSa-lflifTnLvlmSHX2LMCbOioRRqY4UyZfEJTbms4PDwQ5Dk2c-dPPwxYW5D9f_V-EAZLNU2JphHtuZGIco_AiE2sLGnhHubCzQPEYaA6OFPwKJbFuOyOuFE1OILGTkw=w32-h32-p-k-no,https://lh3.googleusercontent.com/gps-cs-s/AHRPTWkORE0iDKSa-lflifTnLvlmSHX2LMCbOioRRqY4UyZfEJTbms4PDwQ5Dk2c-dPPwxYW5D9f_V-EAZLNU2JphHtuZGIco_AiE2sLGnhHubCzQPEYaA6OFPwKJbFuOyOuFE1OILGTkw=w408-h271-k-no,https://lh3.googleusercontent.com/gps-cs-s/AHRPTWkORE0iDKSa-lflifTnLvlmSHX2LMCbOioRRqY4UyZfEJTbms4PDwQ5Dk2c-dPPwxYW5D9f_V-EAZLNU2JphHtuZGIco_AiE2sLGnhHubCzQPEYaA6OFPwKJbFuOyOuFE1OILGTkw=w447-h298-k-no,https://lh3.googleusercontent.com/gps-cs-s/AHRPTWkWqO01nzBQFwTSFE0SlzCC17ZO3BzGtPJz4az9pO679VVZF2U_JlTMrryEKUQLXcJeLyAkC8IWh12sx36092OHufVS-1-lsJmkmFFO2jq8ZSfq88aC8wB1pEZARjOGQR8ZbCyp=w224-h398-k-no,https://lh3.googleusercontent.com/a/ACg8ocLc16xYAb1ZuNssMvDmd7YyfIwAFYeLUGPMhVzeKsJ81Re2Uw=w36-h36-p-rp-mo-br100,https://lh3.googleusercontent.com/a-/ALV-UjWqdgETP0hIpHN4WpbKlaq6nKWRFK0VLqTEp0mVG5ujepTPuEz4=w36-h36-p-rp-mo-ba12-br100,https://lh3.googleusercontent.com/a-/ALV-UjU1GH0PBxeaQVni8TCOQ5n8uAMx6aK072UF0XeV2HVjPofdVws_RA=w36-h36-p-rp-mo-ba12-br100,https://lh3.googleusercontent.com/gps-cs-s/AHRPTWlR7d5N0zHNPOuOq5fYbRoxqokR_X2s8vXqZdkYdJvij0JJxt1dTOtG89XAHD3s-NGXV8QbU9s19kXHd8CEnADd5MGuY0VpcdVxS2qxgGzzw-Zdvd4CtCFmicMOYiA7FDPQtixd=w156-h114-p-k-no,https://lh3.googleusercontent.com/gps-cs-s/AHRPTWn95gMjt_XpCOyVodQm6vOc229YjyPPM_PzFYejNl1Ufi6kjtczf6Qi4uHqs_ktEIQhnuQzu6VxCdMCdZxvE5jTqCPRbGgpqhj5C2cxm--nIQYt_TBKt3RBLtqJhxDVWoIa9jQ=w156-h114-p-k-no,https://lh3.googleusercontent.com/gps-cs-s/AHRPTWnadJ7iXetOBS5cl6YZd0X_k1ksV89Bwl8YUs7KvcjSjjCT5hcn4x_csHRpb4MDPb5TsHNQI1VJjgbP5C6JYvNrlgH9K9IDhgPlpK532EktyIIOOWPV7p-JUr0_GBdjuDIh49-GrA=w156-h114-p-k-no,https://lh3.googleusercontent.com/gps-cs-s/AHRPTWkp7mWb9Uw5ho7aeVltNoxVvL0c9-IhuLGt4UdsXUuridrunIuKaqDQTc_ogjYMfGR0NTb6nyXAOs6zbwy6HldsDSH8EdMrSquincVSI7eFLJwTDJhBZaHGycKRUxqSiAZPkhc=w156-h114-p-k-no",36.8313079,10.2327599,communication@vermeg.com,https://www.facebook.com/Vermeg/,Not Available,Not Available,https://www.youtube.com/@vermeg5665,https://www.linkedin.com/company/vermeg,"Accessibility,,Wheelchair-accessible entrance"
CYBERESA,https://www.google.com/maps/place/CYBERESA/data=!4m7!3m6!1s0x12e2cb3448fbffff:0xffcf789998c7310c!8m2!3d36.8485801!4d10.2008475!16s%2Fg%2F1ygvsvbb9!19sChIJ___7SDTL4hIRDDHHmJl4z_8?authuser=0&hl=en&rclk=1,https://lh3.googleusercontent.com/gps-cs-s/AHRPTWlCr8rsS7PYVEPuBV89hvAWliesDBJkUld_bj-VssmX13kgqXH5UvwPPlQJuzQYXsMMtVNg04V1NNJ5hnYCYjak_0HKiKm3bHTmFnvGd2u-ydLnHqJpj7gtNSKiowBCWM3CPzAmYA=w408-h262-k-no,4.7,Not Available,Software company,"Golden Tower, Centre Urbain Nord, Bloc B, 7ème Etage , Appt7-8, Tunis 1082","Monday, 8:30 AM to 5:30 PM,Thursday, 8:30 AM to 5:30 PM,Friday, 8:30 AM to 5:30 PM,Saturday, 8:30 AM to 12:30 PM,Sunday, Closed",Not Available,http://www.cyberesa.net/,71 947 401,"https://lh3.googleusercontent.com/gps-cs-s/AHRPTWlCr8rsS7PYVEPuBV89hvAWliesDBJkUld_bj-VssmX13kgqXH5UvwPPlQJuzQYXsMMtVNg04V1NNJ5hnYCYjak_0HKiKm3bHTmFnvGd2u-ydLnHqJpj7gtNSKiowBCWM3CPzAmYA=w32-h32-p-k-no,https://lh3.googleusercontent.com/gps-cs-s/AHRPTWlCr8rsS7PYVEPuBV89hvAWliesDBJkUld_bj-VssmX13kgqXH5UvwPPlQJuzQYXsMMtVNg04V1NNJ5hnYCYjak_0HKiKm3bHTmFnvGd2u-ydLnHqJpj7gtNSKiowBCWM3CPzAmYA=w408-h262-k-no,https://lh3.googleusercontent.com/gps-cs-s/AHRPTWlCr8rsS7PYVEPuBV89hvAWliesDBJkUld_bj-VssmX13kgqXH5UvwPPlQJuzQYXsMMtVNg04V1NNJ5hnYCYjak_0HKiKm3bHTmFnvGd2u-ydLnHqJpj7gtNSKiowBCWM3CPzAmYA=w462-h298-k-no,https://lh3.googleusercontent.com/gps-cs-s/AHRPTWmMwRrpZyTQ4GzNHbuFsBa97BrKYSvXwUPYAKlcuItuu04QfGBV7ryIbb8qIshSsBrStpGi2QNmC8Bh9lexbCUaw-AhP8eCEGSc13fbApSBix3qyrcz8oqEDExA354ycTGOMUp1Wg=w298-h298-k-no,https://lh3.googleusercontent.com/a-/ALV-UjWAmvokvEkK3T-ZL_rfVZwTlwNnYADHE86-n58f_znr5xiWzzsxbA=w36-h36-p-rp-mo-ba12-br100,https://lh3.googleusercontent.com/a-/ALV-UjU43i8AD02kDNith0GieVFOYfkiZ0f9BdCJk8fS0uCBNDO_xb_8=w36-h36-p-rp-mo-br100,https://lh3.googleusercontent.com/a-/ALV-UjV-r4JbxeIJBisEOzGqfult8DMQSz-fgSemHwOAoKz33Q91qR80=w36-h36-p-rp-mo-br100,https://lh3.googleusercontent.com/gps-cs-s/AHRPTWnjw54-u2QlwghPGEuMr3pIWwJMucunIFdimUjS7EPoQEXnUXg8-V9YlbyWJpLun2hWz3mP1HnmqFy0_trMzYAlKGyhmh4iwYkCOk43Mq8Imf8GKoAuquSp5h8kftaUFVBz9kRbGw=w156-h114-p-k-no,https://lh3.googleusercontent.com/gps-cs-s/AHRPTWlYb6sBrlYmcAuhjyK9EgyfN7jSMaJMgcHeMCFRR4hW6FNdn6pog0m4B93FhaPD8h6tSivdufrrQlyGufi70bPtD1qBYZQt6wx8bUXYYZDcXJekvjxUACzGiLBU_nyDdYQLvkZlCw=w156-h114-p-k-no,https://lh3.googleusercontent.com/gps-cs-s/AHRPTWnsnTuDtDhWD5AJUpoAvsKrmxJ-kn2oeh_DEQ2Ic9yckH1QX4bU1dtPY4HZK97jYtqoqVEO4MAf12Ft1hgagOfA_KN2GuI1qMQLqem-XCP7Y1ifFFOWTsT3rywiSG44JuLNA6CoFQ=w156-h114-p-k-no",36.8485801,10.2008475,info@cyberesa.net,https://www.facebook.com/cyberesa.sarl/,Not Available,Not Available,Not Available,https://www.linkedin.com/company/cyberesa/,Not Available
DECADE Tunisie,https://www.google.com/maps/place/DECADE+Tunisie/data=!4m7!3m6!1s0x12fd34f34884a3a1:0x57c31930c6a5f264!8m2!3d36.8206372!4d10.1917976!16s%2Fg%2F11cmx68lnn!19sChIJoaOESPM0_RIRZPKlxjAZw1c?authuser=0&hl=en&rclk=1,https://lh3.googleusercontent.com/a/ACg8ocIhjijna1icdoEBo-6JXaH6owjZzgNp93hvMm1vM8Lsl75fmA=w36-h36-p-rp-mo-ba12-br100,5.0,Not Available,Software company,"R5CR+6PP, Tunis","Monday, 8 AM to 3 PM,Thursday, 8 AM to 3 PM,Friday, Closed,Saturday, Closed,Sunday, Closed",Not Available,Not Available,Not Available,"https://lh3.googleusercontent.com/a/ACg8ocIhjijna1icdoEBo-6JXaH6owjZzgNp93hvMm1vM8Lsl75fmA=w36-h36-p-rp-mo-ba12-br100,https://lh3.googleusercontent.com/a-/ALV-UjVHDy1uGB2uMPSQ6ON9tVIXdGxrQudnPU3JmZT9IgTxGPuBz-aD=w36-h36-p-rp-mo-ba12-br100,https://lh3.googleusercontent.com/a-/ALV-UjUEVpuY4pF0UdEG3EzKDC17BCYIYpoGwdAKvKITm3zf793Af_4=w36-h36-p-rp-mo-br100,https://lh3.googleusercontent.com/gps-cs-s/AHRPTWlkDC98Zte9hNjg1N_FW40lwDEYwHOk7QCb0vkZlbmm6esxTVUwwvNe03f2u0WPjtBpqZzs0Cok6WXUIkrK5x3wuT1FUNEOnHyYcgloF7SYyPiXtglkxVQ9GShxQQs0KCgpfjR4=w156-h114-p-k-no,https://lh3.googleusercontent.com/gps-cs-s/AHRPTWlIojjekL0drrmhEO5yAVu7DEfT__dZQH3UliSgL_zocNGA6bLp2lnvMhn-zn1gqeNC-fjYEtk3qLHk2gkmoqNFLrGlOA9EwVGDSoYF5SpPGssthK2kjUiVTvjiUHkAo-Af6JM=w156-h114-p-k-no",36.8206372,10.1917976,Not Available,Not Available,Not Available,Not Available,Not Available,Not Available,Not Available
Think Tank Business Solutions,https://www.google.com/maps/place/Think+Tank+Business+Solutions/data=!4m7!3m6!1s0x12fd34920e71b483:0x985d415d13001903!8m2!3d36.8274272!4d10.1884337!16s%2Fg%2F11g87htzp4!19sChIJg7RxDpI0_RIRAxkAE11BXZg?authuser=0&hl=en&rclk=1,https://lh3.googleusercontent.com/gps-cs-s/AHRPTWl5_d4khfvL-Fdj7_k7chkXfpC47iRvwR0CdQJA9rPHkSLE-Fso01ug6u9qF5P9pvGK-G8Ksl1TQfMqN_W-k9Xape4ocFy6ZADKVOikLlApPx9bvrKuBklugJOjD4gJQbQypbzd=w408-h306-k-no,4.8,Not Available,Software company,"Angle Rue Najachi, Rue Ibn Charaf, Tunis 1002","Monday, 8 AM to 6 PM,Thursday, 8 AM to 6 PM,Friday, 8 AM to 6 PM,Saturday, Closed,Sunday, Closed",Not Available,http://www.thinktank.de/,71 784 726,"https://lh3.googleusercontent.com/gps-cs-s/AHRPTWl5_d4khfvL-Fdj7_k7chkXfpC47iRvwR0CdQJA9rPHkSLE-Fso01ug6u9qF5P9pvGK-G8Ksl1TQfMqN_W-k9Xape4ocFy6ZADKVOikLlApPx9bvrKuBklugJOjD4gJQbQypbzd=w32-h32-p-k-no,https://lh3.googleusercontent.com/gps-cs-s/AHRPTWl5_d4khfvL-Fdj7_k7chkXfpC47iRvwR0CdQJA9rPHkSLE-Fso01ug6u9qF5P9pvGK-G8Ksl1TQfMqN_W-k9Xape4ocFy6ZADKVOikLlApPx9bvrKuBklugJOjD4gJQbQypbzd=w408-h306-k-no,https://lh3.googleusercontent.com/gps-cs-s/AHRPTWmPXx_YNFfWaeO14qNIRFpKTcfNduuZBckBp2Cq5OygGjjCZ8cweFuAMUtvVoPI1snCsHFInkGjWIJTPWotf1E1Gg6pG6Z8cC1owL2EJ3oso2lIiZULJ11Vrohsm1QNzeiVisqXZg=w360-h244-k-no,https://lh3.googleusercontent.com/a-/ALV-UjWufXYFpZ5uwCtt7FyW-WFX_YzCVZv8kVZavz30vqcVliYlzJWt=w36-h36-p-rp-mo-br100,https://lh3.googleusercontent.com/a-/ALV-UjV3hpggnDy2fpVcBRGg7EMnF9LF5mdg-w-exvWreVzMrLfKMsI=w36-h36-p-rp-mo-br100,https://lh3.googleusercontent.com/a/ACg8ocIVg6LVmfwPlxKOYg2FXLRICqLVeftniVR0hI1zBBENmQWsxA=w36-h36-p-rp-mo-br100,https://lh3.googleusercontent.com/gps-cs-s/AHRPTWnXCpIOFgBcyi71yye6waHi5s0ViznuxbC4yC0o3U1WBPXlyHbEicEi9RHlJdbcFd8Ag7vBXZUH3tr0qnNXznq_vLr8tshxFprzLp5m9AOinAwfoyhIU-eHv6XiCeedsvB6VB9K=w156-h114-p-k-no,https://lh3.googleusercontent.com/gps-cs-s/AHRPTWmYScIYw6AyP1n_oq859MgzcP-Otm04XBTDYtJ_Jwk3vrbrOxv0zZZKJaZaGNyirmbJoOyeNA5SsYDl1KMPbtKbNr8yaFMB6jhdCytBJksy8XQhkB2kABFuJuuhjACXHWn_X20T=w156-h114-p-k-no,https://lh3.googleusercontent.com/gps-cs-s/AHRPTWlIcMDhtuMPfgqZmY_8qH75qkyEkfdsHWKXEx9rci_PPmITGYKBsVfwL0r2b0wOtmLQ91l04BYrMwIji4W9v3BQlZJpiCNsDbRTE4z6ZWK6iQuKqjJl2IBDu2coMQ2tK8DHCos=w156-h114-p-k-no",36.8274272,10.1884337,name@example.com,Not Available,Not Available,Not Available,Not Available,https://www.linkedin.com/company/think-tank-business-solutions/,Not Available
Sopra HR Software Tunisie,https://www.google.com/maps/place/Sopra+HR+Software+Tunisie/data=!4m7!3m6!1s0x12fd3516627a27b7:0x236d712d6df1999b!8m2!3d36.8493497!4d10.2753231!16s%2Fg%2F1hc2c3pt7!19sChIJtyd6YhY1_RIRm5nxbS1xbSM?authuser=0&hl=en&rclk=1,https://lh3.googleusercontent.com/gps-cs-s/AHRPTWlH_YZjUEUGE17uo8utZYRRTQaKfq-8_Q7kgStMhqpkkqEgfOhN-o0YJ0K79uMwMX9C6qGv6xeKEIn2Xz4S3qvvfY2hH8fNXFGTc2LkvS87ViUcXNvRRmT5QNpAUPOP_MCcAHFo=w408-h504-k-no,4.0,Not Available,Software company,"Immeuble Les Pins, Bloc B, Cite Les Pins, Lotissement Zone VI Lac II 1053, Tunis 1053","Monday, 8 AM to 6 PM,Thursday, 8 AM to 6 PM,Friday, 8 AM to 6 PM,Saturday, Closed,Sunday, Closed",Not Available,http://soprahr.com/,71 167 300,"https://lh3.googleusercontent.com/gps-cs-s/AHRPTWlH_YZjUEUGE17uo8utZYRRTQaKfq-8_Q7kgStMhqpkkqEgfOhN-o0YJ0K79uMwMX9C6qGv6xeKEIn2Xz4S3qvvfY2hH8fNXFGTc2LkvS87ViUcXNvRRmT5QNpAUPOP_MCcAHFo=w32-h32-p-k-no,https://lh3.googleusercontent.com/gps-cs-s/AHRPTWlH_YZjUEUGE17uo8utZYRRTQaKfq-8_Q7kgStMhqpkkqEgfOhN-o0YJ0K79uMwMX9C6qGv6xeKEIn2Xz4S3qvvfY2hH8fNXFGTc2LkvS87ViUcXNvRRmT5QNpAUPOP_MCcAHFo=w408-h504-k-no,https://lh3.googleusercontent.com/gps-cs-s/AHRPTWlH_YZjUEUGE17uo8utZYRRTQaKfq-8_Q7kgStMhqpkkqEgfOhN-o0YJ0K79uMwMX9C6qGv6xeKEIn2Xz4S3qvvfY2hH8fNXFGTc2LkvS87ViUcXNvRRmT5QNpAUPOP_MCcAHFo=w241-h298-k-no,https://lh3.googleusercontent.com/gps-cs-s/AHRPTWlVA9XNgmyBJZRIxp0HgX5uJOiW26KEHF-gBRC8E255J2eeWOGUdse7pY2rlgvGXUqXSkzvvgNFP7mP7Rb9fxvqJcymn-ubulPEvei9zOrW3R4WWm_0XGm2F11N1weIwTkC78Chog=w224-h398-k-no,https://lh3.googleusercontent.com/a-/ALV-UjWP0ZydmNl1USP0urPxWQKCR2wIboK1X3NFYh0I5I29lTrllNA=w36-h36-p-rp-mo-ba12-br100,https://lh3.googleusercontent.com/a-/ALV-UjU4lSqkZ1cwtnSrUeiN6TWcy5SrAfo1t8OHDVs5e6JZrxKLgWDK=w36-h36-p-rp-mo-br100,https://lh3.googleusercontent.com/a-/ALV-UjXRrUqRqoqbqWtWQObtjzqSPg3_zqCVtXfzsJl7bA0AOVbu1qWR=w36-h36-p-rp-mo-br100,https://lh3.googleusercontent.com/gps-cs-s/AHRPTWlN1l2DcRqPzsAbXVg743n7FtERMIZeHNf7PsRD6XWIgruV2Km14Usa8-Al-uPtln8gwBT7YJimpsENbIv9BD9AZEntRbfkKodNxLfN3v8jUP1hFI_zoLkbU2s0THXoCSeYJxiAbw=w156-h114-p-k-no,https://lh3.googleusercontent.com/gps-cs-s/AHRPTWnadJ7iXetOBS5cl6YZd0X_k1ksV89Bwl8YUs7KvcjSjjCT5hcn4x_csHRpb4MDPb5TsHNQI1VJjgbP5C6JYvNrlgH9K9IDhgPlpK532EktyIIOOWPV7p-JUr0_GBdjuDIh49-GrA=w156-h114-p-k-no,https://lh3.googleusercontent.com/gps-cs-s/AHRPTWkb5NuOZ3_4Kxu1hlsh1kOYFj9EMAUM2O5OBcawymVMK8QFT8kOVa4fGzrNYaQ3VREdfzXlMX1SbC5067G0GsMl5XxsA7TRQpOmGpO0r3N84tn6qoDtFJHQ10CoRDBfNqd7v4Q=w156-h114-p-k-no,https://lh3.googleusercontent.com/gps-cs-s/AHRPTWld-CDJLcZ9H_qPL8sL92tYx9Xk-agJKzAnV4Rc9G3zKXtLQcZrD-Mea-ATTI6o-bYjnUGrVi88_03awLm9SkxkwP3CsgQQC6KIxTSsBBbaQO4Z7vuXnmsmQswzHUhwWT9nqtuLXg=w156-h114-p-k-no",36.8493497,10.2753231,Not Available,Not Available,Not Available,Not Available,Not Available,Not Available,"Accessibility,,Wheelchair-accessible car park,,Wheelchair-accessible entrance"
littlewolf.tech Tunisia,https://www.google.com/maps/place/littlewolf.tech+Tunisia/data=!4m7!3m6!1s0x12fd34722f373653:0xd057ebbca2a5e355!8m2!3d36.8008938!4d10.1793219!16s%2Fg%2F11g92n7lrx!19sChIJUzY3L3I0_RIRVeOlorzrV9A?authuser=0&hl=en&rclk=1,https://lh3.googleusercontent.com/gps-cs-s/AHRPTWml6HAk1XavTMR-xU1_zq0hKIOmKiQrOKaRJA1tUeC0coh8lzwN7dDeV6SXeh9UULKCa8WAoeAWvz5L-VjFzdfeSiHpTdjWFVSF6Ji8QzdGtnwbcBXJNB1HMfrphy39Gz45P1SfnQ=w408-h306-k-no,Not Available,Not Available,Software company,"64 Rue Mokhtar Attia, Tunis 1000","Monday, 9 AM to 6 PM,Thursday, 9 AM to 6 PM,Friday, 9 AM to 6 PM,Saturday, Closed,Sunday, Closed",Not Available,https://littlewolf.tech/,98 321 825,"https://lh3.googleusercontent.com/gps-cs-s/AHRPTWml6HAk1XavTMR-xU1_zq0hKIOmKiQrOKaRJA1tUeC0coh8lzwN7dDeV6SXeh9UULKCa8WAoeAWvz5L-VjFzdfeSiHpTdjWFVSF6Ji8QzdGtnwbcBXJNB1HMfrphy39Gz45P1SfnQ=w32-h32-p-k-no,https://lh3.googleusercontent.com/gps-cs-s/AHRPTWml6HAk1XavTMR-xU1_zq0hKIOmKiQrOKaRJA1tUeC0coh8lzwN7dDeV6SXeh9UULKCa8WAoeAWvz5L-VjFzdfeSiHpTdjWFVSF6Ji8QzdGtnwbcBXJNB1HMfrphy39Gz45P1SfnQ=w408-h306-k-no,https://lh3.googleusercontent.com/gps-cs-s/AHRPTWml6HAk1XavTMR-xU1_zq0hKIOmKiQrOKaRJA1tUeC0coh8lzwN7dDeV6SXeh9UULKCa8WAoeAWvz5L-VjFzdfeSiHpTdjWFVSF6Ji8QzdGtnwbcBXJNB1HMfrphy39Gz45P1SfnQ=w397-h298-k-no,https://lh3.googleusercontent.com/gps-cs-s/AHRPTWlwgCOCQj2xxyxLBY3se0_mE5Jr2VXO7XmoEQAx8Z3jSCEeWRnmoCtasOFyN9wtZRn0SKTJMxD0EH6PIxyGghdNtpoChO734HwIpObp_K6f950M9puCk5eR3vsBQe5Yw4AU30_r=w224-h298-k-no,https://streetviewpixels-pa.googleapis.com/v1/thumbnail?panoid=WTt1W4onzWlqmntb4dbpDw&cb_client=maps_sv.tactile.gps&w=224&h=298&yaw=274.4981&pitch=0&thumbfov=100,https://lh3.googleusercontent.com/gps-cs-s/AHRPTWkSEfib0eoL46e4Qzf4YgTQeMlTxFAaagELP1GhY65jejOB8C1crXDixj250LPUVLJk4vPtwssLlDGpO6FaMsvtSi2nAywOb-ByaKEG5wMMpEfV_1zts0Md4LN4PvlxvV8ySiQZXDmlyRqD=w156-h114-p-k-no,https://lh3.googleusercontent.com/gps-cs-s/AHRPTWnQTPZhpHAxXkUgOHxYlIlsqiMn9-dfEdaZ-tlIAJK8gD3-NNpZbq_i90wDlmkFM0ZZmpn7gBeZI5zioxX22wNW-f_97D8i4rP2j6ZQETzJpUc2zfnRUu36lUBjPACsd-lpK2Y=w156-h114-p-k-no",36.8008938,10.1793219,info@littlewolf.tech,Not Available,Not Available,Not Available,Not Available,https://www.linkedin.com/company/littlewolf-tech,Not Available
Hannibal advanced solutions : Agence Web Tunisie,https://www.google.com/maps/place/Hannibal+advanced+solutions+:+Agence+Web+Tunisie/data=!4m7!3m6!1s0x12fd357c19ed1859:0x356ee846af24433b!8m2!3d36.8154575!4d10.1857342!16s%2Fg%2F11ymn9g9y6!19sChIJWRjtGXw1_RIRO0Mkr0bobjU?authuser=0&hl=en&rclk=1,https://streetviewpixels-pa.googleapis.com/v1/thumbnail?panoid=dch_gcqilJ5E6-3g3NgIGQ&cb_client=search.gws-prod.gps&w=408&h=240&yaw=235.54387&pitch=0&thumbfov=100,5.0,Not Available,Website designer,Tunis 1000,"Monday, 8:30 AM to 6 PM,Thursday, 8:30 AM to 6 PM,Friday, 8:30 AM to 6 PM,Saturday, Closed,Sunday, Closed",Not Available,http://hannibaladvanced.com/,29 316 499,"https://streetviewpixels-pa.googleapis.com/v1/thumbnail?panoid=dch_gcqilJ5E6-3g3NgIGQ&cb_client=search.gws-prod.gps&w=86&h=86&yaw=235.54387&pitch=0&thumbfov=100,https://streetviewpixels-pa.googleapis.com/v1/thumbnail?panoid=dch_gcqilJ5E6-3g3NgIGQ&cb_client=search.gws-prod.gps&w=408&h=240&yaw=235.54387&pitch=0&thumbfov=100,https://streetviewpixels-pa.googleapis.com/v1/thumbnail?panoid=dch_gcqilJ5E6-3g3NgIGQ&cb_client=maps_sv.tactile.gps&w=224&h=298&yaw=235.54387&pitch=0&thumbfov=100,https://lh3.googleusercontent.com/gps-cs-s/AHRPTWmDdTwtzRELVjlSTFiFqatqR6-qpyA__e06BiHgEM9mN_A9Kpz5OUpYrMg2dxpS2-6isNPy-fonEoldlLZKlVvvQ5-3_hayWOatw2c7s-uYrkdw-Yjuf-x0xiP_sO3FfYm-zamD_FkLKOX0=w397-h298-k-no,https://lh3.googleusercontent.com/a-/ALV-UjXuA3t82huTzPCwxou_wggt5VnxUIu5Xt-qUnTbcwEKzXbChgm7=w36-h36-p-rp-mo-br100,https://lh3.googleusercontent.com/a-/ALV-UjXe24InoJPuszXA5pLg53E1bOZe1-ZbWi21uF4XaTWbceDB6Vo=w36-h36-p-rp-mo-br100,https://lh3.googleusercontent.com/a-/ALV-UjW3GX1qkk714MY1mF5HD_S0W0S1VnSO3MOFG6S31_K9pqMZaBM=w36-h36-p-rp-mo-br100",36.8154575,10.1857342,contact@hannibaladvanced.com,https://www.facebook.com/profile.php?id=61571023165350,Not Available,https://www.instagram.com/hannibaladvanced,https://www.youtube.com/@hannibaladvanced,https://www.linkedin.com/in/hannibal-advanced-03476138a/,Not Available
ITSolution Tunisie,https://www.google.com/maps/place/ITSolution+Tunisie/data=!4m7!3m6!1s0x12fd33b69961e513:0xdba432a09b9948ad!8m2!3d36.803763!4d10.1314351!16s%2Fg%2F1tf132m0!19sChIJE-VhmbYz_RIRrUiZm6AypNs?authuser=0&hl=en&rclk=1,https://lh3.googleusercontent.com/gps-cs-s/AHRPTWmFUti5nBzgVmaSeN1X9GtvLk52zD1xur8II-e5OdCAulisCEudB9mLHxdmZ7ron-H9ZGzDY134pfWm4yDhgSQoNVsQWGXPYbfKGUyiNKt_IrtHllMRJg5ZNtgPrT6vVIBFji8qIw=w408-h306-k-no,4.6,Not Available,Computer support and services,"10 Rue Ibn Abbed, Tunis 2000","Monday, 8 AM to 6 PM,Thursday, 8 AM to 6 PM,Friday, 8 AM to 6 PM,Saturday, 9 AM to 2 PM,Sunday, Closed",Not Available,http://www.itsolution-tn.com/,23 689 978,"https://lh3.googleusercontent.com/gps-cs-s/AHRPTWmFUti5nBzgVmaSeN1X9GtvLk52zD1xur8II-e5OdCAulisCEudB9mLHxdmZ7ron-H9ZGzDY134pfWm4yDhgSQoNVsQWGXPYbfKGUyiNKt_IrtHllMRJg5ZNtgPrT6vVIBFji8qIw=w32-h32-p-k-no,https://lh3.googleusercontent.com/gps-cs-s/AHRPTWmFUti5nBzgVmaSeN1X9GtvLk52zD1xur8II-e5OdCAulisCEudB9mLHxdmZ7ron-H9ZGzDY134pfWm4yDhgSQoNVsQWGXPYbfKGUyiNKt_IrtHllMRJg5ZNtgPrT6vVIBFji8qIw=w408-h306-k-no,https://lh3.googleusercontent.com/gps-cs-s/AHRPTWnS1mqYS54bxNy-YLrryfkD2SL3DpBCQ6CbbpOlinDLuPMUfRnW3pAv3XKMSEH6DU5NzMes9NwC57n_AldZOnbwpe9S3Uejt4BfeHFJW8He52WWuZwMS7ZlPWKLyODUnDT0rzE_=w298-h298-k-no,https://lh3.googleusercontent.com/gps-cs-s/AHRPTWnNyRs4Ju14YvCfv48lieSz-1lUnXQ5ZpIOl8Kc4BAO_u6QU4VrVf2NeeuIDqnOUR7t7dRJiR6mhG-7PiRwtauSX7K9QSo1q27pi-9PYckEUOeCcFrWiuM65k94vZFKrAXIP2NNMg=w298-h298-k-no,https://lh3.googleusercontent.com/a-/ALV-UjXw3jBaq1Rnl8mNn1Bbblc34xuVewy11ZRc3m94dd3BndHfxd1q=w36-h36-p-rp-mo-br100,https://lh3.googleusercontent.com/a-/ALV-UjWFWZgOpNy4Y9U2i289LHtv9UG-J6PwdClraUC6iHrWUkM95Uk3Gw=w36-h36-p-rp-mo-br100,https://lh3.googleusercontent.com/a/ACg8ocJmr_Sg64rZiA4OthjhGXg6RhNqEMOfF1FZWlNEyydVGLPi6g=w36-h36-p-rp-mo-br100,https://lh3.googleusercontent.com/gps-cs-s/AHRPTWmdLD1yAyBwJ5fSqDy2hTDQUhAc1s003te6QVzPv1CWPbqMwbmRFKhK2RkgvXo82M7NYcLgoxOlO-yIQMNJL2pN0XGYRqwasPOTw1tP-EVsbc8m4XA9pc-KqBgkEufP176srr8Y=w156-h114-p-k-no",36.803763,10.1314351,commercial@itsolution-tn.com,https://www.facebook.com/itsolution.tunisie,https://twitter.com/itsolution_tn,Not Available,https://www.youtube.com/channel/UC08FMMN_GPpOItWxLfsjEGg,https://www.linkedin.com/company/itsolution-tunisie,Not Available
Eezee-it Tunis - Odoo Partner,https://www.google.com/maps/place/Eezee-it+Tunis+-+Odoo+Partner/data=!4m7!3m6!1s0x12fd35a6fcd05f85:0xa248bb98600ceee0!8m2!3d36.8064948!4d10.1815316!16s%2Fg%2F11l_7zzg1m!19sChIJhV_Q_KY1_RIR4O4MYJi7SKI?authuser=0&hl=en&rclk=1,https://streetviewpixels-pa.googleapis.com/v1/thumbnail?panoid=7gbO1-tvWIm551vqQldUcw&cb_client=search.gws-prod.gps&w=408&h=240&yaw=252.61525&pitch=0&thumbfov=100,5.0,Not Available,Software company,"3 ème étage, A17, Résidence Tunis Carthage, Av. De Carthage, Ariana 2027","Monday, 8:30 AM to 5:30 PM,Thursday, 8:30 AM to 5:30 PM,Friday, 8:30 AM to 5:30 PM,Saturday, Closed,Sunday, Closed",Not Available,https://eezee-it.com/,Not Available,"https://streetviewpixels-pa.googleapis.com/v1/thumbnail?panoid=7gbO1-tvWIm551vqQldUcw&cb_client=search.gws-prod.gps&w=86&h=86&yaw=252.61525&pitch=0&thumbfov=100,https://streetviewpixels-pa.googleapis.com/v1/thumbnail?panoid=7gbO1-tvWIm551vqQldUcw&cb_client=search.gws-prod.gps&w=408&h=240&yaw=252.61525&pitch=0&thumbfov=100,https://streetviewpixels-pa.googleapis.com/v1/thumbnail?panoid=7gbO1-tvWIm551vqQldUcw&cb_client=maps_sv.tactile.gps&w=224&h=298&yaw=252.61525&pitch=0&thumbfov=100,https://lh3.googleusercontent.com/a-/ALV-UjWCh4FDcm2fX296W6yRH0rbmk-UtAy8HsFU_RQRRS7IlgwufKwe=w36-h36-p-rp-mo-br100,https://lh3.googleusercontent.com/gps-cs-s/AHRPTWkJJAVYrB4GCsCyNbkOlbC8yfLHx7l35l-KmP6fMIkD1fhVzAGRnzZzSgEhzF98pbkhht3FPQAsmvsjsDZ2yj2q5WsIjY035LhikEdItRNEZh3XiAekHm_W_WkPY5ETAVmFUx23=w156-h114-p-k-no",36.8064948,10.1815316,info@eezee-it.com,Not Available,Not Available,Not Available,Not Available,https://www.linkedin.com/company/eezee-it/posts/?feedView=all,Not Available
Lexa Technologies,https://www.google.com/maps/place/Lexa+Technologies/data=!4m7!3m6!1s0x12fd35727735859f:0xcccc1d1e139bca61!8m2!3d36.8494901!4d10.1981705!16s%2Fg%2F11ykxr0zy2!19sChIJn4U1d3I1_RIRYcqbEx4dzMw?authuser=0&hl=en&rclk=1,https://lh3.googleusercontent.com/gps-cs-s/AHRPTWmRxTDSU0bsn0efU61qPgC2DOslGYalL1YkH0U_Qv3kjGq7KBb32tB6NlMwK_0OtbM_MkSljsrapjc8mcgwHWmwvxMbiC0B3_Z6x7ktuYEyz-8zxBxEvtQQxlX7anumkTcX8cCuOWOHl1c=w408-h270-k-no,5.0,Not Available,Software company,"A1 immeuble Tamayouz 1082, Tunis","Monday, 8 AM to 6 PM,Thursday, 8 AM to 6 PM,Friday, 8 AM to 6 PM,Saturday, 8 AM to 6 PM,Sunday, Closed",Not Available,https://www.lexa.tn/,51 837 690,"https://lh3.googleusercontent.com/gps-cs-s/AHRPTWmRxTDSU0bsn0efU61qPgC2DOslGYalL1YkH0U_Qv3kjGq7KBb32tB6NlMwK_0OtbM_MkSljsrapjc8mcgwHWmwvxMbiC0B3_Z6x7ktuYEyz-8zxBxEvtQQxlX7anumkTcX8cCuOWOHl1c=w32-h32-p-k-no,https://lh3.googleusercontent.com/gps-cs-s/AHRPTWmRxTDSU0bsn0efU61qPgC2DOslGYalL1YkH0U_Qv3kjGq7KBb32tB6NlMwK_0OtbM_MkSljsrapjc8mcgwHWmwvxMbiC0B3_Z6x7ktuYEyz-8zxBxEvtQQxlX7anumkTcX8cCuOWOHl1c=w408-h270-k-no,https://lh3.googleusercontent.com/gps-cs-s/AHRPTWmRxTDSU0bsn0efU61qPgC2DOslGYalL1YkH0U_Qv3kjGq7KBb32tB6NlMwK_0OtbM_MkSljsrapjc8mcgwHWmwvxMbiC0B3_Z6x7ktuYEyz-8zxBxEvtQQxlX7anumkTcX8cCuOWOHl1c=w449-h298-k-no,https://lh3.googleusercontent.com/gps-cs-s/AHRPTWm9-1XjBc2tpH7EnoLMTXL8_D658XI_cZ_X7H31M6JTr4APWc8PpZUmBcxJ8urAM8JP1tWyad0BIchwA6D5EUdSjqH_g7QffhHx4tMCuWqvZPO3ciD3qRl-O2RY8j6PScar--8xQoXz0SY_=w348-h298-k-no,https://streetviewpixels-pa.googleapis.com/v1/thumbnail?panoid=7S70JWTmoSCKOIZ93DM4cw&cb_client=maps_sv.tactile.gps&w=224&h=298&yaw=193.19176&pitch=0&thumbfov=100,https://lh3.googleusercontent.com/a/ACg8ocILXR_rma8CE1Q-9UA_VTptbVlW0wwEbFsMT7RoZOBnpu1jVw=w36-h36-p-rp-mo-br100",36.8494901,10.1981705,info@lexa.tn,https://www.facebook.com/lexa.tn,Not Available,https://www.instagram.com/lexa.tn/,Not Available,https://www.linkedin.com/company/lexatechnologies,"Service options,,Online appointments,,On-site services,    Parking,,On-site parking,,Paid parking lot"
Medius,https://www.google.com/maps/place/Medius/data=!4m7!3m6!1s0x12fd4bb4756b32ef:0x9b5b5e93ea63be5c!8m2!3d36.8314208!4d10.232271!16s%2Fg%2F11j2ns1wzx!19sChIJ7zJrdbRL_RIRXL5j6pNeW5s?authuser=0&hl=en&rclk=1,https://lh3.googleusercontent.com/gps-cs-s/AHRPTWliCC9OnIJWfJT50EiSJNoAxbMdki0Fruss9noFNJEt9MjLtE65dqsiUmG5zklEgzUG-Bu7PRZptspnKbFIfNW0Xo2hZzywOKN_3TlnkIp1eXza5hEYAz4YuKUKibWhp1M8pA0=w408-h306-k-no,4.9,Not Available,Software company,"Rue du Lac Biwa, Tunis","Monday, 9 AM to 6 PM,Thursday, 9 AM to 6 PM,Friday, 9 AM to 6 PM,Saturday, Closed,Sunday, Closed",Not Available,https://www.expensya.com/,+33 1 85 09 28 40,"https://lh3.googleusercontent.com/gps-cs-s/AHRPTWliCC9OnIJWfJT50EiSJNoAxbMdki0Fruss9noFNJEt9MjLtE65dqsiUmG5zklEgzUG-Bu7PRZptspnKbFIfNW0Xo2hZzywOKN_3TlnkIp1eXza5hEYAz4YuKUKibWhp1M8pA0=w32-h32-p-k-no,https://lh3.googleusercontent.com/gps-cs-s/AHRPTWliCC9OnIJWfJT50EiSJNoAxbMdki0Fruss9noFNJEt9MjLtE65dqsiUmG5zklEgzUG-Bu7PRZptspnKbFIfNW0Xo2hZzywOKN_3TlnkIp1eXza5hEYAz4YuKUKibWhp1M8pA0=w408-h306-k-no,https://lh3.googleusercontent.com/gps-cs-s/AHRPTWliCC9OnIJWfJT50EiSJNoAxbMdki0Fruss9noFNJEt9MjLtE65dqsiUmG5zklEgzUG-Bu7PRZptspnKbFIfNW0Xo2hZzywOKN_3TlnkIp1eXza5hEYAz4YuKUKibWhp1M8pA0=w397-h298-k-no,https://lh3.googleusercontent.com/gps-cs-s/AHRPTWlse0o9bni1Cq9yDGs5p7dU97uxVPkPQNUbsn3LT4REcEbUKxZXvJgsOKLxxrE6eYOCR3S9PihB_cMCGoHC4dyzVmCEwCt5YNjZ1KQx8NbJNE2dwPrfFAfwJwXaJmUSYvrBcDQS=w224-h398-k-no,https://lh3.googleusercontent.com/a-/ALV-UjUQufuLuoJTHmP_jF7lNvUQhuRVKmpnGkJFjJGbbHf2LJ36y7mNLA=w36-h36-p-rp-mo-ba12-br100,https://lh3.googleusercontent.com/a-/ALV-UjWaLo5NVpvgLSe70Wjz5ekg_FUELN0pGO5qHm3VI_rWIzCjVFaL=w36-h36-p-rp-mo-ba12-br100,https://lh3.googleusercontent.com/a/ACg8ocIGPYzOczW4ZrNfC5zyVQ3jstt3HyAt_A2xXls2zxbp4YX3Mw=w36-h36-p-rp-mo-br100,https://lh3.googleusercontent.com/gps-cs-s/AHRPTWmUOSpYuJARzmg_Ugnma6UiNh6P1H2s7M_1FHTq9SITFhOjFv3tisCeQahBhs98q79J61qoVHE_CPyyePo3nuaDzd9_gT5-cmWU_3yKedmOdTtm_jY4JydKdhsEiYivM-zNS1NnWw=w156-h114-p-k-no,https://lh3.googleusercontent.com/gps-cs-s/AHRPTWmcD3kPwTU2D5RHezCWiYmKMtr1eJfi1mCbnWg2Kcwn0v_fM1AjM4n2OmfT1ICfGKChiCIUbj3LhLb3D7MGq5A6X7GJ46HQOVE8zZ04QevUIKPx0TdjCGx8D9vRsjUiWwDi8uck=w156-h114-p-k-no,https://lh3.googleusercontent.com/gps-cs-s/AHRPTWmtURcqXObwMyivpGCFHzmuYUbSxAPPlwfGtN8eI6oIFCebpIYAU7M7P08UMcmHlAFLkf3Q1ONm6JP49-RdwT9Staqw8qaM4Cnx_nOKLob6ly5yUCI8tE36BjfFZpVmA1gF9KxRQw=w156-h114-p-k-no",36.8314208,10.232271,info.france@medius.com,https://www.facebook.com/ExpensyaFR/,https://twitter.com/Expensya,https://www.instagram.com/expensya/,Not Available,https://www.linkedin.com/company/expensya,"Accessibility,,Wheelchair-accessible car park,,Wheelchair-accessible entrance"
Campion-Tech,https://www.google.com/maps/place/Campion-Tech/data=!4m7!3m6!1s0x12fd347de5d3fe77:0x6e40c0e44c4e0a35!8m2!3d36.8166478!4d10.1765218!16s%2Fg%2F11hynjrm0d!19sChIJd_7T5X00_RIRNQpOTOTAQG4?authuser=0&hl=en&rclk=1,https://streetviewpixels-pa.googleapis.com/v1/thumbnail?panoid=_lpLdXAOc3rrAVzsxWTpUQ&cb_client=search.gws-prod.gps&w=408&h=240&yaw=86.20244&pitch=0&thumbfov=100,5.0,Not Available,Software company,"21 Av. Des Etats Unis, Tunis 1002","Monday, 8:30 AM to 5:30 PM,Thursday, 8:30 AM to 5:30 PM,Friday, 8:30 AM to 5:30 PM,Saturday, 8:30 AM to 5:30 PM,Sunday, Closed",Not Available,http://campion-tech.com/page/about-us,25 004 924,"https://streetviewpixels-pa.googleapis.com/v1/thumbnail?panoid=_lpLdXAOc3rrAVzsxWTpUQ&cb_client=search.gws-prod.gps&w=86&h=86&yaw=86.20244&pitch=0&thumbfov=100,https://streetviewpixels-pa.googleapis.com/v1/thumbnail?panoid=_lpLdXAOc3rrAVzsxWTpUQ&cb_client=search.gws-prod.gps&w=408&h=240&yaw=86.20244&pitch=0&thumbfov=100,https://streetviewpixels-pa.googleapis.com/v1/thumbnail?panoid=_lpLdXAOc3rrAVzsxWTpUQ&cb_client=maps_sv.tactile.gps&w=224&h=298&yaw=86.20244&pitch=0&thumbfov=100,https://lh3.googleusercontent.com/a-/ALV-UjV7z2rU0EH8BRpBJuxmbql-MkhKNJUphBjh9-zdeSp3UOGKxAmrLQ=w36-h36-p-rp-mo-br100,https://lh3.googleusercontent.com/a-/ALV-UjUXrDWWqCJzCpGJEJADOg3EhIo6u-8R54j7rn-QgCxsK_a4u8Gz=w36-h36-p-rp-mo-br100,https://lh3.googleusercontent.com/a/ACg8ocKKCfASKb7G_UjLsQc4gDrF4ABZpBTrHQd9VPOA4NPqAwgHRQ=w36-h36-p-rp-mo-br100,https://lh3.googleusercontent.com/gps-cs-s/AHRPTWm66nrUwr7pbUJVmTRGzY-5DtLZ1_aMO4eLHC1pRtA75Ky1gPuY7A_euuOnlN0x3Rcp2w_ACzvnOUOgwH4DrqR5s4V00qxUOYcyrMPWtmCiwtYPFRrXJ-shaYfmWe5lDCfYuTaJ=w156-h114-p-k-no,https://lh3.googleusercontent.com/gps-cs-s/AHRPTWkuQoZSVA2uNYEjSm6_oHBANS5bd6BiXfemQlbTGX8N7pEpXq8-BRzA3Tozi6uxWR9ePWCUpUm6hefS8acd6QJKiW3SVj6zLff19YHRx4Zxh4dpIdv921YXyWdjaDfHsLRQDA_0=w156-h114-p-k-no",36.8166478,10.1765218,contact@campion-tech.com,https://www.facebook.com/profile.php?id=100063234939936,Not Available,Not Available,https://www.youtube.com/@campion-tech8638,https://www.linkedin.com/company/campion-tech,Not Available
Swiver,https://www.google.com/maps/place/Swiver/data=!4m7!3m6!1s0x12fd35efb88d17d7:0xaada2b66f643d4d0!8m2!3d36.8477616!4d10.1958769!16s%2Fg%2F11h79tpvt1!19sChIJ1xeNuO81_RIR0NRD9mYr2qo?authuser=0&hl=en&rclk=1,https://lh3.googleusercontent.com/gps-cs-s/AHRPTWkbPSJtQOVIsOZSj8Yx0kjmkXpwx_vtfkpiw2PyYgjUXWBdVXcQ8IwqbIOogK_VH06SuRGe-qzeFvXCMctrK5lbqro4JYUwpV7BO-xAo4hXLzvmH6Lgf-A50QXQhj936dwMoJ0P=w426-h240-k-no,4.7,Not Available,Software company,"bureau 1-4 - 1 ère étage Immeuble, New Tower, Tunis 1082","Monday, 8 AM to 3 PM,Thursday, 8 AM to 3:30 PM,Friday, 8 AM to 3 PM,Saturday, Closed,Sunday, Closed",Not Available,https://swiver.io/,36 018 000,"https://lh3.googleusercontent.com/gps-cs-s/AHRPTWkbPSJtQOVIsOZSj8Yx0kjmkXpwx_vtfkpiw2PyYgjUXWBdVXcQ8IwqbIOogK_VH06SuRGe-qzeFvXCMctrK5lbqro4JYUwpV7BO-xAo4hXLzvmH6Lgf-A50QXQhj936dwMoJ0P=w32-h32-p-k-no,https://lh3.googleusercontent.com/gps-cs-s/AHRPTWkbPSJtQOVIsOZSj8Yx0kjmkXpwx_vtfkpiw2PyYgjUXWBdVXcQ8IwqbIOogK_VH06SuRGe-qzeFvXCMctrK5lbqro4JYUwpV7BO-xAo4hXLzvmH6Lgf-A50QXQhj936dwMoJ0P=w426-h240-k-no,https://lh3.googleusercontent.com/gps-cs-s/AHRPTWkbPSJtQOVIsOZSj8Yx0kjmkXpwx_vtfkpiw2PyYgjUXWBdVXcQ8IwqbIOogK_VH06SuRGe-qzeFvXCMctrK5lbqro4JYUwpV7BO-xAo4hXLzvmH6Lgf-A50QXQhj936dwMoJ0P=w529-h298-k-no,https://lh3.googleusercontent.com/gps-cs-s/AHRPTWnbryYIt9eYGQUuTnzjaq129J88KMPqBZ5rnnFQutFw0A4cfGbghDlKTl8bEwrLcQRGCXbH2y89kcN8UILV1vUHX6uJSYnlgfUzpzt1jB10tuiiHRhq_Qj_muieY6DiZEMF-rNUyQ=w529-h298-k-no,https://lh3.googleusercontent.com/gps-cs-s/AHRPTWnq7FGbX9-GKwfDD0xhTbEpdPP5sO02lfOXKLEqepTYjvoGJYLV5uwwjWgeRHbR7r368HYPPYQG6IlNDfZmlOnvuzW1jrVlthH4Cmp-1G7DVJ66Bb6sFORudLrd2FFJKyltI1m24A=w529-h298-k-no,https://lh3.googleusercontent.com/gps-cs-s/AHRPTWkUvLZAeRpVno5lOmz9olqJH0cfF6aCO_PL0mszCj8AvXiaWE-kpJkmatzWRfImQg5ie0ZtVNPhfAz5_OxE3BXB845kennqwYPUUI7VTpbHMeHhDa3VZwjIdLAmMxzwcr7CQW2Y=w447-h298-k-no,https://streetviewpixels-pa.googleapis.com/v1/thumbnail?panoid=uUrNKe9wyNvDz45hQm0E7g&cb_client=maps_sv.tactile.gps&w=224&h=298&yaw=111.37862&pitch=0&thumbfov=100,https://lh3.googleusercontent.com/a-/ALV-UjXEeNKjpzhJMGR3EUJnV0_NfTa7hN3_ION-jJ89Zaxdcvp_tsNVAA=w36-h36-p-rp-mo-ba12-br100,https://lh3.googleusercontent.com/a-/ALV-UjX6_xbNKU7uyApE95s3VmGG_OgTBSWrPRey0RPN-ked5ZMXQ8Ynqw=w36-h36-p-rp-mo-br100,https://lh3.googleusercontent.com/a/ACg8ocKaK7aRO0B_woGao9G5D1CBfuIaWd_rELWpIL-6KkftIXEczg=w36-h36-p-rp-mo-br100,https://lh3.googleusercontent.com/gps-cs-s/AHRPTWmPtjYZSuuEF1FfrXhLAe_08FqaeUW8E3k3PW7NHT5HbDg5tDjHR1_FSDPw9T8Rv9igI62nRHy1NFWA3JUG_cYK0LUisrUle5a2N2xz2JTjn-Vx7aLpOyloS9ccq6zowC244pTUwGK1IqSV=w156-h114-p-k-no",36.8477616,10.1958769,info@swiver.io,//facebook.com/swiver.io,Not Available,//instagram.com/swiver.io,https://www.youtube.com/@swiver4400,https://www.linkedin.com/in/expert-seo-tunisie/,"Accessibility,,Wheelchair-accessible car park,,Wheelchair-accessible entrance,,Wheelchair-accessible seating,,Wheelchair-accessible toilet,    From the business,,Identifies as women-owned"
Mint IT,https://www.google.com/maps/place/Mint+IT/data=!4m7!3m6!1s0x12fd3462c423a087:0xf7426d02d5a0e91f!8m2!3d36.8226638!4d10.1836816!16s%2Fg%2F11bx2lg3q3!19sChIJh6AjxGI0_RIRH-mg1QJtQvc?authuser=0&hl=en&rclk=1,https://lh3.googleusercontent.com/gps-cs-s/AHRPTWnL3ByjD3qn5WXw8VbS1HUWiXdqLbgZO3XlqCmPZU1Zg9_JEB9VobjUXf1L46qwf9tcFaRmgLQcGtDIXG-gt9dKF2ZBFgu8k2tSiOVyk0nwySlXuud7qA-id5TuIzTMm72QzL8=w408-h306-k-no,4.2,Not Available,Software company,"8 Rue du Royaume d'Arabie Saoudite, Tunis 1002","Monday, 9 AM to 6 PM,Thursday, 9 AM to 6 PM,Friday, 9 AM to 6 PM,Saturday, Closed,Sunday, Closed",Not Available,http://www.mintit.io/,71 891 743,"https://lh3.googleusercontent.com/gps-cs-s/AHRPTWnL3ByjD3qn5WXw8VbS1HUWiXdqLbgZO3XlqCmPZU1Zg9_JEB9VobjUXf1L46qwf9tcFaRmgLQcGtDIXG-gt9dKF2ZBFgu8k2tSiOVyk0nwySlXuud7qA-id5TuIzTMm72QzL8=w32-h32-p-k-no,https://lh3.googleusercontent.com/gps-cs-s/AHRPTWnL3ByjD3qn5WXw8VbS1HUWiXdqLbgZO3XlqCmPZU1Zg9_JEB9VobjUXf1L46qwf9tcFaRmgLQcGtDIXG-gt9dKF2ZBFgu8k2tSiOVyk0nwySlXuud7qA-id5TuIzTMm72QzL8=w408-h306-k-no,https://lh3.googleusercontent.com/gps-cs-s/AHRPTWnL3ByjD3qn5WXw8VbS1HUWiXdqLbgZO3XlqCmPZU1Zg9_JEB9VobjUXf1L46qwf9tcFaRmgLQcGtDIXG-gt9dKF2ZBFgu8k2tSiOVyk0nwySlXuud7qA-id5TuIzTMm72QzL8=w397-h298-k-no,https://lh3.googleusercontent.com/gps-cs-s/AHRPTWnJwUYfKj0ubV4nt7y2ANp547YVajv_oPeixfWcqmF1ZbD83s0e3yWbchyCJtGob6PxxEJC5kTCGGt6ZEi9MNfiWKVXPKXnuQcAX_Uxb8FNGbPre8-SZQq2dDFC3sCIQen-4nw=w783-h298-k-no,https://lh3.googleusercontent.com/a-/ALV-UjX84fcpUd7dTcy7CPXZYjzx-ggGH8NcgRfNuafPFn06xiKOEIp0hQ=w36-h36-p-rp-mo-ba12-br100,https://lh3.googleusercontent.com/a-/ALV-UjW5gCCvXVlSyC_HeNHx0BKZVEbwF70pW2zYwWz0PGHfcN09mSaKLA=w36-h36-p-rp-mo-ba12-br100,https://lh3.googleusercontent.com/a-/ALV-UjX9efL0I-_nyjC0v5Ob35NUjs7F_12RDvv7Rivto-JNHoBHzKAL=w36-h36-p-rp-mo-br100,https://lh3.googleusercontent.com/gps-cs-s/AHRPTWl4QQX_uYg2wo2ookFqVS-_5pGuKJRO-AwDCectAgO4TjZBxyh8GccnrZxCgh8Qc8YlwnhzZ9-g5G4dCfKvSrnVrRmjvdGaywmgArzevCEThYRRxw8H5bMg8BXZaku7gEA-N70Zgw=w156-h114-p-k-no",36.8226638,10.1836816,Tunisiacontact@mint.io,Not Available,Not Available,Not Available,Not Available,https://www.linkedin.com/company/mint-it-io/,"Planning,,Appointment required"
Cynoia,https://www.google.com/maps/place/Cynoia/data=!4m7!3m6!1s0x12fd330709caac7d:0x5201e6dd3d8a5b91!8m2!3d36.8493508!4d10.27511!16s%2Fg%2F11fqksyd3h!19sChIJfazKCQcz_RIRkVuKPd3mAVI?authuser=0&hl=en&rclk=1,https://lh3.googleusercontent.com/gps-cs-s/AHRPTWmcD3kPwTU2D5RHezCWiYmKMtr1eJfi1mCbnWg2Kcwn0v_fM1AjM4n2OmfT1ICfGKChiCIUbj3LhLb3D7MGq5A6X7GJ46HQOVE8zZ04QevUIKPx0TdjCGx8D9vRsjUiWwDi8uck=w408-h306-k-no,4.8,Not Available,Software company,"Cité les pins, Rue de la fleur d'érable, Tunis 1053","Monday, 8 AM to 6 PM,Thursday, 8 AM to 6 PM,Friday, 8 AM to 6 PM,Saturday, Closed,Sunday, Closed",Not Available,https://cynoia.com/,Not Available,"https://lh3.googleusercontent.com/gps-cs-s/AHRPTWmcD3kPwTU2D5RHezCWiYmKMtr1eJfi1mCbnWg2Kcwn0v_fM1AjM4n2OmfT1ICfGKChiCIUbj3LhLb3D7MGq5A6X7GJ46HQOVE8zZ04QevUIKPx0TdjCGx8D9vRsjUiWwDi8uck=w32-h32-p-k-no,https://lh3.googleusercontent.com/gps-cs-s/AHRPTWmcD3kPwTU2D5RHezCWiYmKMtr1eJfi1mCbnWg2Kcwn0v_fM1AjM4n2OmfT1ICfGKChiCIUbj3LhLb3D7MGq5A6X7GJ46HQOVE8zZ04QevUIKPx0TdjCGx8D9vRsjUiWwDi8uck=w408-h306-k-no,https://lh3.googleusercontent.com/gps-cs-s/AHRPTWlrGlXDNjuVeSnu8OT_fhcZifUmAlnl18J5VJgBeixQz7s60equqGIj5vlEf_CirebhI4dyZUt0RHZ6KtpFt9ZD30K4Gl3vDSlUc2QFiRnzuadHjd6DraG1nNMxpZJbqBt8jpFz-g=w397-h298-k-no,https://lh3.googleusercontent.com/gps-cs-s/AHRPTWlDimdi8bovCRlJI6ETq1eWjzIGEg2lGik1Fq23EwuFqZW1ndR6EMUA3xmYzyE0Fqbf4l25zo6MqlDLh9m_U0IwmyVc9wA1iFWSeXmImHdFX6q9Z-3YzHFGGDvYamP7qJtxFp4B=w224-h298-k-no,https://lh3.googleusercontent.com/a-/ALV-UjW2lWKlSo2nFFsepL6EufcGIv2ntzNTgJwntYSfsLo-gHodHaaf=w36-h36-p-rp-mo-br100,https://lh3.googleusercontent.com/a-/ALV-UjWM-4pIP7sq9m_5OOimx5CiNQZhVM_rbljx1c0ASjblRrm1Xz2f=w36-h36-p-rp-mo-br100,https://lh3.googleusercontent.com/a-/ALV-UjW7IQz9nu6PRmlrBSjhU8va5LPczipFNKDRUwMYbZK6cviQ6CjD=w36-h36-p-rp-mo-br100,https://lh3.googleusercontent.com/gps-cs-s/AHRPTWncSUXGYINyjc2dxnExYGx6HVly6hyte1MtiG1h4WjXeOYevKQJC4jttl_zJO4T7fWM3-ZBEqy3LpywF7Ds1PFtNZz4swut4oicAm1d85RsMpK8Td2cVOSzrKUD-80Yr37QrZjLBA=w156-h114-p-k-no,https://lh3.googleusercontent.com/gps-cs-s/AHRPTWn95gMjt_XpCOyVodQm6vOc229YjyPPM_PzFYejNl1Ufi6kjtczf6Qi4uHqs_ktEIQhnuQzu6VxCdMCdZxvE5jTqCPRbGgpqhj5C2cxm--nIQYt_TBKt3RBLtqJhxDVWoIa9jQ=w156-h114-p-k-no,https://lh3.googleusercontent.com/gps-cs-s/AHRPTWliCC9OnIJWfJT50EiSJNoAxbMdki0Fruss9noFNJEt9MjLtE65dqsiUmG5zklEgzUG-Bu7PRZptspnKbFIfNW0Xo2hZzywOKN_3TlnkIp1eXza5hEYAz4YuKUKibWhp1M8pA0=w156-h114-p-k-no,https://lh3.googleusercontent.com/gps-cs-s/AHRPTWlDjwSOLJOOU_zmbozTH0JKjD47h0YYCBMNnnQO8vbrT9dkF74m3nsrnFE5_hnNqTdYCnQOtvvzY-13qkurOwpODbinjZaO1KsYD8yGZwnt7rc6f17HM8prDbRfRmfg6ZGxakleCg=w156-h114-p-k-no",36.8493508,10.27511,Contact@cynoia.com,https://www.facebook.com/cynoia,Not Available,https://www.instagram.com/cynoiateam/,https://www.youtube.com/@cynoia,https://www.linkedin.com/company/cynoia/,"Service options,,Online appointments,,On-site services"
Logidas - Éditeur d'ERP,https://www.google.com/maps/place/Logidas+-+%C3%89diteur+d%27ERP/data=!4m7!3m6!1s0x12fd353d9bf06b45:0xa21ae7e4e1d8e4d2!8m2!3d36.8352354!4d10.2294441!16s%2Fg%2F11bwpyhrsr!19sChIJRWvwmz01_RIR0uTY4eTnGqI?authuser=0&hl=en&rclk=1,https://lh3.googleusercontent.com/gps-cs-s/AHRPTWnxtJLcQlZxCRTk7k-66j7Xk9HnlhPvzW8MX8dW6d0sy5TrpGqvCQtt4kJPPG894oCQrCwhq9dOFT-tosJkmZTiqf6-C4k4M-mL-c2nQVxrrcsPXDwVhtpKAOXEtAO31BzPYQ5Umw=w408-h306-k-no,Not Available,Not Available,Software company,"Rue du Lac Malaren, Immeuble ayam, Les Berges du Lac 1053 Tunis, Tunis 1053","Monday, 8 AM to 5 PM,Thursday, 8 AM to 5 PM,Friday, 8 AM to 5 PM,Saturday, Closed,Sunday, Closed",Not Available,http://www.logidas.com/,71 960 626,"https://lh3.googleusercontent.com/gps-cs-s/AHRPTWnxtJLcQlZxCRTk7k-66j7Xk9HnlhPvzW8MX8dW6d0sy5TrpGqvCQtt4kJPPG894oCQrCwhq9dOFT-tosJkmZTiqf6-C4k4M-mL-c2nQVxrrcsPXDwVhtpKAOXEtAO31BzPYQ5Umw=w32-h32-p-k-no,https://lh3.googleusercontent.com/gps-cs-s/AHRPTWnxtJLcQlZxCRTk7k-66j7Xk9HnlhPvzW8MX8dW6d0sy5TrpGqvCQtt4kJPPG894oCQrCwhq9dOFT-tosJkmZTiqf6-C4k4M-mL-c2nQVxrrcsPXDwVhtpKAOXEtAO31BzPYQ5Umw=w408-h306-k-no,https://lh3.googleusercontent.com/gps-cs-s/AHRPTWkQ40DJeczMf4e2yoCeGez64M_eHlrTItov3bKM_WM6kzUxtZF7Y8P3cO7J4qp1xg-Qqi0qZheuPuzoOU8iU904jAVgHcIsx667zwB_6NhrsMh1xta5Xl_Mbk2GN6MMTtAn5y3C2A=w360-h480-k-no,https://lh3.googleusercontent.com/a/ACg8ocKm362oyAkahy3KJdPtYRGmZIcSSC2hYxvHwMB4D7GUMDlluw=w36-h36-p-rp-mo-br100,https://lh3.googleusercontent.com/a-/ALV-UjVSZHBE1h79ayRiAuzYAZlez5CezVzOlct9va_hBJxZq--psTut=w36-h36-p-rp-mo-ba12-br100,https://lh3.googleusercontent.com/a/ACg8ocIoY42XHjHt_2A0BxFz1jMySXPPmOGFlHR6BqlaFSGMQKLfV7A=w36-h36-p-rp-mo-br100,https://lh3.googleusercontent.com/gps-cs-s/AHRPTWkZOeY9KTZATiEhD34LZgHTL7Sm3H4XkHitBIqw-XCmhogZX-B7RmCdutsKLBE63ucveF9OLKGgFvU83xBTvp1XiZPID9-wp5My6SOuOmLGrUuRQwYFNaunrbmGXLIxT90jh4CG-g=w156-h114-p-k-no,https://lh3.googleusercontent.com/gps-cs-s/AHRPTWnBRRzRW1Px-WCEcJnZAawULLWkKNhwSesg4oQ3RNau20vXjoy-tlyKIkdU3CdYHu9u3ZsuTPifDHDIMPMGjlh-QwRpwbQYoMmk2H2emlTNDfwNY01gv-AwMz4NynNWus5MQmO_=w156-h114-p-k-no,https://lh3.googleusercontent.com/gps-cs-s/AHRPTWkJhyWH3YA1D8VR7lAIC0V7z_n1PzioiecT2_flF2XCiDiuk8FG8gBXoZ3PCZIg5tZO5iaTGEsAstA_k3sscVNXBHK_bTbI_n_GkRoEecSu4ax-fQjjezeHH_QXIL_QOy7XIvfqwg=w156-h114-p-k-no",36.8352354,10.2294441,Not Available,Not Available,Not Available,Not Available,Not Available,Not Available,Not Available
Oolab Tunisia,https://www.google.com/maps/place/Oolab+Tunisia/data=!4m7!3m6!1s0x12fd35bf332a4f0b:0x4dbd3e2bcd923a9a!8m2!3d36.8321748!4d10.177528!16s%2Fg%2F11n0ddn86_!19sChIJC08qM781_RIRmjqSzSs-vU0?authuser=0&hl=en&rclk=1,https://lh3.googleusercontent.com/gps-cs-s/AHRPTWmM12xmkazM-dKIC1QLzjxWdj46TMEi1rTXuSpE3IduuqH4C6ot37uxNe5xejIYXQ7NtvkN-Qls_-D-3kyo450jbVy49AjrWqZSlkUIvxfbNKEWpcS8txO4xAe7rouXPCc_ur6c=w960-h240-k-no,4.1,Not Available,Software company,"Rue El Mahrajene, Tunis 1082","Monday, 8:30 AM to 5:30 PM,Thursday, 8:30 AM to 5:30 PM,Friday, 8:30 AM to 5:30 PM,Saturday, Closed,Sunday, Closed",Not Available,https://www.oodrive.com/fr/,71 781 187,"https://lh3.googleusercontent.com/gps-cs-s/AHRPTWmM12xmkazM-dKIC1QLzjxWdj46TMEi1rTXuSpE3IduuqH4C6ot37uxNe5xejIYXQ7NtvkN-Qls_-D-3kyo450jbVy49AjrWqZSlkUIvxfbNKEWpcS8txO4xAe7rouXPCc_ur6c=w32-h32-p-k-no,https://lh3.googleusercontent.com/gps-cs-s/AHRPTWmM12xmkazM-dKIC1QLzjxWdj46TMEi1rTXuSpE3IduuqH4C6ot37uxNe5xejIYXQ7NtvkN-Qls_-D-3kyo450jbVy49AjrWqZSlkUIvxfbNKEWpcS8txO4xAe7rouXPCc_ur6c=w960-h240-k-no,https://lh3.googleusercontent.com/gps-cs-s/AHRPTWmM12xmkazM-dKIC1QLzjxWdj46TMEi1rTXuSpE3IduuqH4C6ot37uxNe5xejIYXQ7NtvkN-Qls_-D-3kyo450jbVy49AjrWqZSlkUIvxfbNKEWpcS8txO4xAe7rouXPCc_ur6c=w1192-h298-k-no,https://lh3.googleusercontent.com/gps-cs-s/AHRPTWmJhqaAsY9XWr06HrWoyouLl1meX2_QoihsqzTqCkZXusY60-NO6kxsXTfFYBAQGRMuxqCrf7bTM1H2DiSnQkvSSsmK0FPIiqXJIpBDTc1evuTuAlJPGpte5V9sahB1FqSknd23=w266-h298-k-no,https://lh3.googleusercontent.com/a/ACg8ocLHc6NEfDP5oCnDtJ4QicVB9BVN5GO8O0jSpgFd7RG-J9dcxYzc=w36-h36-p-rp-mo-ba12-br100,https://lh3.googleusercontent.com/a/ACg8ocI_TEO5tCgsEheLsPUgBkIUqNQ2yBYSxwR6mIJ-QM9h8fGO=w36-h36-p-rp-mo-br100,https://lh3.googleusercontent.com/a/ACg8ocKwrmI4YBlSEHiKkCeLfrmEcC42h_I_urNXYujYsC641NmT3A=w36-h36-p-rp-mo-br100",36.8321748,10.177528,Not Available,Not Available,https://twitter.com/oodriveofficiel?lang=fr,Not Available,https://www.youtube.com/channel/UCE_BSEiHmDgKvCV0YvU0oPQ,https://www.linkedin.com/company/oodrive/?originalSubdomain=fr,"Accessibility,,Assistive hearing loop,,Wheelchair-accessible car park,,Wheelchair-accessible entrance,,Wheelchair-accessible seating,,Wheelchair-accessible toilet,    Parking,,Free of charge street parking,,Free parking lot"
STEPS,https://www.google.com/maps/place/STEPS/data=!4m7!3m6!1s0x12fd4ab16f91054b:0x721bd0c126b87ddb!8m2!3d36.8313958!4d10.3083047!16s%2Fg%2F11dzdsqpsy!19sChIJSwWRb7FK_RIR2324JsHQG3I?authuser=0&hl=en&rclk=1,https://lh3.googleusercontent.com/gps-cs-s/AHRPTWnr1aTjXvvITOsaSRhmniDRRWArxfg6jYV52jFmhP1_DxxNsYelvquRDK9lrpZcaWzL4WMvYGenGipPA-zv7nRvNfOr9gRAiNcFrY2_wy41qan8pvKohp5T3lE38nC2DnO-8aERJw=w792-h240-k-no,4.9,Not Available,Software company,"Résidence NET GLASS , Z.I kheireddine, 2015","Monday, 8 AM to 5 PM,Thursday, 8 AM to 5 PM,Friday, 8 AM to 5 PM,Saturday, Closed,Sunday, Closed",Not Available,https://www.steps.tn/,31 318 701,"https://lh3.googleusercontent.com/gps-cs-s/AHRPTWnr1aTjXvvITOsaSRhmniDRRWArxfg6jYV52jFmhP1_DxxNsYelvquRDK9lrpZcaWzL4WMvYGenGipPA-zv7nRvNfOr9gRAiNcFrY2_wy41qan8pvKohp5T3lE38nC2DnO-8aERJw=w32-h32-p-k-no,https://lh3.googleusercontent.com/gps-cs-s/AHRPTWnr1aTjXvvITOsaSRhmniDRRWArxfg6jYV52jFmhP1_DxxNsYelvquRDK9lrpZcaWzL4WMvYGenGipPA-zv7nRvNfOr9gRAiNcFrY2_wy41qan8pvKohp5T3lE38nC2DnO-8aERJw=w792-h240-k-no,https://lh3.googleusercontent.com/gps-cs-s/AHRPTWnr1aTjXvvITOsaSRhmniDRRWArxfg6jYV52jFmhP1_DxxNsYelvquRDK9lrpZcaWzL4WMvYGenGipPA-zv7nRvNfOr9gRAiNcFrY2_wy41qan8pvKohp5T3lE38nC2DnO-8aERJw=w983-h298-k-no,https://lh3.googleusercontent.com/a-/ALV-UjWOfj_PiuuZajEdQE3wXVr7qdHUXMMhHj4cuf4W-S-TnSJWxRqB=w36-h36-p-rp-mo-br100,https://lh3.googleusercontent.com/a/ACg8ocJ7T3I9Yemb6CBH5sm01kE26xRwj_7tacHE5ZMymZsx9jIhWdVs=w36-h36-p-rp-mo-ba12-br100,https://lh3.googleusercontent.com/a-/ALV-UjWq8Mh7lIatieCkt42NmREILz0Azi3VAv1bESxzET2KxytKakSO=w36-h36-p-rp-mo-br100,https://lh3.googleusercontent.com/gps-cs-s/AHRPTWkTFsxzcx-2GiZDRuS9KfgMwZDE8fdxWT40cixc62DRhxMRut-J0l-8-R5-EjV-4WXiCUEIS8P63QE92nD_V_6JDq6tuu-Je3VvCSxwOGquMjWTS6VaL1GQ0ECieOXOaFGrk0f68w=w156-h114-p-k-no,https://lh3.googleusercontent.com/gps-cs-s/AHRPTWlcK27a5V6B7EQvw3K90eDH_5esMAM2KBIOE_ItN8AdNa6Oy-GWhMx3YNgaA9L85ZyhhnxMYOVqrX9W6DItwn_Xgz97lDW5KjPHki0wL-S0lt2HHHVcWiaU8c5-ztusmYuC_kXWjQ=w156-h114-p-k-no,https://lh3.googleusercontent.com/gps-cs-s/AHRPTWlkDC98Zte9hNjg1N_FW40lwDEYwHOk7QCb0vkZlbmm6esxTVUwwvNe03f2u0WPjtBpqZzs0Cok6WXUIkrK5x3wuT1FUNEOnHyYcgloF7SYyPiXtglkxVQ9GShxQQs0KCgpfjR4=w156-h114-p-k-no,https://lh3.googleusercontent.com/gps-cs-s/AHRPTWnI2zk1lzyhO3fkGdfFUPxagnIcBqrvCPuT8iVhgd5mS2Eaq1VnEPEtSlwL_7zczzOsAgLn_DF8EDmqLlIzdyhnfjwxUAsayiB8zQBwL0nBE8Q9bndl2gdOYfDuKNZKvXTMUXi-9A=w156-h114-p-k-no",36.8313958,10.3083047,contact@steps.tn,https://www.facebook.com/Steps.tn/,http://twitter.com/intent/tweet?text=You Need to Think Twice about Data Strategy! https://steps.tn/you-need-to-think-twice-about-data-strategy/,https://www.instagram.com/stepstn/,Not Available,https://www.linkedin.com/company/stepstn/,Not Available
Ingenius IT - Société informatique Tunisie,https://www.google.com/maps/place/Ingenius+IT+-+Soci%C3%A9t%C3%A9+informatique+Tunisie/data=!4m7!3m6!1s0x12fd33056c5828d5:0xc0061a0f77167288!8m2!3d36.857604!4d10.1581233!16s%2Fg%2F11krgxmqpr!19sChIJ1ShYbAUz_RIRiHIWdw8aBsA?authuser=0&hl=en&rclk=1,https://lh3.googleusercontent.com/gps-cs-s/AHRPTWmdLD1yAyBwJ5fSqDy2hTDQUhAc1s003te6QVzPv1CWPbqMwbmRFKhK2RkgvXo82M7NYcLgoxOlO-yIQMNJL2pN0XGYRqwasPOTw1tP-EVsbc8m4XA9pc-KqBgkEufP176srr8Y=w408-h306-k-no,4.8,Not Available,Computer security service,"ENNASR 2, immeuble L'ALKAZAR, Appartement d5-2, Ariana 2037","Monday, 8 AM to 10 PM,Thursday, 8 AM to 10 PM,Friday, 8 AM to 10 PM,Saturday, 8 AM to 5 PM,Sunday, Closed",Not Available,https://ingeniusit.com/,92 682 923,"https://lh3.googleusercontent.com/gps-cs-s/AHRPTWmdLD1yAyBwJ5fSqDy2hTDQUhAc1s003te6QVzPv1CWPbqMwbmRFKhK2RkgvXo82M7NYcLgoxOlO-yIQMNJL2pN0XGYRqwasPOTw1tP-EVsbc8m4XA9pc-KqBgkEufP176srr8Y=w32-h32-p-k-no,https://lh3.googleusercontent.com/gps-cs-s/AHRPTWmdLD1yAyBwJ5fSqDy2hTDQUhAc1s003te6QVzPv1CWPbqMwbmRFKhK2RkgvXo82M7NYcLgoxOlO-yIQMNJL2pN0XGYRqwasPOTw1tP-EVsbc8m4XA9pc-KqBgkEufP176srr8Y=w408-h306-k-no,https://lh3.googleusercontent.com/gps-cs-s/AHRPTWmdLD1yAyBwJ5fSqDy2hTDQUhAc1s003te6QVzPv1CWPbqMwbmRFKhK2RkgvXo82M7NYcLgoxOlO-yIQMNJL2pN0XGYRqwasPOTw1tP-EVsbc8m4XA9pc-KqBgkEufP176srr8Y=w397-h298-k-no,https://lh3.googleusercontent.com/gps-cs-s/AHRPTWnT-jp7z5e2E-eEXljT9CpmBNxupsgd3OjkVIIIXgebcidbBj_npxwDAEaCOqXeRNJF9jLXVqpNvpcTTpeHd2n0aFlF9eibHggY984wkiEYGvhjF4JtmEZ_N49QKtEh4V5mPw_6=w224-h298-k-no,https://lh3.googleusercontent.com/gps-cs-s/AHRPTWkpVkXpONjbqvn6eK54BULuzkUQXhJEUlm-Stz_EXexRdl1lqdOFlkuSwFf_x2eY8WDX1f4NvZsh_VUPXtMKoAJ103wwBhd3vrWb6cRn1DNBaHzLgeu7JleKad9YEz75RASYLI5=w224-h398-k-no,https://lh3.googleusercontent.com/a/ACg8ocKiwky2cumZ2pbjoS29YlEHCcObDfKMuwooL244SgLeG1rCCw=w36-h36-p-rp-mo-br100,https://lh3.googleusercontent.com/a-/ALV-UjWdq-lJp1eFdj353XuGdmGo8iw-oQ-qrCk-Raj1443qeeXJgPM=w36-h36-p-rp-mo-br100,https://lh3.googleusercontent.com/a-/ALV-UjVHqbDc1NAKV_N1C-Qy9UuJUYaENsoIV0sBB18VQ6FSQMCEc5Q=w36-h36-p-rp-mo-br100,https://lh3.googleusercontent.com/gps-cs-s/AHRPTWkk8HsfUKYVgQVBlgtQ7fCBBBIz8qxyeE_3lSfPmdHq8pVle4Lto-C1kU6VpqNtPPoduZLTYztIJxSXCDDqIAdowj6nBvLwkYY_VUYwcWzu8p5yoB14Z_AUZvN3YW9BSBfhR38=w156-h114-p-k-no,https://lh3.googleusercontent.com/gps-cs-s/AHRPTWkSsNHKhmoapIlZGZiu_h_9eQuKHQ-ODNNNef1yJlth-XqoqE6HT-QC_uwt1fk8gZLW6wzk9ecZiGc6hCilXLTcMeE16J-ClOV0yeGfjWjbrHDQkUlFdN-NuU4H53rRE4IFeoqkWTE41juc=w156-h114-p-k-no",36.857604,10.1581233,contact@ingeniusit.com,Not Available,Not Available,Not Available,Not Available,Not Available,"Service options,,Online appointments,,On-site services,    Amenities,,Gender-neutral toilets"
Prodware Tunisia,https://www.google.com/maps/place/Prodware+Tunisia/data=!4m7!3m6!1s0x12fd348efb78fab1:0x5156afc28691f2be!8m2!3d36.824395!4d10.1846616!16s%2Fg%2F11b6gqvx65!19sChIJsfp4-440_RIRvvKRhsKvVlE?authuser=0&hl=en&rclk=1,https://streetviewpixels-pa.googleapis.com/v1/thumbnail?panoid=jhWFnyVl4-YH-UZfF4LNHg&cb_client=search.gws-prod.gps&w=408&h=240&yaw=241.83846&pitch=0&thumbfov=100,5.0,Not Available,Software company,"2ème étage، 44 Rue Ibn Charaf, Tunis 1002","Monday, 8:30 AM to 6 PM,Thursday, 8:30 AM to 6 PM,Friday, 8:30 AM to 6 PM,Saturday, Closed,Sunday, Closed",Not Available,https://sinopesoft.com/,70 297 062,"https://streetviewpixels-pa.googleapis.com/v1/thumbnail?panoid=jhWFnyVl4-YH-UZfF4LNHg&cb_client=search.gws-prod.gps&w=86&h=86&yaw=241.83846&pitch=0&thumbfov=100,https://streetviewpixels-pa.googleapis.com/v1/thumbnail?panoid=jhWFnyVl4-YH-UZfF4LNHg&cb_client=search.gws-prod.gps&w=408&h=240&yaw=241.83846&pitch=0&thumbfov=100,https://streetviewpixels-pa.googleapis.com/v1/thumbnail?panoid=jhWFnyVl4-YH-UZfF4LNHg&cb_client=maps_sv.tactile.gps&w=224&h=298&yaw=241.83846&pitch=0&thumbfov=100,https://lh3.googleusercontent.com/a-/ALV-UjXRH3LyBJrCByEeBKrlmXpul5TML0crHlNKfILTLiAQDayTw5lE=w36-h36-p-rp-mo-br100,https://lh3.googleusercontent.com/gps-cs-s/AHRPTWmuMr0X-OfbxD0BWAbr7ABpELO_S5beoI56YoTnXcgMollMHGzrZ3mKFMWQVP9bSGObCOTbx5xqoEMWzBGrKqSPx6u4bjIMSh1lJ9XX7mK5QeG4XR5G78FG6SbVuYM8KwvNm3uRfg=w156-h114-p-k-no",36.824395,10.1846616,Not Available,Not Available,Not Available,Not Available,Not Available,Not Available,Not Available
VERMEG Tunisia,https://www.google.com/maps/place/VERMEG+Tunisia/data=!4m7!3m6!1s0x12fd351432affb6b:0xa2369429e6a98662!8m2!3d36.8313079!4d10.2327599!16s%2Fg%2F1tk407c8!19sChIJa_uvMhQ1_RIRYoap5imUNqI?authuser=0&hl=en&rclk=1,https://lh3.googleusercontent.com/gps-cs-s/AHRPTWkORE0iDKSa-lflifTnLvlmSHX2LMCbOioRRqY4UyZfEJTbms4PDwQ5Dk2c-dPPwxYW5D9f_V-EAZLNU2JphHtuZGIco_AiE2sLGnhHubCzQPEYaA6OFPwKJbFuOyOuFE1OILGTkw=w408-h271-k-no,3.9,Not Available,Software company,"Rue du Lac Biwa, Tunis 1053","Monday, 8:30 AM to 6 PM,Thursday, 8:30 AM to 6 PM,Friday, 8:30 AM to 6 PM,Saturday, Closed,Sunday, Closed",Not Available,http://www.vermeg.com/,71 160 600,"https://lh3.googleusercontent.com/gps-cs-s/AHRPTWkORE0iDKSa-lflifTnLvlmSHX2LMCbOioRRqY4UyZfEJTbms4PDwQ5Dk2c-dPPwxYW5D9f_V-EAZLNU2JphHtuZGIco_AiE2sLGnhHubCzQPEYaA6OFPwKJbFuOyOuFE1OILGTkw=w32-h32-p-k-no,https://lh3.googleusercontent.com/gps-cs-s/AHRPTWkORE0iDKSa-lflifTnLvlmSHX2LMCbOioRRqY4UyZfEJTbms4PDwQ5Dk2c-dPPwxYW5D9f_V-EAZLNU2JphHtuZGIco_AiE2sLGnhHubCzQPEYaA6OFPwKJbFuOyOuFE1OILGTkw=w408-h271-k-no,https://lh3.googleusercontent.com/gps-cs-s/AHRPTWkORE0iDKSa-lflifTnLvlmSHX2LMCbOioRRqY4UyZfEJTbms4PDwQ5Dk2c-dPPwxYW5D9f_V-EAZLNU2JphHtuZGIco_AiE2sLGnhHubCzQPEYaA6OFPwKJbFuOyOuFE1OILGTkw=w447-h298-k-no,https://lh3.googleusercontent.com/gps-cs-s/AHRPTWkWqO01nzBQFwTSFE0SlzCC17ZO3BzGtPJz4az9pO679VVZF2U_JlTMrryEKUQLXcJeLyAkC8IWh12sx36092OHufVS-1-lsJmkmFFO2jq8ZSfq88aC8wB1pEZARjOGQR8ZbCyp=w224-h398-k-no,https://lh3.googleusercontent.com/a/ACg8ocLc16xYAb1ZuNssMvDmd7YyfIwAFYeLUGPMhVzeKsJ81Re2Uw=w36-h36-p-rp-mo-br100,https://lh3.googleusercontent.com/a-/ALV-UjWqdgETP0hIpHN4WpbKlaq6nKWRFK0VLqTEp0mVG5ujepTPuEz4=w36-h36-p-rp-mo-ba12-br100,https://lh3.googleusercontent.com/a-/ALV-UjU1GH0PBxeaQVni8TCOQ5n8uAMx6aK072UF0XeV2HVjPofdVws_RA=w36-h36-p-rp-mo-ba12-br100,https://lh3.googleusercontent.com/gps-cs-s/AHRPTWlR7d5N0zHNPOuOq5fYbRoxqokR_X2s8vXqZdkYdJvij0JJxt1dTOtG89XAHD3s-NGXV8QbU9s19kXHd8CEnADd5MGuY0VpcdVxS2qxgGzzw-Zdvd4CtCFmicMOYiA7FDPQtixd=w156-h114-p-k-no,https://lh3.googleusercontent.com/gps-cs-s/AHRPTWn95gMjt_XpCOyVodQm6vOc229YjyPPM_PzFYejNl1Ufi6kjtczf6Qi4uHqs_ktEIQhnuQzu6VxCdMCdZxvE5jTqCPRbGgpqhj5C2cxm--nIQYt_TBKt3RBLtqJhxDVWoIa9jQ=w156-h114-p-k-no,https://lh3.googleusercontent.com/gps-cs-s/AHRPTWnadJ7iXetOBS5cl6YZd0X_k1ksV89Bwl8YUs7KvcjSjjCT5hcn4x_csHRpb4MDPb5TsHNQI1VJjgbP5C6JYvNrlgH9K9IDhgPlpK532EktyIIOOWPV7p-JUr0_GBdjuDIh49-GrA=w156-h114-p-k-no,https://lh3.googleusercontent.com/gps-cs-s/AHRPTWkp7mWb9Uw5ho7aeVltNoxVvL0c9-IhuLGt4UdsXUuridrunIuKaqDQTc_ogjYMfGR0NTb6nyXAOs6zbwy6HldsDSH8EdMrSquincVSI7eFLJwTDJhBZaHGycKRUxqSiAZPkhc=w156-h114-p-k-no",36.8313079,10.2327599,communication@vermeg.com,https://www.facebook.com/Vermeg/,Not Available,Not Available,https://www.youtube.com/@vermeg5665,https://www.linkedin.com/company/vermeg,"Accessibility,,Wheelchair-accessible entrance"
CYBERESA,https://www.google.com/maps/place/CYBERESA/data=!4m7!3m6!1s0x12e2cb3448fbffff:0xffcf789998c7310c!8m2!3d36.8485801!4d10.2008475!16s%2Fg%2F1ygvsvbb9!19sChIJ___7SDTL4hIRDDHHmJl4z_8?authuser=0&hl=en&rclk=1,https://lh3.googleusercontent.com/gps-cs-s/AHRPTWlCr8rsS7PYVEPuBV89hvAWliesDBJkUld_bj-VssmX13kgqXH5UvwPPlQJuzQYXsMMtVNg04V1NNJ5hnYCYjak_0HKiKm3bHTmFnvGd2u-ydLnHqJpj7gtNSKiowBCWM3CPzAmYA=w408-h262-k-no,4.7,Not Available,Software company,"Golden Tower, Centre Urbain Nord, Bloc B, 7ème Etage , Appt7-8, Tunis 1082","Monday, 8:30 AM to 5:30 PM,Thursday, 8:30 AM to 5:30 PM,Friday, 8:30 AM to 5:30 PM,Saturday, 8:30 AM to 12:30 PM,Sunday, Closed",Not Available,http://www.cyberesa.net/,71 947 401,"https://lh3.googleusercontent.com/gps-cs-s/AHRPTWlCr8rsS7PYVEPuBV89hvAWliesDBJkUld_bj-VssmX13kgqXH5UvwPPlQJuzQYXsMMtVNg04V1NNJ5hnYCYjak_0HKiKm3bHTmFnvGd2u-ydLnHqJpj7gtNSKiowBCWM3CPzAmYA=w32-h32-p-k-no,https://lh3.googleusercontent.com/gps-cs-s/AHRPTWlCr8rsS7PYVEPuBV89hvAWliesDBJkUld_bj-VssmX13kgqXH5UvwPPlQJuzQYXsMMtVNg04V1NNJ5hnYCYjak_0HKiKm3bHTmFnvGd2u-ydLnHqJpj7gtNSKiowBCWM3CPzAmYA=w408-h262-k-no,https://lh3.googleusercontent.com/gps-cs-s/AHRPTWlCr8rsS7PYVEPuBV89hvAWliesDBJkUld_bj-VssmX13kgqXH5UvwPPlQJuzQYXsMMtVNg04V1NNJ5hnYCYjak_0HKiKm3bHTmFnvGd2u-ydLnHqJpj7gtNSKiowBCWM3CPzAmYA=w462-h298-k-no,https://lh3.googleusercontent.com/gps-cs-s/AHRPTWmMwRrpZyTQ4GzNHbuFsBa97BrKYSvXwUPYAKlcuItuu04QfGBV7ryIbb8qIshSsBrStpGi2QNmC8Bh9lexbCUaw-AhP8eCEGSc13fbApSBix3qyrcz8oqEDExA354ycTGOMUp1Wg=w298-h298-k-no,https://lh3.googleusercontent.com/a-/ALV-UjWAmvokvEkK3T-ZL_rfVZwTlwNnYADHE86-n58f_znr5xiWzzsxbA=w36-h36-p-rp-mo-ba12-br100,https://lh3.googleusercontent.com/a-/ALV-UjU43i8AD02kDNith0GieVFOYfkiZ0f9BdCJk8fS0uCBNDO_xb_8=w36-h36-p-rp-mo-br100,https://lh3.googleusercontent.com/a-/ALV-UjV-r4JbxeIJBisEOzGqfult8DMQSz-fgSemHwOAoKz33Q91qR80=w36-h36-p-rp-mo-br100,https://lh3.googleusercontent.com/gps-cs-s/AHRPTWnjw54-u2QlwghPGEuMr3pIWwJMucunIFdimUjS7EPoQEXnUXg8-V9YlbyWJpLun2hWz3mP1HnmqFy0_trMzYAlKGyhmh4iwYkCOk43Mq8Imf8GKoAuquSp5h8kftaUFVBz9kRbGw=w156-h114-p-k-no,https://lh3.googleusercontent.com/gps-cs-s/AHRPTWlYb6sBrlYmcAuhjyK9EgyfN7jSMaJMgcHeMCFRR4hW6FNdn6pog0m4B93FhaPD8h6tSivdufrrQlyGufi70bPtD1qBYZQt6wx8bUXYYZDcXJekvjxUACzGiLBU_nyDdYQLvkZlCw=w156-h114-p-k-no,https://lh3.googleusercontent.com/gps-cs-s/AHRPTWnsnTuDtDhWD5AJUpoAvsKrmxJ-kn2oeh_DEQ2Ic9yckH1QX4bU1dtPY4HZK97jYtqoqVEO4MAf12Ft1hgagOfA_KN2GuI1qMQLqem-XCP7Y1ifFFOWTsT3rywiSG44JuLNA6CoFQ=w156-h114-p-k-no",36.8485801,10.2008475,info@cyberesa.net,https://www.facebook.com/cyberesa.sarl/,Not Available,Not Available,Not Available,https://www.linkedin.com/company/cyberesa/,Not Available
Think Tank Business Solutions,https://www.google.com/maps/place/Think+Tank+Business+Solutions/data=!4m7!3m6!1s0x12fd34920e71b483:0x985d415d13001903!8m2!3d36.8274272!4d10.1884337!16s%2Fg%2F11g87htzp4!19sChIJg7RxDpI0_RIRAxkAE11BXZg?authuser=0&hl=en&rclk=1,https://lh3.googleusercontent.com/gps-cs-s/AHRPTWl5_d4khfvL-Fdj7_k7chkXfpC47iRvwR0CdQJA9rPHkSLE-Fso01ug6u9qF5P9pvGK-G8Ksl1TQfMqN_W-k9Xape4ocFy6ZADKVOikLlApPx9bvrKuBklugJOjD4gJQbQypbzd=w408-h306-k-no,4.8,Not Available,Software company,"Angle Rue Najachi, Rue Ibn Charaf, Tunis 1002","Monday, 8 AM to 6 PM,Thursday, 8 AM to 6 PM,Friday, 8 AM to 6 PM,Saturday, Closed,Sunday, Closed",Not Available,http://www.thinktank.de/,71 784 726,"https://lh3.googleusercontent.com/gps-cs-s/AHRPTWl5_d4khfvL-Fdj7_k7chkXfpC47iRvwR0CdQJA9rPHkSLE-Fso01ug6u9qF5P9pvGK-G8Ksl1TQfMqN_W-k9Xape4ocFy6ZADKVOikLlApPx9bvrKuBklugJOjD4gJQbQypbzd=w32-h32-p-k-no,https://lh3.googleusercontent.com/gps-cs-s/AHRPTWl5_d4khfvL-Fdj7_k7chkXfpC47iRvwR0CdQJA9rPHkSLE-Fso01ug6u9qF5P9pvGK-G8Ksl1TQfMqN_W-k9Xape4ocFy6ZADKVOikLlApPx9bvrKuBklugJOjD4gJQbQypbzd=w408-h306-k-no,https://lh3.googleusercontent.com/gps-cs-s/AHRPTWmPXx_YNFfWaeO14qNIRFpKTcfNduuZBckBp2Cq5OygGjjCZ8cweFuAMUtvVoPI1snCsHFInkGjWIJTPWotf1E1Gg6pG6Z8cC1owL2EJ3oso2lIiZULJ11Vrohsm1QNzeiVisqXZg=w360-h244-k-no,https://lh3.googleusercontent.com/a-/ALV-UjWufXYFpZ5uwCtt7FyW-WFX_YzCVZv8kVZavz30vqcVliYlzJWt=w36-h36-p-rp-mo-br100,https://lh3.googleusercontent.com/a-/ALV-UjV3hpggnDy2fpVcBRGg7EMnF9LF5mdg-w-exvWreVzMrLfKMsI=w36-h36-p-rp-mo-br100,https://lh3.googleusercontent.com/a/ACg8ocIVg6LVmfwPlxKOYg2FXLRICqLVeftniVR0hI1zBBENmQWsxA=w36-h36-p-rp-mo-br100,https://lh3.googleusercontent.com/gps-cs-s/AHRPTWnXCpIOFgBcyi71yye6waHi5s0ViznuxbC4yC0o3U1WBPXlyHbEicEi9RHlJdbcFd8Ag7vBXZUH3tr0qnNXznq_vLr8tshxFprzLp5m9AOinAwfoyhIU-eHv6XiCeedsvB6VB9K=w156-h114-p-k-no,https://lh3.googleusercontent.com/gps-cs-s/AHRPTWmYScIYw6AyP1n_oq859MgzcP-Otm04XBTDYtJ_Jwk3vrbrOxv0zZZKJaZaGNyirmbJoOyeNA5SsYDl1KMPbtKbNr8yaFMB6jhdCytBJksy8XQhkB2kABFuJuuhjACXHWn_X20T=w156-h114-p-k-no,https://lh3.googleusercontent.com/gps-cs-s/AHRPTWlIcMDhtuMPfgqZmY_8qH75qkyEkfdsHWKXEx9rci_PPmITGYKBsVfwL0r2b0wOtmLQ91l04BYrMwIji4W9v3BQlZJpiCNsDbRTE4z6ZWK6iQuKqjJl2IBDu2coMQ2tK8DHCos=w156-h114-p-k-no",36.8274272,10.1884337,info@thinktank.de,Not Available,Not Available,Not Available,Not Available,https://www.linkedin.com/company/think-tank-business-solutions/,Not Available
Sopra HR Software Tunisie,https://www.google.com/maps/place/Sopra+HR+Software+Tunisie/data=!4m7!3m6!1s0x12fd3516627a27b7:0x236d712d6df1999b!8m2!3d36.8493497!4d10.2753231!16s%2Fg%2F1hc2c3pt7!19sChIJtyd6YhY1_RIRm5nxbS1xbSM?authuser=0&hl=en&rclk=1,https://lh3.googleusercontent.com/gps-cs-s/AHRPTWlH_YZjUEUGE17uo8utZYRRTQaKfq-8_Q7kgStMhqpkkqEgfOhN-o0YJ0K79uMwMX9C6qGv6xeKEIn2Xz4S3qvvfY2hH8fNXFGTc2LkvS87ViUcXNvRRmT5QNpAUPOP_MCcAHFo=w408-h504-k-no,4.0,Not Available,Software company,"Immeuble Les Pins, Bloc B, Cite Les Pins, Lotissement Zone VI Lac II 1053, Tunis 1053","Monday, 8 AM to 6 PM,Thursday, 8 AM to 6 PM,Friday, 8 AM to 6 PM,Saturday, Closed,Sunday, Closed",Not Available,http://soprahr.com/,71 167 300,"https://lh3.googleusercontent.com/gps-cs-s/AHRPTWlH_YZjUEUGE17uo8utZYRRTQaKfq-8_Q7kgStMhqpkkqEgfOhN-o0YJ0K79uMwMX9C6qGv6xeKEIn2Xz4S3qvvfY2hH8fNXFGTc2LkvS87ViUcXNvRRmT5QNpAUPOP_MCcAHFo=w32-h32-p-k-no,https://lh3.googleusercontent.com/gps-cs-s/AHRPTWlH_YZjUEUGE17uo8utZYRRTQaKfq-8_Q7kgStMhqpkkqEgfOhN-o0YJ0K79uMwMX9C6qGv6xeKEIn2Xz4S3qvvfY2hH8fNXFGTc2LkvS87ViUcXNvRRmT5QNpAUPOP_MCcAHFo=w408-h504-k-no,https://lh3.googleusercontent.com/gps-cs-s/AHRPTWlH_YZjUEUGE17uo8utZYRRTQaKfq-8_Q7kgStMhqpkkqEgfOhN-o0YJ0K79uMwMX9C6qGv6xeKEIn2Xz4S3qvvfY2hH8fNXFGTc2LkvS87ViUcXNvRRmT5QNpAUPOP_MCcAHFo=w241-h298-k-no,https://lh3.googleusercontent.com/gps-cs-s/AHRPTWlVA9XNgmyBJZRIxp0HgX5uJOiW26KEHF-gBRC8E255J2eeWOGUdse7pY2rlgvGXUqXSkzvvgNFP7mP7Rb9fxvqJcymn-ubulPEvei9zOrW3R4WWm_0XGm2F11N1weIwTkC78Chog=w224-h398-k-no,https://lh3.googleusercontent.com/a-/ALV-UjWP0ZydmNl1USP0urPxWQKCR2wIboK1X3NFYh0I5I29lTrllNA=w36-h36-p-rp-mo-ba12-br100,https://lh3.googleusercontent.com/a-/ALV-UjU4lSqkZ1cwtnSrUeiN6TWcy5SrAfo1t8OHDVs5e6JZrxKLgWDK=w36-h36-p-rp-mo-br100,https://lh3.googleusercontent.com/a-/ALV-UjXRrUqRqoqbqWtWQObtjzqSPg3_zqCVtXfzsJl7bA0AOVbu1qWR=w36-h36-p-rp-mo-br100,https://lh3.googleusercontent.com/gps-cs-s/AHRPTWlN1l2DcRqPzsAbXVg743n7FtERMIZeHNf7PsRD6XWIgruV2Km14Usa8-Al-uPtln8gwBT7YJimpsENbIv9BD9AZEntRbfkKodNxLfN3v8jUP1hFI_zoLkbU2s0THXoCSeYJxiAbw=w156-h114-p-k-no,https://lh3.googleusercontent.com/gps-cs-s/AHRPTWnadJ7iXetOBS5cl6YZd0X_k1ksV89Bwl8YUs7KvcjSjjCT5hcn4x_csHRpb4MDPb5TsHNQI1VJjgbP5C6JYvNrlgH9K9IDhgPlpK532EktyIIOOWPV7p-JUr0_GBdjuDIh49-GrA=w156-h114-p-k-no,https://lh3.googleusercontent.com/gps-cs-s/AHRPTWkb5NuOZ3_4Kxu1hlsh1kOYFj9EMAUM2O5OBcawymVMK8QFT8kOVa4fGzrNYaQ3VREdfzXlMX1SbC5067G0GsMl5XxsA7TRQpOmGpO0r3N84tn6qoDtFJHQ10CoRDBfNqd7v4Q=w156-h114-p-k-no,https://lh3.googleusercontent.com/gps-cs-s/AHRPTWld-CDJLcZ9H_qPL8sL92tYx9Xk-agJKzAnV4Rc9G3zKXtLQcZrD-Mea-ATTI6o-bYjnUGrVi88_03awLm9SkxkwP3CsgQQC6KIxTSsBBbaQO4Z7vuXnmsmQswzHUhwWT9nqtuLXg=w156-h114-p-k-no",36.8493497,10.2753231,Not Available,Not Available,Not Available,Not Available,Not Available,Not Available,"Accessibility,,Wheelchair-accessible car park,,Wheelchair-accessible entrance"
littlewolf.tech Tunisia,https://www.google.com/maps/place/littlewolf.tech+Tunisia/data=!4m7!3m6!1s0x12fd34722f373653:0xd057ebbca2a5e355!8m2!3d36.8008938!4d10.1793219!16s%2Fg%2F11g92n7lrx!19sChIJUzY3L3I0_RIRVeOlorzrV9A?authuser=0&hl=en&rclk=1,https://lh3.googleusercontent.com/gps-cs-s/AHRPTWml6HAk1XavTMR-xU1_zq0hKIOmKiQrOKaRJA1tUeC0coh8lzwN7dDeV6SXeh9UULKCa8WAoeAWvz5L-VjFzdfeSiHpTdjWFVSF6Ji8QzdGtnwbcBXJNB1HMfrphy39Gz45P1SfnQ=w408-h306-k-no,Not Available,Not Available,Software company,"64 Rue Mokhtar Attia, Tunis 1000","Monday, 9 AM to 6 PM,Thursday, 9 AM to 6 PM,Friday, 9 AM to 6 PM,Saturday, Closed,Sunday, Closed",Not Available,https://littlewolf.tech/,98 321 825,"https://lh3.googleusercontent.com/gps-cs-s/AHRPTWml6HAk1XavTMR-xU1_zq0hKIOmKiQrOKaRJA1tUeC0coh8lzwN7dDeV6SXeh9UULKCa8WAoeAWvz5L-VjFzdfeSiHpTdjWFVSF6Ji8QzdGtnwbcBXJNB1HMfrphy39Gz45P1SfnQ=w32-h32-p-k-no,https://lh3.googleusercontent.com/gps-cs-s/AHRPTWml6HAk1XavTMR-xU1_zq0hKIOmKiQrOKaRJA1tUeC0coh8lzwN7dDeV6SXeh9UULKCa8WAoeAWvz5L-VjFzdfeSiHpTdjWFVSF6Ji8QzdGtnwbcBXJNB1HMfrphy39Gz45P1SfnQ=w408-h306-k-no,https://lh3.googleusercontent.com/gps-cs-s/AHRPTWml6HAk1XavTMR-xU1_zq0hKIOmKiQrOKaRJA1tUeC0coh8lzwN7dDeV6SXeh9UULKCa8WAoeAWvz5L-VjFzdfeSiHpTdjWFVSF6Ji8QzdGtnwbcBXJNB1HMfrphy39Gz45P1SfnQ=w397-h298-k-no,https://lh3.googleusercontent.com/gps-cs-s/AHRPTWlwgCOCQj2xxyxLBY3se0_mE5Jr2VXO7XmoEQAx8Z3jSCEeWRnmoCtasOFyN9wtZRn0SKTJMxD0EH6PIxyGghdNtpoChO734HwIpObp_K6f950M9puCk5eR3vsBQe5Yw4AU30_r=w224-h298-k-no,https://streetviewpixels-pa.googleapis.com/v1/thumbnail?panoid=WTt1W4onzWlqmntb4dbpDw&cb_client=maps_sv.tactile.gps&w=224&h=298&yaw=274.4981&pitch=0&thumbfov=100,https://lh3.googleusercontent.com/gps-cs-s/AHRPTWkSEfib0eoL46e4Qzf4YgTQeMlTxFAaagELP1GhY65jejOB8C1crXDixj250LPUVLJk4vPtwssLlDGpO6FaMsvtSi2nAywOb-ByaKEG5wMMpEfV_1zts0Md4LN4PvlxvV8ySiQZXDmlyRqD=w156-h114-p-k-no,https://lh3.googleusercontent.com/gps-cs-s/AHRPTWnQTPZhpHAxXkUgOHxYlIlsqiMn9-dfEdaZ-tlIAJK8gD3-NNpZbq_i90wDlmkFM0ZZmpn7gBeZI5zioxX22wNW-f_97D8i4rP2j6ZQETzJpUc2zfnRUu36lUBjPACsd-lpK2Y=w156-h114-p-k-no",36.8008938,10.1793219,info@littlewolf.tech,Not Available,Not Available,Not Available,Not Available,https://www.linkedin.com/company/littlewolf-tech,Not Available
Hannibal advanced solutions : Agence Web Tunisie,https://www.google.com/maps/place/Hannibal+advanced+solutions+:+Agence+Web+Tunisie/data=!4m7!3m6!1s0x12fd357c19ed1859:0x356ee846af24433b!8m2!3d36.8154575!4d10.1857342!16s%2Fg%2F11ymn9g9y6!19sChIJWRjtGXw1_RIRO0Mkr0bobjU?authuser=0&hl=en&rclk=1,https://streetviewpixels-pa.googleapis.com/v1/thumbnail?panoid=dch_gcqilJ5E6-3g3NgIGQ&cb_client=search.gws-prod.gps&w=408&h=240&yaw=235.54387&pitch=0&thumbfov=100,5.0,Not Available,Website designer,Tunis 1000,"Monday, 8:30 AM to 6 PM,Thursday, 8:30 AM to 6 PM,Friday, 8:30 AM to 6 PM,Saturday, Closed,Sunday, Closed",Not Available,http://hannibaladvanced.com/,29 316 499,"https://streetviewpixels-pa.googleapis.com/v1/thumbnail?panoid=dch_gcqilJ5E6-3g3NgIGQ&cb_client=search.gws-prod.gps&w=86&h=86&yaw=235.54387&pitch=0&thumbfov=100,https://streetviewpixels-pa.googleapis.com/v1/thumbnail?panoid=dch_gcqilJ5E6-3g3NgIGQ&cb_client=search.gws-prod.gps&w=408&h=240&yaw=235.54387&pitch=0&thumbfov=100,https://streetviewpixels-pa.googleapis.com/v1/thumbnail?panoid=dch_gcqilJ5E6-3g3NgIGQ&cb_client=maps_sv.tactile.gps&w=224&h=298&yaw=235.54387&pitch=0&thumbfov=100,https://lh3.googleusercontent.com/gps-cs-s/AHRPTWmDdTwtzRELVjlSTFiFqatqR6-qpyA__e06BiHgEM9mN_A9Kpz5OUpYrMg2dxpS2-6isNPy-fonEoldlLZKlVvvQ5-3_hayWOatw2c7s-uYrkdw-Yjuf-x0xiP_sO3FfYm-zamD_FkLKOX0=w397-h298-k-no,https://lh3.googleusercontent.com/a-/ALV-UjXuA3t82huTzPCwxou_wggt5VnxUIu5Xt-qUnTbcwEKzXbChgm7=w36-h36-p-rp-mo-br100,https://lh3.googleusercontent.com/a-/ALV-UjXe24InoJPuszXA5pLg53E1bOZe1-ZbWi21uF4XaTWbceDB6Vo=w36-h36-p-rp-mo-br100,https://lh3.googleusercontent.com/a-/ALV-UjW3GX1qkk714MY1mF5HD_S0W0S1VnSO3MOFG6S31_K9pqMZaBM=w36-h36-p-rp-mo-br100",36.8154575,10.1857342,contact@hannibaladvanced.com,https://www.facebook.com/profile.php?id=61571023165350,Not Available,https://www.instagram.com/hannibaladvanced,https://www.youtube.com/@hannibaladvanced,https://www.linkedin.com/in/hannibal-advanced-03476138a/,Not Available
DECADE Tunisie,https://www.google.com/maps/place/DECADE+Tunisie/data=!4m7!3m6!1s0x12fd34f34884a3a1:0x57c31930c6a5f264!8m2!3d36.8206372!4d10.1917976!16s%2Fg%2F11cmx68lnn!19sChIJoaOESPM0_RIRZPKlxjAZw1c?authuser=0&hl=en&rclk=1,https://lh3.googleusercontent.com/a/ACg8ocIhjijna1icdoEBo-6JXaH6owjZzgNp93hvMm1vM8Lsl75fmA=w36-h36-p-rp-mo-ba12-br100,5.0,Not Available,Software company,"R5CR+6PP, Tunis","Monday, 8 AM to 3 PM,Thursday, 8 AM to 3 PM,Friday, Closed,Saturday, Closed,Sunday, Closed",Not Available,Not Available,Not Available,"https://lh3.googleusercontent.com/a/ACg8ocIhjijna1icdoEBo-6JXaH6owjZzgNp93hvMm1vM8Lsl75fmA=w36-h36-p-rp-mo-ba12-br100,https://lh3.googleusercontent.com/a-/ALV-UjVHDy1uGB2uMPSQ6ON9tVIXdGxrQudnPU3JmZT9IgTxGPuBz-aD=w36-h36-p-rp-mo-ba12-br100,https://lh3.googleusercontent.com/a-/ALV-UjUEVpuY4pF0UdEG3EzKDC17BCYIYpoGwdAKvKITm3zf793Af_4=w36-h36-p-rp-mo-br100,https://lh3.googleusercontent.com/gps-cs-s/AHRPTWlkDC98Zte9hNjg1N_FW40lwDEYwHOk7QCb0vkZlbmm6esxTVUwwvNe03f2u0WPjtBpqZzs0Cok6WXUIkrK5x3wuT1FUNEOnHyYcgloF7SYyPiXtglkxVQ9GShxQQs0KCgpfjR4=w156-h114-p-k-no,https://lh3.googleusercontent.com/gps-cs-s/AHRPTWlIojjekL0drrmhEO5yAVu7DEfT__dZQH3UliSgL_zocNGA6bLp2lnvMhn-zn1gqeNC-fjYEtk3qLHk2gkmoqNFLrGlOA9EwVGDSoYF5SpPGssthK2kjUiVTvjiUHkAo-Af6JM=w156-h114-p-k-no",36.8206372,10.1917976,Not Available,Not Available,Not Available,Not Available,Not Available,Not Available,Not Available
ITSolution Tunisie,https://www.google.com/maps/place/ITSolution+Tunisie/data=!4m7!3m6!1s0x12fd33b69961e513:0xdba432a09b9948ad!8m2!3d36.803763!4d10.1314351!16s%2Fg%2F1tf132m0!19sChIJE-VhmbYz_RIRrUiZm6AypNs?authuser=0&hl=en&rclk=1,https://lh3.googleusercontent.com/gps-cs-s/AHRPTWmFUti5nBzgVmaSeN1X9GtvLk52zD1xur8II-e5OdCAulisCEudB9mLHxdmZ7ron-H9ZGzDY134pfWm4yDhgSQoNVsQWGXPYbfKGUyiNKt_IrtHllMRJg5ZNtgPrT6vVIBFji8qIw=w408-h306-k-no,4.6,Not Available,Computer support and services,"10 Rue Ibn Abbed, Tunis 2000","Monday, 8 AM to 6 PM,Thursday, 8 AM to 6 PM,Friday, 8 AM to 6 PM,Saturday, 9 AM to 2 PM,Sunday, Closed",Not Available,http://www.itsolution-tn.com/,23 689 978,"https://lh3.googleusercontent.com/gps-cs-s/AHRPTWmFUti5nBzgVmaSeN1X9GtvLk52zD1xur8II-e5OdCAulisCEudB9mLHxdmZ7ron-H9ZGzDY134pfWm4yDhgSQoNVsQWGXPYbfKGUyiNKt_IrtHllMRJg5ZNtgPrT6vVIBFji8qIw=w32-h32-p-k-no,https://lh3.googleusercontent.com/gps-cs-s/AHRPTWmFUti5nBzgVmaSeN1X9GtvLk52zD1xur8II-e5OdCAulisCEudB9mLHxdmZ7ron-H9ZGzDY134pfWm4yDhgSQoNVsQWGXPYbfKGUyiNKt_IrtHllMRJg5ZNtgPrT6vVIBFji8qIw=w408-h306-k-no,https://lh3.googleusercontent.com/gps-cs-s/AHRPTWnS1mqYS54bxNy-YLrryfkD2SL3DpBCQ6CbbpOlinDLuPMUfRnW3pAv3XKMSEH6DU5NzMes9NwC57n_AldZOnbwpe9S3Uejt4BfeHFJW8He52WWuZwMS7ZlPWKLyODUnDT0rzE_=w298-h298-k-no,https://lh3.googleusercontent.com/gps-cs-s/AHRPTWnNyRs4Ju14YvCfv48lieSz-1lUnXQ5ZpIOl8Kc4BAO_u6QU4VrVf2NeeuIDqnOUR7t7dRJiR6mhG-7PiRwtauSX7K9QSo1q27pi-9PYckEUOeCcFrWiuM65k94vZFKrAXIP2NNMg=w298-h298-k-no,https://lh3.googleusercontent.com/a-/ALV-UjXw3jBaq1Rnl8mNn1Bbblc34xuVewy11ZRc3m94dd3BndHfxd1q=w36-h36-p-rp-mo-br100,https://lh3.googleusercontent.com/a-/ALV-UjWFWZgOpNy4Y9U2i289LHtv9UG-J6PwdClraUC6iHrWUkM95Uk3Gw=w36-h36-p-rp-mo-br100,https://lh3.googleusercontent.com/a/ACg8ocJmr_Sg64rZiA4OthjhGXg6RhNqEMOfF1FZWlNEyydVGLPi6g=w36-h36-p-rp-mo-br100,https://lh3.googleusercontent.com/gps-cs-s/AHRPTWmdLD1yAyBwJ5fSqDy2hTDQUhAc1s003te6QVzPv1CWPbqMwbmRFKhK2RkgvXo82M7NYcLgoxOlO-yIQMNJL2pN0XGYRqwasPOTw1tP-EVsbc8m4XA9pc-KqBgkEufP176srr8Y=w156-h114-p-k-no",36.803763,10.1314351,commercial@itsolution-tn.com,https://www.facebook.com/itsolution.tunisie,https://twitter.com/itsolution_tn,Not Available,https://www.youtube.com/channel/UC08FMMN_GPpOItWxLfsjEGg,https://www.linkedin.com/company/itsolution-tunisie,Not Available
Eezee-it Tunis - Odoo Partner,https://www.google.com/maps/place/Eezee-it+Tunis+-+Odoo+Partner/data=!4m7!3m6!1s0x12fd35a6fcd05f85:0xa248bb98600ceee0!8m2!3d36.8064948!4d10.1815316!16s%2Fg%2F11l_7zzg1m!19sChIJhV_Q_KY1_RIR4O4MYJi7SKI?authuser=0&hl=en&rclk=1,https://streetviewpixels-pa.googleapis.com/v1/thumbnail?panoid=7gbO1-tvWIm551vqQldUcw&cb_client=search.gws-prod.gps&w=408&h=240&yaw=252.61525&pitch=0&thumbfov=100,5.0,Not Available,Software company,"3 ème étage, A17, Résidence Tunis Carthage, Av. De Carthage, Ariana 2027","Monday, 8:30 AM to 5:30 PM,Thursday, 8:30 AM to 5:30 PM,Friday, 8:30 AM to 5:30 PM,Saturday, Closed,Sunday, Closed",Not Available,https://eezee-it.com/,Not Available,"https://streetviewpixels-pa.googleapis.com/v1/thumbnail?panoid=7gbO1-tvWIm551vqQldUcw&cb_client=search.gws-prod.gps&w=86&h=86&yaw=252.61525&pitch=0&thumbfov=100,https://streetviewpixels-pa.googleapis.com/v1/thumbnail?panoid=7gbO1-tvWIm551vqQldUcw&cb_client=search.gws-prod.gps&w=408&h=240&yaw=252.61525&pitch=0&thumbfov=100,https://streetviewpixels-pa.googleapis.com/v1/thumbnail?panoid=7gbO1-tvWIm551vqQldUcw&cb_client=maps_sv.tactile.gps&w=224&h=298&yaw=252.61525&pitch=0&thumbfov=100,https://lh3.googleusercontent.com/a-/ALV-UjWCh4FDcm2fX296W6yRH0rbmk-UtAy8HsFU_RQRRS7IlgwufKwe=w36-h36-p-rp-mo-br100,https://lh3.googleusercontent.com/gps-cs-s/AHRPTWkJJAVYrB4GCsCyNbkOlbC8yfLHx7l35l-KmP6fMIkD1fhVzAGRnzZzSgEhzF98pbkhht3FPQAsmvsjsDZ2yj2q5WsIjY035LhikEdItRNEZh3XiAekHm_W_WkPY5ETAVmFUx23=w156-h114-p-k-no",36.8064948,10.1815316,info@eezee-it.com,Not Available,Not Available,Not Available,Not Available,https://www.linkedin.com/company/eezee-it/posts/?feedView=all,Not Available
Massar Digital,https://www.google.com/maps/place/Massar+Digital/data=!4m7!3m6!1s0x12e2cb6962815a53:0x729bee158ddcb77!8m2!3d36.8605979!4d10.1880263!16s%2Fg%2F11z5wsk2bn!19sChIJU1qBYmnL4hIRd8vdWOG-KQc?authuser=0&hl=en&rclk=1,https://lh3.googleusercontent.com/gps-cs-s/AHRPTWl9cknequ1NiEkhM_yB8j2RzRVAyCeqbUObIddR8rWgQCwWfFw2vN4XKJPP8jYw0TeDDnWT3roqEoLq9h0YHQXIZK4IMhOVg-RCjlptt7Vzox2ekA_P25mZtwwIEB1mUZECTc2vv-_ii_F2=w408-h483-k-no,5.0,Not Available,Software company,"ARIANA CENTER ESCALIER C BUREAU N° C، 408, 52 Rue 18 Janvier, Ariana 2080","Monday, Open 24 hours,Thursday, Open 24 hours,Friday, Open 24 hours,Saturday, Open 24 hours,Sunday, Closed",Not Available,https://massar-digital.com/,58 135 908,"https://lh3.googleusercontent.com/gps-cs-s/AHRPTWl9cknequ1NiEkhM_yB8j2RzRVAyCeqbUObIddR8rWgQCwWfFw2vN4XKJPP8jYw0TeDDnWT3roqEoLq9h0YHQXIZK4IMhOVg-RCjlptt7Vzox2ekA_P25mZtwwIEB1mUZECTc2vv-_ii_F2=w32-h32-p-k-no,https://lh3.googleusercontent.com/gps-cs-s/AHRPTWl9cknequ1NiEkhM_yB8j2RzRVAyCeqbUObIddR8rWgQCwWfFw2vN4XKJPP8jYw0TeDDnWT3roqEoLq9h0YHQXIZK4IMhOVg-RCjlptt7Vzox2ekA_P25mZtwwIEB1mUZECTc2vv-_ii_F2=w408-h483-k-no,https://lh3.googleusercontent.com/gps-cs-s/AHRPTWl9cknequ1NiEkhM_yB8j2RzRVAyCeqbUObIddR8rWgQCwWfFw2vN4XKJPP8jYw0TeDDnWT3roqEoLq9h0YHQXIZK4IMhOVg-RCjlptt7Vzox2ekA_P25mZtwwIEB1mUZECTc2vv-_ii_F2=w251-h298-k-no,https://lh3.googleusercontent.com/gps-cs-s/AHRPTWnqx-6mDcGbMuCRdQM7-ab7cGdOeqqS970lywJyXPj1qbaCIZYlJD6qifSkmFYyAkYNzGUfR9vS0EtPiTtx38bJySdQyhG9x_CBMfVipVIe3wHWV8zdzTjS5aBa6MWTM_BVKPa_m_8-goY7=w224-h298-k-no,https://streetviewpixels-pa.googleapis.com/v1/thumbnail?panoid=dENBT2xmVmUBKDD5TntZvw&cb_client=maps_sv.tactile.gps&w=224&h=298&yaw=76.23072&pitch=0&thumbfov=100,https://lh3.googleusercontent.com/a/ACg8ocIg4EcYT6SyxaVOqFjCde3OEvxFCjlIIkWSzGbstILb4iVQ9w=w36-h36-p-rp-mo-br100,https://lh3.googleusercontent.com/a-/ALV-UjWkwdzTXlqNO6WOEjmMYfITpv1ZLUFWytCQvEN5LnOHq9mAMC0b=w36-h36-p-rp-mo-br100,https://lh3.googleusercontent.com/a-/ALV-UjX6DoiR-zNNgkdkmpq9sI02oIwiJbLpZwhBkiDupmvInvDipEQ=w36-h36-p-rp-mo-br100",36.8605979,10.1880263,contact@massar-digital.com,Not Available,Not Available,Not Available,Not Available,https://www.linkedin.com/company/massar-digital,Not Available
RFIDIA,https://www.google.com/maps/place/RFIDIA/data=!4m7!3m6!1s0x8d9795187119db15:0xbd3c1f47a91a956e!8m2!3d36.8578757!4d10.1841459!16s%2Fg%2F11z9bv4qxt!19sChIJFdsZcRiVl40RbpUaqUcfPL0?authuser=0&hl=en&rclk=1,https://streetviewpixels-pa.googleapis.com/v1/thumbnail?panoid=XlirRJ0FppFQ7wAoyykW6g&cb_client=search.gws-prod.gps&w=408&h=240&yaw=154.46497&pitch=0&thumbfov=100,5.0,Not Available,Software company,"AVENUE MOSTAPHA HJAIJ, Ariana 1002","Monday, 8 AM to 6 PM,Thursday, 8 AM to 6 PM,Friday, 8 AM to 6 PM,Saturday, 8 AM to 1:30 PM,Sunday, Closed",Not Available,https://www.rfidia.com/,27 224 949,"https://streetviewpixels-pa.googleapis.com/v1/thumbnail?panoid=XlirRJ0FppFQ7wAoyykW6g&cb_client=search.gws-prod.gps&w=86&h=86&yaw=154.46497&pitch=0&thumbfov=100,https://streetviewpixels-pa.googleapis.com/v1/thumbnail?panoid=XlirRJ0FppFQ7wAoyykW6g&cb_client=search.gws-prod.gps&w=408&h=240&yaw=154.46497&pitch=0&thumbfov=100,https://streetviewpixels-pa.googleapis.com/v1/thumbnail?panoid=XlirRJ0FppFQ7wAoyykW6g&cb_client=maps_sv.tactile.gps&w=224&h=298&yaw=154.46497&pitch=0&thumbfov=100,https://lh3.googleusercontent.com/gps-cs-s/AHRPTWntz3Esv4kMt0XH4dheWuIGVmMgaQ4HqAuFwN4jB4_QAw0nc0RS-FhVLJ31VPlMKnlYeqNQE8R5703KhgYlmHpR91Z4mUlTQwkP4oj8rrtfO2NW9XvarXIUD7kCwN513SCeFNFy9GX_KSM=w529-h298-k-no,https://lh3.googleusercontent.com/a/ACg8ocLjCG3vA4XTD3JFJmc9PIcYQgXECEgLnlppIhx6YybcjAwbKQ=w36-h36-p-rp-mo-br100,https://lh3.googleusercontent.com/a-/ALV-UjWktmVt26ugJ_FviK8EHgb98usYAEDvI_0jAfV_ttvIKct_-vgj=w36-h36-p-rp-mo-br100,https://lh3.googleusercontent.com/a-/ALV-UjWzVAUQw2aK8jCGNGFgV4YIIbBk23jEh5XQ467livyR_r2jva4=w36-h36-p-rp-mo-br100",36.8578757,10.1841459,contact@rfidia.com,https://www.facebook.com/profile.php?id=61569189391534,Not Available,Not Available,https://www.youtube.com/@rfidiai,https://www.linkedin.com/in/rfidtunisie/,Not Available
Axynoxia,https://www.google.com/maps/place/Axynoxia/data=!4m7!3m6!1s0x26bb6e0d1f5979f3:0xc1d008a7847f9010!8m2!3d36.8889337!4d10.1710048!16s%2Fg%2F11msxcpgr9!19sChIJ83lZHw1uuyYREJB_hKcI0ME?authuser=0&hl=en&rclk=1,https://lh3.googleusercontent.com/gps-cs-s/AHRPTWm04pP6YHb2WGQCfhz4CwNtjvbdxikZLWrkxwEAXtU6VuMWam8BUftYHxkNBPiSnQLeZQZao76crxM5mVQoxUeT4wiPDmZYFvDneeVsSAHHgWQTmH1AmPDuMeTMYqKKT8NZRjDWHdgNXx8=w600-h240-k-no,5.0,Not Available,Software company,"Rue ansar, Ariana 2083","Monday, Open 24 hours,Thursday, Open 24 hours,Friday, Open 24 hours,Saturday, Open 24 hours,Sunday, Open 24 hours",Not Available,https://axynoxia.com/,54 886 068,"https://lh3.googleusercontent.com/gps-cs-s/AHRPTWm04pP6YHb2WGQCfhz4CwNtjvbdxikZLWrkxwEAXtU6VuMWam8BUftYHxkNBPiSnQLeZQZao76crxM5mVQoxUeT4wiPDmZYFvDneeVsSAHHgWQTmH1AmPDuMeTMYqKKT8NZRjDWHdgNXx8=w32-h32-p-k-no,https://lh3.googleusercontent.com/gps-cs-s/AHRPTWm04pP6YHb2WGQCfhz4CwNtjvbdxikZLWrkxwEAXtU6VuMWam8BUftYHxkNBPiSnQLeZQZao76crxM5mVQoxUeT4wiPDmZYFvDneeVsSAHHgWQTmH1AmPDuMeTMYqKKT8NZRjDWHdgNXx8=w600-h240-k-no,https://lh3.googleusercontent.com/gps-cs-s/AHRPTWm04pP6YHb2WGQCfhz4CwNtjvbdxikZLWrkxwEAXtU6VuMWam8BUftYHxkNBPiSnQLeZQZao76crxM5mVQoxUeT4wiPDmZYFvDneeVsSAHHgWQTmH1AmPDuMeTMYqKKT8NZRjDWHdgNXx8=w745-h298-k-no,https://lh3.googleusercontent.com/a-/ALV-UjXWPOCereUnjUwu0A4oX1vrp9iXYRkNmDWVkUAQT9C1eMtJL_rT=w36-h36-p-rp-mo-br100,https://lh3.googleusercontent.com/a/ACg8ocIp2DCCiXwi8B5JkorTy70ES7nvp-40cGxBd_N85E-8Xdi3sA=w36-h36-p-rp-mo-br100,https://lh3.googleusercontent.com/a-/ALV-UjWvReXi5g5wOYP7I8EBhlJET116xOuG16d2O7QXvVgyufV_Jqlliw=w36-h36-p-rp-mo-br100",36.8889337,10.1710048,contact@axynoxia.com,Not Available,Not Available,Not Available,Not Available,https://www.linkedin.com/company/axynoxia,"Service options,,Online appointments,    Planning,,Appointment required"
Ingenius IT - Société informatique Tunisie,https://www.google.com/maps/place/Ingenius+IT+-+Soci%C3%A9t%C3%A9+informatique+Tunisie/data=!4m7!3m6!1s0x12fd33056c5828d5:0xc0061a0f77167288!8m2!3d36.857604!4d10.1581233!16s%2Fg%2F11krgxmqpr!19sChIJ1ShYbAUz_RIRiHIWdw8aBsA?authuser=0&hl=en&rclk=1,https://lh3.googleusercontent.com/gps-cs-s/AHRPTWmdLD1yAyBwJ5fSqDy2hTDQUhAc1s003te6QVzPv1CWPbqMwbmRFKhK2RkgvXo82M7NYcLgoxOlO-yIQMNJL2pN0XGYRqwasPOTw1tP-EVsbc8m4XA9pc-KqBgkEufP176srr8Y=w408-h306-k-no,4.8,Not Available,Computer security service,"ENNASR 2, immeuble L'ALKAZAR, Appartement d5-2, Ariana 2037","Monday, 8 AM to 10 PM,Thursday, 8 AM to 10 PM,Friday, 8 AM to 10 PM,Saturday, 8 AM to 5 PM,Sunday, Closed",Not Available,https://ingeniusit.com/,92 682 923,"https://lh3.googleusercontent.com/gps-cs-s/AHRPTWmdLD1yAyBwJ5fSqDy2hTDQUhAc1s003te6QVzPv1CWPbqMwbmRFKhK2RkgvXo82M7NYcLgoxOlO-yIQMNJL2pN0XGYRqwasPOTw1tP-EVsbc8m4XA9pc-KqBgkEufP176srr8Y=w32-h32-p-k-no,https://lh3.googleusercontent.com/gps-cs-s/AHRPTWmdLD1yAyBwJ5fSqDy2hTDQUhAc1s003te6QVzPv1CWPbqMwbmRFKhK2RkgvXo82M7NYcLgoxOlO-yIQMNJL2pN0XGYRqwasPOTw1tP-EVsbc8m4XA9pc-KqBgkEufP176srr8Y=w408-h306-k-no,https://lh3.googleusercontent.com/gps-cs-s/AHRPTWmdLD1yAyBwJ5fSqDy2hTDQUhAc1s003te6QVzPv1CWPbqMwbmRFKhK2RkgvXo82M7NYcLgoxOlO-yIQMNJL2pN0XGYRqwasPOTw1tP-EVsbc8m4XA9pc-KqBgkEufP176srr8Y=w397-h298-k-no,https://lh3.googleusercontent.com/gps-cs-s/AHRPTWnT-jp7z5e2E-eEXljT9CpmBNxupsgd3OjkVIIIXgebcidbBj_npxwDAEaCOqXeRNJF9jLXVqpNvpcTTpeHd2n0aFlF9eibHggY984wkiEYGvhjF4JtmEZ_N49QKtEh4V5mPw_6=w224-h298-k-no,https://lh3.googleusercontent.com/gps-cs-s/AHRPTWkpVkXpONjbqvn6eK54BULuzkUQXhJEUlm-Stz_EXexRdl1lqdOFlkuSwFf_x2eY8WDX1f4NvZsh_VUPXtMKoAJ103wwBhd3vrWb6cRn1DNBaHzLgeu7JleKad9YEz75RASYLI5=w224-h398-k-no,https://lh3.googleusercontent.com/a/ACg8ocKiwky2cumZ2pbjoS29YlEHCcObDfKMuwooL244SgLeG1rCCw=w36-h36-p-rp-mo-br100,https://lh3.googleusercontent.com/a-/ALV-UjWdq-lJp1eFdj353XuGdmGo8iw-oQ-qrCk-Raj1443qeeXJgPM=w36-h36-p-rp-mo-br100,https://lh3.googleusercontent.com/a-/ALV-UjVHqbDc1NAKV_N1C-Qy9UuJUYaENsoIV0sBB18VQ6FSQMCEc5Q=w36-h36-p-rp-mo-br100,https://lh3.googleusercontent.com/gps-cs-s/AHRPTWkk8HsfUKYVgQVBlgtQ7fCBBBIz8qxyeE_3lSfPmdHq8pVle4Lto-C1kU6VpqNtPPoduZLTYztIJxSXCDDqIAdowj6nBvLwkYY_VUYwcWzu8p5yoB14Z_AUZvN3YW9BSBfhR38=w156-h114-p-k-no,https://lh3.googleusercontent.com/gps-cs-s/AHRPTWkSsNHKhmoapIlZGZiu_h_9eQuKHQ-ODNNNef1yJlth-XqoqE6HT-QC_uwt1fk8gZLW6wzk9ecZiGc6hCilXLTcMeE16J-ClOV0yeGfjWjbrHDQkUlFdN-NuU4H53rRE4IFeoqkWTE41juc=w156-h114-p-k-no",36.857604,10.1581233,contact@ingeniusit.com,Not Available,Not Available,Not Available,Not Available,Not Available,"Service options,,Online appointments,,On-site services,    Amenities,,Gender-neutral toilets"
Mediasoft,https://www.google.com/maps/place/Mediasoft/data=!4m7!3m6!1s0x12fd33b0033046dd:0xc6fd332338cf1cd1!8m2!3d36.85705!4d10.160652!16s%2Fg%2F11ghpyr4qq!19sChIJ3UYwA7Az_RIR0RzPOCMz_cY?authuser=0&hl=en&rclk=1,https://streetviewpixels-pa.googleapis.com/v1/thumbnail?panoid=3PFqvw761O9cc1l0-0eD_Q&cb_client=search.gws-prod.gps&w=408&h=240&yaw=146.41733&pitch=0&thumbfov=100,4.8,Not Available,Software company,"Av. Hédi Nouira, Ariana","Monday, 8:30 AM to 5:30 PM,Thursday, 8:30 AM to 5:30 PM,Friday, 8:30 AM to 5:30 PM,Saturday, 8:30 AM to 2 PM,Sunday, Closed",Not Available,http://mediasoft.tn/,52 444 444,"https://streetviewpixels-pa.googleapis.com/v1/thumbnail?panoid=3PFqvw761O9cc1l0-0eD_Q&cb_client=search.gws-prod.gps&w=86&h=86&yaw=146.41733&pitch=0&thumbfov=100,https://streetviewpixels-pa.googleapis.com/v1/thumbnail?panoid=3PFqvw761O9cc1l0-0eD_Q&cb_client=search.gws-prod.gps&w=408&h=240&yaw=146.41733&pitch=0&thumbfov=100,https://streetviewpixels-pa.googleapis.com/v1/thumbnail?panoid=3PFqvw761O9cc1l0-0eD_Q&cb_client=maps_sv.tactile.gps&w=224&h=298&yaw=146.41733&pitch=0&thumbfov=100,https://lh3.googleusercontent.com/gps-cs-s/AHRPTWlv3Fuanf58rTJPC1yf6Q5PFQWwTbgbsGGxe8ro_gov6Fh3l9ZJN79KxeMs9vY6EXPcfP-co0PoJoL6nhv28dnDNtZ4tdLXnuNoNYNsI4RsU5-YcgRncA-1VJFXTn4MLbgz546sVSEzv1EV=w298-h298-k-no,https://lh3.googleusercontent.com/a-/ALV-UjW9ExtVWiB40Xu6Nv24O_SLQpzCpHj9zfeWMQQQtAnb3BK45Pz9=w36-h36-p-rp-mo-br100,https://lh3.googleusercontent.com/a-/ALV-UjUHBDxQS6vnSyI1nRLSIjxmyiLUpGqma0t7bKbB22bWkrkZiNTa=w36-h36-p-rp-mo-br100,https://lh3.googleusercontent.com/a-/ALV-UjXOFe1zQrs4vKZflhDVyhuh7BSwarnA07keLXAWTMAfRfNhaImlXQ=w36-h36-p-rp-mo-br100",36.85705,10.160652,info@mediasoft.tn,https://www.facebook.com/mediasoftsousse/,Not Available,Not Available,Not Available,https://www.linkedin.com/company/mediasoft-tunisie/,Not Available
WinSoft Informatique,https://www.google.com/maps/place/WinSoft+Informatique/data=!4m7!3m6!1s0x12fd35448222453d:0xf060f0bc9329cd0b!8m2!3d36.8525011!4d10.189586!16s%2Fg%2F11fnp_2qkl!19sChIJPUUigkQ1_RIRC80pk7zwYPA?authuser=0&hl=en&rclk=1,https://lh3.googleusercontent.com/gps-cs-s/AHRPTWm_q3IybSGTEitWvTotXjqrQDz7wDZHMa5Ul8JouZxn75BXDvbTFf-Es7ZyTuTapr-SRn63I3MEFc1gCcbvdQntnVCmhraKQqOoafQTaJiB8U4p9VnFLahaLj1A-hsHcgp3s5sZ=w408-h544-k-no,5.0,Not Available,Software company,"Bureau N•3, Résidence El Zayzafoun, 1ère étage, 11 Rue Belhassen Jrad, Ariana","Monday, 8:30 AM to 12 PM, 2 to 5:30 PM,Thursday, 8:30 AM to 12 PM, 2 to 5:30 PM,Friday, 8:30 AM to 12 PM, 2 to 5:30 PM,Saturday, 8:30 AM to 1 PM,Sunday, Closed",Not Available,http://www.winsoftinformatique.tn/,71 712 227,"https://lh3.googleusercontent.com/gps-cs-s/AHRPTWm_q3IybSGTEitWvTotXjqrQDz7wDZHMa5Ul8JouZxn75BXDvbTFf-Es7ZyTuTapr-SRn63I3MEFc1gCcbvdQntnVCmhraKQqOoafQTaJiB8U4p9VnFLahaLj1A-hsHcgp3s5sZ=w32-h32-p-k-no,https://lh3.googleusercontent.com/gps-cs-s/AHRPTWm_q3IybSGTEitWvTotXjqrQDz7wDZHMa5Ul8JouZxn75BXDvbTFf-Es7ZyTuTapr-SRn63I3MEFc1gCcbvdQntnVCmhraKQqOoafQTaJiB8U4p9VnFLahaLj1A-hsHcgp3s5sZ=w408-h544-k-no,https://lh3.googleusercontent.com/gps-cs-s/AHRPTWm_q3IybSGTEitWvTotXjqrQDz7wDZHMa5Ul8JouZxn75BXDvbTFf-Es7ZyTuTapr-SRn63I3MEFc1gCcbvdQntnVCmhraKQqOoafQTaJiB8U4p9VnFLahaLj1A-hsHcgp3s5sZ=w224-h298-k-no,https://lh3.googleusercontent.com/gps-cs-s/AHRPTWktDm6sRJKCi2fHnLkMVoLKroVbSOfx8uKjuSMOnyKKbvwxVQhoPyUb3jfco0nHVybasptUuU9-bqPtWCVAIW5rv6_2txpXyLD1ocZEj2JBDkiq6M4KUQZen9YLmg11mivvYUr_ug=w397-h298-k-no,https://lh3.googleusercontent.com/a-/ALV-UjU9lbFd06xMGVKq3cRrO-BwY_ylxb6YcNHpY021QN5Z8hlJEQ=w36-h36-p-rp-mo-br100,https://lh3.googleusercontent.com/a-/ALV-UjU_aINaukP9ZonMAVbBf488ch5YpEtra7bSXU1Rq6OQtbOQCyMd=w36-h36-p-rp-mo-br100,https://lh3.googleusercontent.com/gps-cs-s/AHRPTWlxMDTMwIsXB1FxH2hZbquInxyFyIT0Y6-wAaXLtqjCWgWjbxGTIeCaoAm_bSg1zWY6lO3CZlhBU5G2xyI3dEl9rG91JrG0Fc378bowgrextBgjpN1rphCtscWojv_ekxa4RYwB=w156-h114-p-k-no,https://lh3.googleusercontent.com/gps-cs-s/AHRPTWlIojjekL0drrmhEO5yAVu7DEfT__dZQH3UliSgL_zocNGA6bLp2lnvMhn-zn1gqeNC-fjYEtk3qLHk2gkmoqNFLrGlOA9EwVGDSoYF5SpPGssthK2kjUiVTvjiUHkAo-Af6JM=w156-h114-p-k-no,https://lh3.googleusercontent.com/gps-cs-s/AHRPTWmuHtFjbAZjOyaJuTJfjxf7G2rCm2b9TS3KKS5jafvxbTcOn4ryX96F0ZSJmXH59jDduX_jhFiCBuiQ1ptR_TkMe7RzHabEwTbqAYAEy6gM9EUFfOyWhSmkSqhaRoN394cI5gzV=w156-h114-p-k-no,https://lh3.googleusercontent.com/gps-cs-s/AHRPTWmU943VWBNcZnzJuTqy4deY0-OmBWj1eo8TLvld6SsmDU-_H5sZ1wpvAg_CfWIaZyMuklBmCL3m4YvHiAXveWZpeyF2pHbCOErPzGw7gDt5NyBXljr-4luZMSQDCjibFr9jwqcImw=w156-h114-p-k-no",36.8525011,10.189586,contact@winsoftinformatique.tn,https://www.facebook.com/winsoftinformatiquetn/,Not Available,Not Available,Not Available,https://www.linkedin.com/company/winsoft-informatique,"Service options,,Online appointments,,On-site services"
IGA Tunisie,https://www.google.com/maps/place/IGA+Tunisie/data=!4m7!3m6!1s0x12fd34d322400431:0xda0b0b2dc7a3cb9c!8m2!3d36.8563382!4d10.2074387!16s%2Fg%2F1pp2vccxj!19sChIJMQRAItM0_RIRnMujxy0LC9o?authuser=0&hl=en&rclk=1,https://lh3.googleusercontent.com/gps-cs-s/AHRPTWnvAa8KTVqZ0_n55irRTsoUJUsVYxFCARz-LZaFuabISYeEqKaxUaf_kxoUOogzhUYuhy-lJ_ryGlodDTE1YIJQFc_cv3Nh-MUck7pJSm17YCESFi9jAHotDFXvegKNFqlCusyd=w408-h306-k-no,4.6,Not Available,Software company,"2، ZI Charguia, Zone industrielle، 15 Rue des Entrepreneurs, Ariana 2035","Monday, 8:30 AM to 6 PM,Thursday, 8:30 AM to 6 PM,Friday, 8:30 AM to 6 PM,Saturday, Closed,Sunday, Closed",Not Available,https://www.iga-tunisie.com/,31 301 502,"https://lh3.googleusercontent.com/gps-cs-s/AHRPTWnvAa8KTVqZ0_n55irRTsoUJUsVYxFCARz-LZaFuabISYeEqKaxUaf_kxoUOogzhUYuhy-lJ_ryGlodDTE1YIJQFc_cv3Nh-MUck7pJSm17YCESFi9jAHotDFXvegKNFqlCusyd=w32-h32-p-k-no,https://lh3.googleusercontent.com/gps-cs-s/AHRPTWnvAa8KTVqZ0_n55irRTsoUJUsVYxFCARz-LZaFuabISYeEqKaxUaf_kxoUOogzhUYuhy-lJ_ryGlodDTE1YIJQFc_cv3Nh-MUck7pJSm17YCESFi9jAHotDFXvegKNFqlCusyd=w408-h306-k-no,https://lh3.googleusercontent.com/gps-cs-s/AHRPTWnvAa8KTVqZ0_n55irRTsoUJUsVYxFCARz-LZaFuabISYeEqKaxUaf_kxoUOogzhUYuhy-lJ_ryGlodDTE1YIJQFc_cv3Nh-MUck7pJSm17YCESFi9jAHotDFXvegKNFqlCusyd=w397-h298-k-no,https://lh3.googleusercontent.com/gps-cs-s/AHRPTWkYgjJZRoeei7LVz78IcKCcvzfLp8uSB7fg9F07F9d-k37PGOvfpyF0gEtDoMe6QVblh7lu-7yZz4Z3nsJLqvufIaTGfLYSiRE7inhPWrAU-mIIjqjVSMT_Vr9KP118ZVbol6YB=w224-h317-k-no,https://lh3.googleusercontent.com/a-/ALV-UjXhBxzT_U6hBepIcEk3YgzNOW9PO5t3l3x1ENACECvkU43oMQc=w36-h36-p-rp-mo-br100,https://lh3.googleusercontent.com/a-/ALV-UjWP6H4gLQqOOJvXfp6AgyIvHIQdEvleO-W6DeMLDqn4_tfBM6XEMQ=w36-h36-p-rp-mo-ba12-br100,https://lh3.googleusercontent.com/a-/ALV-UjULvNGBqEsf2lOdz6y8clyUebOY4IfRDT-4lZxCpAp1hLcgyu6x=w36-h36-p-rp-mo-br100,https://lh3.googleusercontent.com/gps-cs-s/AHRPTWm_clrS3j_hWPLxifFe8IYOp4nyr0GGBJJzWO1kA8nt2HKY9BaG6spnxOuPbCfLbuNpJZOp4jJP-7P1I-l1Xf_xcJK3EjMnZUyoWJaDAcOpHtjPib0ZPwhXGMUFSKqL6YoZR4DMag=w156-h114-p-k-no,https://lh3.googleusercontent.com/gps-cs-s/AHRPTWlqXpujXgYV04kogQN1Bl4K8i3gnuCXclUKuocQjpNdNRSbm_JIncxnTNMoNt3oIIXsZUZBlaQMiRZhKa0BoZk6-Zh1JyVVf1oMa-_tPuE6a_JZa5J-DN-5r959cC_hAgz2X2isYg=w156-h114-p-k-no",36.8563382,10.2074387,Not Available,Not Available,Not Available,Not Available,Not Available,Not Available,Not Available
1Spatial Tunisia Software Services,https://www.google.com/maps/place/1Spatial+Tunisia+Software+Services/data=!4m7!3m6!1s0x12fd351230c20e23:0xd45e15e3de3ee532!8m2!3d36.8503948!4d10.1977562!16s%2Fg%2F11p6rtfv9p!19sChIJIw7CMBI1_RIRMuU-3uMVXtQ?authuser=0&hl=en&rclk=1,https://lh3.googleusercontent.com/a-/ALV-UjViCAMTsBf3ERrsgGrsWdIOXSA8tDbRm1OqqYohZsDTeajB1rM=w36-h36-p-rp-mo-br100,5.0,Not Available,Research and product development,"Immeuble LLOYD appart 2a, Ariana 1003","Monday, 8:30 AM to 5:30 PM,Thursday, 8:30 AM to 5:30 PM,Friday, 8:30 AM to 5:30 PM,Saturday, Closed,Sunday, Closed",Not Available,Not Available,Not Available,"https://lh3.googleusercontent.com/a-/ALV-UjViCAMTsBf3ERrsgGrsWdIOXSA8tDbRm1OqqYohZsDTeajB1rM=w36-h36-p-rp-mo-br100,https://lh3.googleusercontent.com/a/ACg8ocK2RMgwHpcVEDKyI-7zti9cTLr9dvaIiV0MLpJfmlhqkENAaA=w36-h36-p-rp-mo-br100,https://lh3.googleusercontent.com/gps-cs-s/AHRPTWnsnTuDtDhWD5AJUpoAvsKrmxJ-kn2oeh_DEQ2Ic9yckH1QX4bU1dtPY4HZK97jYtqoqVEO4MAf12Ft1hgagOfA_KN2GuI1qMQLqem-XCP7Y1ifFFOWTsT3rywiSG44JuLNA6CoFQ=w156-h114-p-k-no",36.8503948,10.1977562,Not Available,Not Available,Not Available,Not Available,Not Available,Not Available,Not Available
Software Solutions,https://www.google.com/maps/place/Software+Solutions/data=!4m7!3m6!1s0x12e2cd1eeaca1075:0xb95c3a1fb8014e5c!8m2!3d36.8878249!4d10.1652905!16s%2Fg%2F11rt_4hzdx!19sChIJdRDK6h7N4hIRXE4BuB86XLk?authuser=0&hl=en&rclk=1,https://streetviewpixels-pa.googleapis.com/v1/thumbnail?panoid=d4OReQ5U0s1l7MDeeLZMbA&cb_client=search.gws-prod.gps&w=408&h=240&yaw=210.26657&pitch=0&thumbfov=100,Not Available,Not Available,Software company,"Bureau 3, Appartement 4 Boulevard de la qualité de la Vie Riadh El Andalous, 2058","Monday, 8 AM to 5:30 PM,Thursday, 8 AM to 5:30 PM,Friday, 8 AM to 5:30 PM,Saturday, Closed,Sunday, Closed",Not Available,https://sinopesoft.com/,99 218 866,"https://streetviewpixels-pa.googleapis.com/v1/thumbnail?panoid=d4OReQ5U0s1l7MDeeLZMbA&cb_client=search.gws-prod.gps&w=86&h=86&yaw=210.26657&pitch=0&thumbfov=100,https://streetviewpixels-pa.googleapis.com/v1/thumbnail?panoid=d4OReQ5U0s1l7MDeeLZMbA&cb_client=search.gws-prod.gps&w=408&h=240&yaw=210.26657&pitch=0&thumbfov=100,https://streetviewpixels-pa.googleapis.com/v1/thumbnail?panoid=d4OReQ5U0s1l7MDeeLZMbA&cb_client=maps_sv.tactile.gps&w=224&h=298&yaw=210.26657&pitch=0&thumbfov=100,https://lh3.googleusercontent.com/gps-cs-s/AHRPTWkaOpLm03lM3kghwIBPGgX1mDaersVr87bHj1dHzJLnW5YBFB1i4gUaIrqTvzMud5wT1padBDOhbNZCACpS0PF6Fez7TIK2shTbLXaXmd6fau9WIjfzLYfM-rxcEfKZh45TNrcG=w156-h114-p-k-no,https://lh3.googleusercontent.com/gps-cs-s/AHRPTWnM95f3aSFlfgUzf6Ql1CFkiDVwX9v0vbXzrlKbZb046dnqF9HnMK_2Qob0PwztiWtRj2j9oLfC7QKvZ8CqEoswl2NIHflVe2XSRUEm2o6-ESTZ24RUE61xDqKihunZxQoiXnkLfT2dQtU=w156-h114-p-k-no,https://lh3.googleusercontent.com/gps-cs-s/AHRPTWncpREIlD1qF8D8Ge9f1rVHnO6VyjFCtCyAEdNd4MPWv2kvCOZvxq-O1PHQNU_ywkUvN4u83llylcx6EnLfnFF42eqcB8l89_VGADHkicUbEjQ-R7E1bKoV8GTsWCxq8VrBiKl6=w156-h114-p-k-no",36.8878249,10.1652905,Not Available,Not Available,Not Available,Not Available,Not Available,Not Available,Not Available
C.A.T - Cloud Antivirus Technologies - Avast Tunisie,https://www.google.com/maps/place/C.A.T+-+Cloud+Antivirus+Technologies+-+Avast+Tunisie/data=!4m7!3m6!1s0x12fd3351ad00609d:0x811490ecf3a60f3c!8m2!3d36.8536653!4d10.1622505!16s%2Fg%2F1jkw35bkk!19sChIJnWAArVEz_RIRPA-m8-yQFIE?authuser=0&hl=en&rclk=1,https://lh3.googleusercontent.com/gps-cs-s/AHRPTWm3qtUCPtpYenjSCchHLzvUGO5U8p4pg_-lwwDu3v1f7FsMdrAhC72HW73Xrwz_Y_bZ0KTz4Hi26bpKCZMSw2gsl-KQQ6LD2o6Tzz91dvYqIoi66ucmIiubLVvA3imKqqG4OihvbA=w408-h251-k-no,5.0,Not Available,Computer software store,"Bloc G N°7, Cité Erriadh, 7 Rue Abderrazek Chraibi, Ariana 2037","Monday, 7 AM to 7 PM,Thursday, 7 AM to 7 PM,Friday, 7 AM to 7 PM,Saturday, 7 AM to 7 PM,Sunday, 7 AM to 7 PM",Not Available,https://www.avast-tn.com/,21 590 600,"https://lh3.googleusercontent.com/gps-cs-s/AHRPTWm3qtUCPtpYenjSCchHLzvUGO5U8p4pg_-lwwDu3v1f7FsMdrAhC72HW73Xrwz_Y_bZ0KTz4Hi26bpKCZMSw2gsl-KQQ6LD2o6Tzz91dvYqIoi66ucmIiubLVvA3imKqqG4OihvbA=w32-h32-p-k-no,https://lh3.googleusercontent.com/gps-cs-s/AHRPTWm3qtUCPtpYenjSCchHLzvUGO5U8p4pg_-lwwDu3v1f7FsMdrAhC72HW73Xrwz_Y_bZ0KTz4Hi26bpKCZMSw2gsl-KQQ6LD2o6Tzz91dvYqIoi66ucmIiubLVvA3imKqqG4OihvbA=w408-h251-k-no,https://lh3.googleusercontent.com/gps-cs-s/AHRPTWm3qtUCPtpYenjSCchHLzvUGO5U8p4pg_-lwwDu3v1f7FsMdrAhC72HW73Xrwz_Y_bZ0KTz4Hi26bpKCZMSw2gsl-KQQ6LD2o6Tzz91dvYqIoi66ucmIiubLVvA3imKqqG4OihvbA=w483-h298-k-no,https://lh3.googleusercontent.com/gps-cs-s/AHRPTWlzAmgNdEu_QsGQjuN027Bg0hKWYbxjYemx2O_j3szx2a-j4rvLWCwX_mI8ZIGzWwWe1IU8Z9tHcapT5LlTvsdmIU57hAjsO3xRSyDt3UgZ_KOWQ5hzb9ZNY7aGXuGKe6jBdKLZ_f7NqOie=w323-h298-k-no,https://lh3.googleusercontent.com/gps-cs-s/AHRPTWmSRhaO2uY2lGbq5BphIkAkIQQ4g-nbzBW_aH1w4uqALD848ExmAzHhbFSvOomCEZ26e8CLjUbjdBnl-fMxUDq8XIPg0-3xRe8tA2NpVyG5nU4A5IS-Okt9xamld1C_Mx4bhI_gKQ=w324-h298-k-no,https://lh3.googleusercontent.com/a-/ALV-UjVz81G0IjfLUTqvLR9t_bTRm4Cm0NYrxyRceaSo3xUioY9sCKK8=w36-h36-p-rp-mo-ba12-br100",36.8536653,10.1622505,Not Available,https://www.facebook.com/CAT.Avast.AVG.Tunisie/,Not Available,Not Available,Not Available,Not Available,"Accessibility,,Assistive hearing loop,,Wheelchair-accessible seating,,Wheelchair-accessible toilet,    Service options,,Online appointments,,Delivery,,In-store pick-up,,In-store shopping,,On-site services,    Amenities,,Wi-Fi,,Free Wi-Fi,    Payments,,Cash only,,Cheques,    Parking,,Free parking lot,,On-site parking"
RFC,https://www.google.com/maps/place/RFC/data=!4m7!3m6!1s0x12fd34bb1293abeb:0x9bba35cfe3f4f394!8m2!3d36.8450577!4d10.1835574!16s%2Fg%2F11cpg73cc1!19sChIJ66uTErs0_RIRlPP04881ups?authuser=0&hl=en&rclk=1,https://streetviewpixels-pa.googleapis.com/v1/thumbnail?panoid=S5gxck3La9icCngkpfHFKg&cb_client=search.gws-prod.gps&w=408&h=240&yaw=103.24744&pitch=0&thumbfov=100,4.6,Not Available,Software company,"R5WM+2CF, Tunis","Monday, 8 AM to 12:30 PM, 2 to 6 PM,Thursday, 8 AM to 12:30 PM, 2 to 6 PM,Friday, 8 AM to 12:30 PM, 2 to 6 PM,Saturday, Closed,Sunday, Closed",Not Available,Not Available,36 060 606,"https://streetviewpixels-pa.googleapis.com/v1/thumbnail?panoid=S5gxck3La9icCngkpfHFKg&cb_client=search.gws-prod.gps&w=86&h=86&yaw=103.24744&pitch=0&thumbfov=100,https://streetviewpixels-pa.googleapis.com/v1/thumbnail?panoid=S5gxck3La9icCngkpfHFKg&cb_client=search.gws-prod.gps&w=408&h=240&yaw=103.24744&pitch=0&thumbfov=100,https://streetviewpixels-pa.googleapis.com/v1/thumbnail?panoid=S5gxck3La9icCngkpfHFKg&cb_client=maps_sv.tactile.gps&w=224&h=298&yaw=103.24744&pitch=0&thumbfov=100,https://lh3.googleusercontent.com/a-/ALV-UjXJFcFa7zdfvKbpPSWLIDfZTvvnLTN742pTXS6tG7Le-mK8pPbO=w36-h36-p-rp-mo-br100,https://lh3.googleusercontent.com/a-/ALV-UjWBg-2fdfptbOocOnMaNXK8dIuY4iXmQsSn2DYQwRujcgR2FoZyVQ=w36-h36-p-rp-mo-br100,https://lh3.googleusercontent.com/a-/ALV-UjWgLJOb5Y9dcGyEMjV57-zC9RkDOs9ApazRvq-zcxsFZH02zUfcIg=w36-h36-p-rp-mo-ba12-br100,https://lh3.googleusercontent.com/gps-cs-s/AHRPTWnWC4z2J4N3armhvCMe886Wr0yeitVnaFbv3JRZWRZ4PvRweKDw20mMu9EZs_XEYKr8ug4QqdAauWIbwQrg0m9V4qnuTvxLFA26EX5hPgew2IXT7XQNoPhzVG8vPNMud1s-Jbog0WUoTNrN=w156-h114-p-k-no,https://lh3.googleusercontent.com/gps-cs-s/AHRPTWmRlHgzk027zSrUPnS8ulURyK6a_DY7YIxsgkqvuSHK7rFhPWlLsKgdad9WNgHqsN65USY0VwdGe7EAOGrBmogsBJO0bI3_U40x2gOyZnzUyJz0783yCPURxUz5Xo9pMLTk2odvIQ=w156-h114-p-k-no",36.8450577,10.1835574,Not Available,Not Available,Not Available,Not Available,Not Available,Not Available,Not Available
Wadits,https://www.google.com/maps/place/Wadits/data=!4m7!3m6!1s0x12e2cd9b9d296d59:0x4ec0dc8a5c617759!8m2!3d36.8665729!4d10.1647412!16s%2Fg%2F11qpwn68rs!19sChIJWW0pnZvN4hIRWXdhXIrcwE4?authuser=0&hl=en&rclk=1,https://lh3.googleusercontent.com/a-/ALV-UjV_92WIizN2iwHcIl_1qgWGgxnb6dbA3QMecPwnI384Hd-AUIM=w36-h36-p-rp-mo-br100,4.0,Not Available,Software company,"Avenue 18 janvier Ariana Center escalier C bureau C 408 Ariana, 2080","Monday, 10 AM to 6 PM,Thursday, 10 AM to 6 PM,Friday, 10 AM to 6 PM,Saturday, 10 AM to 6 PM,Sunday, 10 AM to 6 PM",Not Available,Not Available,54 910 136,"https://lh3.googleusercontent.com/a-/ALV-UjV_92WIizN2iwHcIl_1qgWGgxnb6dbA3QMecPwnI384Hd-AUIM=w36-h36-p-rp-mo-br100,https://lh3.googleusercontent.com/gps-cs-s/AHRPTWmXl6s1TTebETp9KmlT4npLm-itGXpM_kK7JdyyeiZxfB01U6Rkp2AdtJVPqFlt5kTVh8bk0s5kMh_h6g3OoyGD2Ua_Al9qB5sBZqsSVJ9IZSLS8xIZFjAfXkKVS-PgPsRD9pIlJw=w156-h114-p-k-no",36.8665729,10.1647412,Not Available,Not Available,Not Available,Not Available,Not Available,Not Available,Not Available
INTERACT,https://www.google.com/maps/place/INTERACT/data=!4m7!3m6!1s0x12fd334e9c123619:0x7d47ecbba450292!8m2!3d36.856411!4d10.155341!16s%2Fg%2F1tftn9hk!19sChIJGTYSnE4z_RIRkgJFust-1Ac?authuser=0&hl=en&rclk=1,https://streetviewpixels-pa.googleapis.com/v1/thumbnail?panoid=l3SxU8fDotvvdaPCPAUXHA&cb_client=search.gws-prod.gps&w=408&h=240&yaw=16.233541&pitch=0&thumbfov=100,5.0,Not Available,Software company,"Avenue Hedi Nouira - Ennasr 2, Résidence Yousr, Ariana 2037","Monday, 9 AM to 6 PM,Thursday, 9 AM to 6 PM,Friday, 9 AM to 5 PM,Saturday, 9 AM to 12 PM,Sunday, Closed",Not Available,http://www.interact.tn/,70 814 614,"https://streetviewpixels-pa.googleapis.com/v1/thumbnail?panoid=l3SxU8fDotvvdaPCPAUXHA&cb_client=search.gws-prod.gps&w=86&h=86&yaw=16.233541&pitch=0&thumbfov=100,https://streetviewpixels-pa.googleapis.com/v1/thumbnail?panoid=l3SxU8fDotvvdaPCPAUXHA&cb_client=search.gws-prod.gps&w=408&h=240&yaw=16.233541&pitch=0&thumbfov=100,https://streetviewpixels-pa.googleapis.com/v1/thumbnail?panoid=l3SxU8fDotvvdaPCPAUXHA&cb_client=maps_sv.tactile.gps&w=224&h=298&yaw=16.233541&pitch=0&thumbfov=100,https://lh3.googleusercontent.com/gps-cs-s/AHRPTWk_OAVvmp2HyDOYhaSDMIZ2ZeDNynqvGFngi0xs-whZvwllAFcnzweFHbZVBW5b6qxhRruPI2vrDWLKqC-9a64NBoL81Srf9Hs4qy-JBvsb7Vu_I048ZrDC0_RF3vTk6_LeISnb=w397-h298-k-no,https://lh3.googleusercontent.com/a-/ALV-UjWgGmuBdyEbHpTDnJZnC_gZypWZqpO0N1myXAp0tyPdmLHayz0o=w36-h36-p-rp-mo-br100,https://lh3.googleusercontent.com/gps-cs-s/AHRPTWlxWhhuureyxOG-axVyDNRPvBHqYY6sCAgIts0O5UK7z5WAmcTfF4FV_dr6tm28uWQ6nVnuiB6K7CccId-vdV1LWNB-OvFizN4bNEmqVLqT1ZVpVUndPXb1Z43wtJ3aV3nZJyncEQ=w156-h114-p-k-no,https://lh3.googleusercontent.com/gps-cs-s/AHRPTWlDodeJ3yInJPH-mLA2_XeVYZfLbdXZb8I3rAhyaGjmX3jp8hrqjCEfRkDEcgeLEYRaAV2ARR3OVKoK7Cos3B3IZFnQF3etweZPwGLx1oKx__VIMZU49GfKVT1hewq5w5iqNjVgkw=w156-h114-p-k-no",36.856411,10.155341,contact@interact.tn,https://www.facebook.com/interact.tn/,Not Available,Not Available,https://www.youtube.com/@agenceinteract,https://www.linkedin.com/company/interact-sarl/,Not Available
Carthage BusinessWare,https://www.google.com/maps/place/Carthage+BusinessWare/data=!4m7!3m6!1s0x12fd3354f2a2e1af:0x7f5df4d42afcbf8c!8m2!3d36.8590791!4d10.166208!16s%2Fg%2F11b6jgsh_s!19sChIJr-Gi8lQz_RIRjL_8KtT0XX8?authuser=0&hl=en&rclk=1,https://streetviewpixels-pa.googleapis.com/v1/thumbnail?panoid=ouZ1OFFut0xlvGvsmq06zg&cb_client=search.gws-prod.gps&w=408&h=240&yaw=196.12193&pitch=0&thumbfov=100,4.7,Not Available,Software company,"V558+JFP, Ariana","Monday, 8 AM to 5 PM,Thursday, 8 AM to 5 PM,Friday, 8 AM to 5 PM,Saturday, Closed,Sunday, Closed",Not Available,https://sinopesoft.com/,70 820 137,"https://streetviewpixels-pa.googleapis.com/v1/thumbnail?panoid=ouZ1OFFut0xlvGvsmq06zg&cb_client=search.gws-prod.gps&w=86&h=86&yaw=196.12193&pitch=0&thumbfov=100,https://streetviewpixels-pa.googleapis.com/v1/thumbnail?panoid=ouZ1OFFut0xlvGvsmq06zg&cb_client=search.gws-prod.gps&w=408&h=240&yaw=196.12193&pitch=0&thumbfov=100,https://streetviewpixels-pa.googleapis.com/v1/thumbnail?panoid=ouZ1OFFut0xlvGvsmq06zg&cb_client=maps_sv.tactile.gps&w=224&h=298&yaw=196.12193&pitch=0&thumbfov=100,https://lh3.googleusercontent.com/a/ACg8ocLcEPV-qtb-GQXOcxj3sfOPSHFHXXI5qA1trwPQY6Rx8z78Ug=w36-h36-p-rp-mo-ba12-br100,https://lh3.googleusercontent.com/a-/ALV-UjXYW0rNsjjDmL3-5XLxSydUUTCUgHttkihh3y2axHofQNZ5WPIYZw=w36-h36-p-rp-mo-ba12-br100,https://lh3.googleusercontent.com/a-/ALV-UjX92mA_kvTGYJGsRbxgDkjZXKdga-IY5dkJaQP-9IOXu5LVOXmx=w36-h36-p-rp-mo-br100",36.8590791,10.166208,Not Available,Not Available,Not Available,Not Available,Not Available,Not Available,Not Available
SAFOZI - Rock Solid Cloud Infrastructure,https://www.google.com/maps/place/SAFOZI+-+Rock+Solid+Cloud+Infrastructure/data=!4m7!3m6!1s0x12fd334e7b26ca8b:0xc4d5d1c03e9e394!8m2!3d36.8558912!4d10.1568318!16s%2Fg%2F11fz0d2x97!19sChIJi8ome04z_RIRlOPpAxxdTQw?authuser=0&hl=en&rclk=1,https://streetviewpixels-pa.googleapis.com/v1/thumbnail?panoid=CsnhMtwTOSIXe3e8ZzZIXw&cb_client=search.gws-prod.gps&w=408&h=240&yaw=180.1223&pitch=0&thumbfov=100,4.9,Not Available,Web hosting company,"Av. Hédi Nouira, Résidence MAYA D6, ENNASR II, Ariana 2037","Monday, 9 AM to 6 PM,Thursday, 9 AM to 6 PM,Friday, 9 AM to 6 PM,Saturday, 9 AM to 6 PM,Sunday, Closed",Not Available,https://www.safozi.com/,70 036 675,"https://streetviewpixels-pa.googleapis.com/v1/thumbnail?panoid=CsnhMtwTOSIXe3e8ZzZIXw&cb_client=search.gws-prod.gps&w=86&h=86&yaw=180.1223&pitch=0&thumbfov=100,https://streetviewpixels-pa.googleapis.com/v1/thumbnail?panoid=CsnhMtwTOSIXe3e8ZzZIXw&cb_client=search.gws-prod.gps&w=408&h=240&yaw=180.1223&pitch=0&thumbfov=100,https://streetviewpixels-pa.googleapis.com/v1/thumbnail?panoid=CsnhMtwTOSIXe3e8ZzZIXw&cb_client=maps_sv.tactile.gps&w=224&h=298&yaw=180.1223&pitch=0&thumbfov=100,https://lh3.googleusercontent.com/gps-cs-s/AHRPTWlUStEIW1YiJg7FHuJLabOKJdTd3HwDgpdCrDHyvyPsUcN3DhrQoi0T2xttUCPWx-vS_eDxpxdD5ShsatRb3iQX50EIxaVIw97EEFhL33OZVXd6Ae1DLRl3V3fa4ZYj-jacmi4T_A=w528-h298-k-no,https://lh3.googleusercontent.com/gps-cs-s/AHRPTWmiBH06REn1SfkRyC1mNKczDCC1347JDxSUD3vYBjvZ2kuMmu0NeMxPzv6l4DhdHdI4zQgXyOYzagyVwPirXhEYkxtuyaOW9kFsBXgRCRjXrFRzcltS-ZvyRtcm42uYXC6ZG1Dh=w529-h298-k-no,https://lh3.googleusercontent.com/a-/ALV-UjVYzroPj_dB24mvAB1elC7WJSFC2qzyFBtxb2kO-AyeGUVjNY2H=w36-h36-p-rp-mo-br100,https://lh3.googleusercontent.com/a-/ALV-UjXhovc3Qs5XkTK46RpEytIp_LmjwGTW-lVa1orVjGO_MMIQ1K6V=w36-h36-p-rp-mo-br100,https://lh3.googleusercontent.com/a-/ALV-UjUlZe18pDgKvKVxuyXICkui0XL2eoHVykzMnUJvcM7-vTKGRxeoOA=w36-h36-p-rp-mo-br100,https://lh3.googleusercontent.com/gps-cs-s/AHRPTWmQre5l5viNqAptZ7x24accqnGldU0MwpDHAzQH5FOjzYklJ9vAWanQzh9tQ_9lohGYa7kW-Vtv9HcT3RhniFzg4AQeGUEH117mePfAJX6LSRdSFl9Zz2WX-kCIvGhRzwPoIeD6=w156-h114-p-k-no,https://lh3.googleusercontent.com/gps-cs-s/AHRPTWm_q3IybSGTEitWvTotXjqrQDz7wDZHMa5Ul8JouZxn75BXDvbTFf-Es7ZyTuTapr-SRn63I3MEFc1gCcbvdQntnVCmhraKQqOoafQTaJiB8U4p9VnFLahaLj1A-hsHcgp3s5sZ=w156-h114-p-k-no,https://lh3.googleusercontent.com/gps-cs-s/AHRPTWnv7IqhE9eyp3BbCxagqs0tHst7Jx6UD6MPX50c_9EgWhkxtKtH7e3QTLBYYiHKAa_BC7Y_4-I2NeV4Hl2novII01tMBtQ_NwG9pxpbdlV7KGkjD7l9Bl_V7uJhmEXvc6tcovs=w156-h114-p-k-no",36.8558912,10.1568318,Support@safozi.com,https://www.facebook.com/SAFOZIistheCloud/,Not Available,Not Available,Not Available,https://www.linkedin.com/company/safoziisthecloud/posts/?feedView=all,Not Available
MAZMA Technologies,https://www.google.com/maps/place/MAZMA+Technologies/data=!4m7!3m6!1s0x12fd3510cb91e1b9:0xd67f38bfa81b8624!8m2!3d36.8515598!4d10.1980361!16s%2Fg%2F11rvc67b0b!19sChIJueGRyxA1_RIRJIYbqL84f9Y?authuser=0&hl=en&rclk=1,https://lh3.googleusercontent.com/a/ACg8ocIi1yAp9IIRqnRZ5_ebLiNV1hoxE49Xv_Z5g3wZl070gHv5MQ=w36-h36-p-rp-mo-br100,5.0,Not Available,Software company,"Immeuble Tunis-Carthage, Rue Errihanne, Bloc A, 4e Et, A19, Ariana",Not Available,Not Available,http://mazma.fr/,22 970 241,"https://lh3.googleusercontent.com/a/ACg8ocIi1yAp9IIRqnRZ5_ebLiNV1hoxE49Xv_Z5g3wZl070gHv5MQ=w36-h36-p-rp-mo-br100,https://lh3.googleusercontent.com/gps-cs-s/AHRPTWnMS1FGOg3X8WEEPTmguSH-2rn0-MAj4A7UOqjzWwFUXYg1eCHnFk15AvcWSkPHNiJU-Y8AFWTbRhcaanlNJcZQBLulioAdHHmNDp0WbxhnlA11EpF6S_R76n1BJsZMbkHr78pdvQ=w156-h114-p-k-no,https://lh3.googleusercontent.com/gps-cs-s/AHRPTWn3zG7SAK6od_sS8dF8myBi8rg486ySlOc7oDh3jsdRyc1qwoha943zEC33oDAY-iGEWt3JElssyRImhVQ3qX5Sldr4gPIko-tAdmzjCR0I_hwQbekySWMfWnJwxjscT7NHmPk=w156-h114-p-k-no",36.8515598,10.1980361,Not Available,Not Available,Not Available,Not Available,Not Available,Not Available,Not Available
Linckia Tunisie,https://www.google.com/maps/place/Linckia+Tunisie/data=!4m7!3m6!1s0x12fd34b3fd2b4127:0x3fe9d281ac8a203f!8m2!3d36.854966!4d10.187287!16s%2Fg%2F113fs34m0!19sChIJJ0Er_bM0_RIRPyCKrIHS6T8?authuser=0&hl=en&rclk=1,https://streetviewpixels-pa.googleapis.com/v1/thumbnail?panoid=ECKcMTb0wvAsprXN0bdMbQ&cb_client=search.gws-prod.gps&w=408&h=240&yaw=117.71396&pitch=0&thumbfov=100,Not Available,Not Available,Software company,"B16, Immeuble SALAMA، 84 Av Habib Bourguiba 2éme étage, Ariana 2084","Monday, 8 AM to 6 PM,Thursday, 8 AM to 6 PM,Friday, 8 AM to 6 PM,Saturday, Closed,Sunday, Closed",Not Available,http://www.linckia.tn/,20 735 553,"https://streetviewpixels-pa.googleapis.com/v1/thumbnail?panoid=ECKcMTb0wvAsprXN0bdMbQ&cb_client=search.gws-prod.gps&w=86&h=86&yaw=117.71396&pitch=0&thumbfov=100,https://streetviewpixels-pa.googleapis.com/v1/thumbnail?panoid=ECKcMTb0wvAsprXN0bdMbQ&cb_client=search.gws-prod.gps&w=408&h=240&yaw=117.71396&pitch=0&thumbfov=100,https://streetviewpixels-pa.googleapis.com/v1/thumbnail?panoid=ECKcMTb0wvAsprXN0bdMbQ&cb_client=maps_sv.tactile.gps&w=224&h=298&yaw=117.71396&pitch=0&thumbfov=100,https://lh3.googleusercontent.com/gps-cs-s/AHRPTWkZAxvpuT-e2C7cXXc94wanQMDJF_ojqVh_MjkdFoDdKYNn6UXPs7TCk-JMNk2q47AnOqjfbIgSkYCMVSN_41AZjtnsp_8TQjG4chNRGere3Fvpo6kMezzOYMZKDIYeBQXeOe1RZA=w298-h298-k-no,https://lh3.googleusercontent.com/gps-cs-s/AHRPTWnoxDN6CbFcFMiluvQ_rbVcCpImcTaWMZWPAGMH0asu06mx4D59plDw4spxkNPZc6emUGWK7CUtdeT_kNDIMjd7LDCP5_DjXpyF7hCxQqAMob3Byz-gHKtqWdU1nkeT1wC8wy4=w156-h114-p-k-no",36.854966,10.187287,contact@linckia.tn,Not Available,Not Available,Not Available,Not Available,Not Available,Not Available
Dune Technology,https://www.google.com/maps/place/Dune+Technology/data=!4m7!3m6!1s0x12fd35c1c6fce9b9:0x5c5c62393592cb3!8m2!3d36.8945322!4d10.185509!16s%2Fg%2F11y30ny3jq!19sChIJuen8xsE1_RIRsyxZkyPGxQU?authuser=0&hl=en&rclk=1,https://lh3.googleusercontent.com/gps-cs-s/AHRPTWmuHtFjbAZjOyaJuTJfjxf7G2rCm2b9TS3KKS5jafvxbTcOn4ryX96F0ZSJmXH59jDduX_jhFiCBuiQ1ptR_TkMe7RzHabEwTbqAYAEy6gM9EUFfOyWhSmkSqhaRoN394cI5gzV=w408-h367-k-no,5.0,Not Available,Software company,"Block C, Building I2 2nd Floor, Technological Park, Ariana 2083","Monday, 9 AM to 6 PM,Thursday, 9 AM to 6 PM,Friday, 9 AM to 6 PM,Saturday, Closed,Sunday, Closed",Not Available,https://www.dunetech.co.uk/,Not Available,"https://lh3.googleusercontent.com/gps-cs-s/AHRPTWmuHtFjbAZjOyaJuTJfjxf7G2rCm2b9TS3KKS5jafvxbTcOn4ryX96F0ZSJmXH59jDduX_jhFiCBuiQ1ptR_TkMe7RzHabEwTbqAYAEy6gM9EUFfOyWhSmkSqhaRoN394cI5gzV=w32-h32-p-k-no,https://lh3.googleusercontent.com/gps-cs-s/AHRPTWmuHtFjbAZjOyaJuTJfjxf7G2rCm2b9TS3KKS5jafvxbTcOn4ryX96F0ZSJmXH59jDduX_jhFiCBuiQ1ptR_TkMe7RzHabEwTbqAYAEy6gM9EUFfOyWhSmkSqhaRoN394cI5gzV=w408-h367-k-no,https://lh3.googleusercontent.com/gps-cs-s/AHRPTWmuHtFjbAZjOyaJuTJfjxf7G2rCm2b9TS3KKS5jafvxbTcOn4ryX96F0ZSJmXH59jDduX_jhFiCBuiQ1ptR_TkMe7RzHabEwTbqAYAEy6gM9EUFfOyWhSmkSqhaRoN394cI5gzV=w330-h298-k-no,https://lh3.googleusercontent.com/gps-cs-s/AHRPTWkkWzOP8ip_HozvOZJJ_aeWEHNdOvwMqqMoaqONbBgOQOAEwYbLNsA1eWXVpVO3-cJE0jkTnyKsmaiJkrwG1JK_rs45LbrPF0RK6nQCTclFlhIBWlT5TGwWK8ca2Qt3yODbBXq3=w340-h298-k-no,https://lh3.googleusercontent.com/gps-cs-s/AHRPTWnvHh3LYcvDcDNKhvdUCeCF4B6dalEwPr9oQFwAQkbG49FeoczDDciT_-dxKzhSnXRXCcxA33o4gA8QCLCMiExjww0sg32CwRPynMg3wOzwb-8AWVHkNQ8DrkZyNqGlktqsZ-sT=w399-h298-k-no,https://lh3.googleusercontent.com/a-/ALV-UjVf34m5PF6NLJj_8Vd8SP8Qb5ocGoucb5Y-kndQbsDmMXDvD92iVw=w36-h36-p-rp-mo-br100,https://lh3.googleusercontent.com/gps-cs-s/AHRPTWm_q3IybSGTEitWvTotXjqrQDz7wDZHMa5Ul8JouZxn75BXDvbTFf-Es7ZyTuTapr-SRn63I3MEFc1gCcbvdQntnVCmhraKQqOoafQTaJiB8U4p9VnFLahaLj1A-hsHcgp3s5sZ=w156-h114-p-k-no,https://lh3.googleusercontent.com/gps-cs-s/AHRPTWlIojjekL0drrmhEO5yAVu7DEfT__dZQH3UliSgL_zocNGA6bLp2lnvMhn-zn1gqeNC-fjYEtk3qLHk2gkmoqNFLrGlOA9EwVGDSoYF5SpPGssthK2kjUiVTvjiUHkAo-Af6JM=w156-h114-p-k-no,https://lh3.googleusercontent.com/gps-cs-s/AHRPTWkEZ7c8IKoPadLDa_JTRM90kfkmXskM0nsirMeZ7kT49IjL3jDpAvxC7S0M8qrSB0uaOY3uvGyajgLEcZsKUY8NuwGPn8eXbTt205V1Ls70XzcP3eTwN1zSmcSkgqfmL5ssZDBGPnhlyixw=w156-h114-p-k-no",36.8945322,10.185509,hey@dunetech.co.uk,Not Available,Not Available,Not Available,Not Available,https://linkedin.com/company/dunetechnology,"Service options,,Online appointments,,On-site services"
NeoXam,https://www.google.com/maps/place/NeoXam/data=!4m7!3m6!1s0x12e2cb0b35e4ead5:0x33b934595f62b1d9!8m2!3d36.8969399!4d10.1922136!16s%2Fg%2F11c535w6md!19sChIJ1erkNQvL4hIR2bFiX1k0uTM?authuser=0&hl=en&rclk=1,https://lh3.googleusercontent.com/gps-cs-s/AHRPTWmLVqk3t0IifTa0Far-T-ehMqBXmu_-EVyS3uu5ANTTv5bf6sTb4wlJ34mG_sZ4sji-kgbLx_Z9mkxkbpzL_WmM64fRXe2e7fMB4QvzMSNGHEUce1HQ2XxeCcKvJL1HbCHYYuSdsA=w408-h353-k-no,4.3,Not Available,Software company,"Immeuble NIDA, Pôle Technologique El Ghazala, 2088, Ariana","Monday, 8 AM to 6 PM,Thursday, 8 AM to 6 PM,Friday, 8 AM to 6 PM,Saturday, Closed,Sunday, Closed",Not Available,http://www.neoxam.com/,71 116 300,"https://lh3.googleusercontent.com/gps-cs-s/AHRPTWmLVqk3t0IifTa0Far-T-ehMqBXmu_-EVyS3uu5ANTTv5bf6sTb4wlJ34mG_sZ4sji-kgbLx_Z9mkxkbpzL_WmM64fRXe2e7fMB4QvzMSNGHEUce1HQ2XxeCcKvJL1HbCHYYuSdsA=w32-h32-p-k-no,https://lh3.googleusercontent.com/gps-cs-s/AHRPTWmLVqk3t0IifTa0Far-T-ehMqBXmu_-EVyS3uu5ANTTv5bf6sTb4wlJ34mG_sZ4sji-kgbLx_Z9mkxkbpzL_WmM64fRXe2e7fMB4QvzMSNGHEUce1HQ2XxeCcKvJL1HbCHYYuSdsA=w408-h353-k-no,https://lh3.googleusercontent.com/gps-cs-s/AHRPTWl_srs2-X9KL4lswl4JvS3q59AeX8hiYCYuAnjuWsG6-QYTAZF4db9KfDNRfjSnkWGh89jbsQpS1P6GbEV_4mcI40-_jvXXulGeZO6QLivk6tB4b1Wd9MP_EI010Ibr-GLIU5QEgw=w360-h240-k-no,https://lh3.googleusercontent.com/a-/ALV-UjWDwtL9YcXpEroRlc9YsBtTpunE32jy8WSLZVCrS1qNo6rGYguH=w36-h36-p-rp-mo-ba12-br100,https://lh3.googleusercontent.com/a-/ALV-UjXFvPNbvzLaNMc3kmiom2NYFxSp6bzUfe-EHQ-wxufbktkPq45l=w36-h36-p-rp-mo-ba12-br100,https://lh3.googleusercontent.com/a/ACg8ocLokaa1BQ1BbxD0gNRAVF6oDYutt-vJ6ANxbt_e6LCkBpvl_A=w36-h36-p-rp-mo-br100,https://lh3.googleusercontent.com/gps-cs-s/AHRPTWllrxVXqPzY0UflW8-lJ8fgLfgGW2KmatEIw2lk0-8yUVzQuB0hmsUg_txE7d2R_f9AdQ6aSEslhnOSDpUOsyVaPsl4o9mnrxtHsiYYuFVcOHsYF1d9Dw3MQvg1AjcflTYP9TQa=w156-h114-p-k-no,https://lh3.googleusercontent.com/gps-cs-s/AHRPTWnfOcq3HG4qIqRT0LUlzrL0u_dREs305eKU1oJEgf9yaM63eyZZM-D12Cofd-AsgU8uDX02IAFtbL2IDp5HvZnxKDIRPuaeR8E8t-Bdxi3wJgHf_R2scGB-nzl-S5farTvIKs6b=w156-h114-p-k-no",36.8969399,10.1922136,neoxam-corporate-brochure@2x.jpg,https://www.facebook.com/neoxamsoftware/,https://www.twitter.com/neoxamsoftware,Not Available,https://www.youtube.com/channel/UCkXfTkZerN3TSlunbKQCgzg,https://www.linkedin.com/company/neoxam,"Accessibility,,Wheelchair-accessible entrance"
Cube 3d technology,https://www.google.com/maps/place/Cube+3d+technology/data=!4m7!3m6!1s0x12fd327294107e0f:0x5b4947387fd34b15!8m2!3d36.8574324!4d10.1455347!16s%2Fg%2F1hc45810x!19sChIJD34QlHIy_RIRFUvTfzhHSVs?authuser=0&hl=en&rclk=1,https://lh3.googleusercontent.com/gps-cs-s/AHRPTWkn3MUWR3MpJPEQyl3edFsXFdWgt4RhjTAwxLLuluU-a0IDC3ltezHslX2B95hyizjetp1F-kG61M4odvFwqEUect3kbEhg3geGNODyjFi4coXHFgeMnOzqimni0B8X2SLRZMohqA=w408-h365-k-no,5.0,Not Available,Software company,"36 Rue Rachid Ayachi, Ariana 2007","Monday, 9 AM to 5 PM,Thursday, 9 AM to 5 PM,Friday, 9 AM to 5 PM,Saturday, Closed,Sunday, Closed",Not Available,https://sinopesoft.com/,55 789 333,"https://lh3.googleusercontent.com/gps-cs-s/AHRPTWkn3MUWR3MpJPEQyl3edFsXFdWgt4RhjTAwxLLuluU-a0IDC3ltezHslX2B95hyizjetp1F-kG61M4odvFwqEUect3kbEhg3geGNODyjFi4coXHFgeMnOzqimni0B8X2SLRZMohqA=w32-h32-p-k-no,https://lh3.googleusercontent.com/gps-cs-s/AHRPTWkn3MUWR3MpJPEQyl3edFsXFdWgt4RhjTAwxLLuluU-a0IDC3ltezHslX2B95hyizjetp1F-kG61M4odvFwqEUect3kbEhg3geGNODyjFi4coXHFgeMnOzqimni0B8X2SLRZMohqA=w408-h365-k-no,https://lh3.googleusercontent.com/gps-cs-s/AHRPTWkn3MUWR3MpJPEQyl3edFsXFdWgt4RhjTAwxLLuluU-a0IDC3ltezHslX2B95hyizjetp1F-kG61M4odvFwqEUect3kbEhg3geGNODyjFi4coXHFgeMnOzqimni0B8X2SLRZMohqA=w333-h298-k-no,https://lh3.googleusercontent.com/a/ACg8ocKmJiLoklKBFHr2pnukhTB9WahuWN-TiQYXCB-x-SowZmeJ6A=w36-h36-p-rp-mo-br100,https://lh3.googleusercontent.com/a-/ALV-UjUDD0GdzcNxpRWZztSKRdSDcS9XltyTb153CPo8ZH91T8PcmGZ7=w36-h36-p-rp-mo-ba12-br100,https://lh3.googleusercontent.com/a/ACg8ocLIZVZYrBV9_6zCfIHiQLhjsgY6PLICMYXka3QO7dECAqlaaA=w36-h36-p-rp-mo-br100,https://lh3.googleusercontent.com/gps-cs-s/AHRPTWkEZ7c8IKoPadLDa_JTRM90kfkmXskM0nsirMeZ7kT49IjL3jDpAvxC7S0M8qrSB0uaOY3uvGyajgLEcZsKUY8NuwGPn8eXbTt205V1Ls70XzcP3eTwN1zSmcSkgqfmL5ssZDBGPnhlyixw=w156-h114-p-k-no",36.8574324,10.1455347,Not Available,Not Available,Not Available,Not Available,Not Available,Not Available,Not Available
IDEAL CONCEPTION,https://www.google.com/maps/place/IDEAL+CONCEPTION/data=!4m7!3m6!1s0x1302759cf7bcc283:0xf576a99f2ed443b1!8m2!3d35.8307126!4d10.6249865!16s%2Fg%2F1hc3jpgtx!19sChIJg8K895x1AhMRsUPULp-pdvU?authuser=0&hl=en&rclk=1,https://lh3.googleusercontent.com/gps-cs-s/AHRPTWkqqBkgAtUp6QHxT9k_tH2NwKuJJFEghDICpjz5RQpvNUXLUhCc4DqHpZ7xZERJM1EJIypSmpB0aIoalQA2eTu3DrgGUsw4IWIlGj6sjLUCqJse4hQ-ngyfCuJEzizwxNeX8C0u=w408-h272-k-no,4.9,Not Available,Software company,"près de Carrefour Market Jawhara، Boulevard 20 Mars Immeuble Aoun، N° 604 6ème étage, Sousse 4000","Monday, 8 AM to 1 PM, 2 to 5 PM,Thursday, 8 AM to 1 PM, 2 to 5 PM,Friday, 8 AM to 1 PM, 2 to 5 PM,Saturday, Closed,Sunday, Closed",Not Available,http://www.idealconception.com/,73 204 210,"https://lh3.googleusercontent.com/gps-cs-s/AHRPTWkqqBkgAtUp6QHxT9k_tH2NwKuJJFEghDICpjz5RQpvNUXLUhCc4DqHpZ7xZERJM1EJIypSmpB0aIoalQA2eTu3DrgGUsw4IWIlGj6sjLUCqJse4hQ-ngyfCuJEzizwxNeX8C0u=w32-h32-p-k-no,https://lh3.googleusercontent.com/gps-cs-s/AHRPTWkqqBkgAtUp6QHxT9k_tH2NwKuJJFEghDICpjz5RQpvNUXLUhCc4DqHpZ7xZERJM1EJIypSmpB0aIoalQA2eTu3DrgGUsw4IWIlGj6sjLUCqJse4hQ-ngyfCuJEzizwxNeX8C0u=w408-h272-k-no,https://lh3.googleusercontent.com/gps-cs-s/AHRPTWkqqBkgAtUp6QHxT9k_tH2NwKuJJFEghDICpjz5RQpvNUXLUhCc4DqHpZ7xZERJM1EJIypSmpB0aIoalQA2eTu3DrgGUsw4IWIlGj6sjLUCqJse4hQ-ngyfCuJEzizwxNeX8C0u=w446-h298-k-no,https://lh3.googleusercontent.com/gps-cs-s/AHRPTWkiQCtYV7aD1Rt6KfQGfa4p92MOxUzLYqa9lfAKHQyj-G4fjiIUQPpJYPaPgTdHkKy94zVfU8jxNlVkagyMExuLAfIzq0Y_ZBja0BsKG6YdNXi8q2tslxH1lyGiZFUZXVOnvfvSPg=w397-h298-k-no,https://lh3.googleusercontent.com/a/ACg8ocJI1413-GYp2dR4rZVgDb0mlXtVQ5Auetw4O-d7WxIr9yh4nw=w36-h36-p-rp-mo-br100,https://lh3.googleusercontent.com/a/ACg8ocLPXZUIcopWd_o85VlepD05iWrKFEx8b6YiJSxgG0OkgF6Unw=w36-h36-p-rp-mo-ba12-br100,https://lh3.googleusercontent.com/a-/ALV-UjV72YzdDiA9kayoV8Ec6l6KtVQcRUjKItqDAZKld8mg1-OrbWI=w36-h36-p-rp-mo-br100,https://lh3.googleusercontent.com/gps-cs-s/AHRPTWm_1Q2hKaLwqwA0SgM6PtZP8-3VjrdMDmBrZursnxeTc19QbiWtK3ycupI3sEZDg16afLZuxMLvAgQR7EGBq1c_WBGrYLPiDik1fl0nAeUhd99rfp3FjUjw6ZxLLo9yJdS0InB5=w156-h114-p-k-no,https://lh3.googleusercontent.com/gps-cs-s/AHRPTWmsYIN56Gmi81fuaA0e1p2-wNnGSNPgsibSEVCk1boqpT8fZm2MoPpY3m1sRm9M1WknZAfEzTEpyHZJhKu6zphQIdZyCL695nOyGIGLIIfK_Fx6MJylE-3f5x2ukDV3dQ2njEA4iON4cGfQ=w156-h114-p-k-no,https://lh3.googleusercontent.com/gps-cs-s/AHRPTWlzEbKOxqixiKETOm1Z4jlAGgiaBe61VzwT3BG9sjAUTVcNUy8C6rNLvTm-oLKMz0m2Kw12pbsAEXvyB26GZ25e_GlaIXJblz7iAGoxt-Hivt0rtXkqV4ML2p7FPj4QNHqxjRyX=w156-h114-p-k-no,https://lh3.googleusercontent.com/gps-cs-s/AHRPTWkQvCXiHg3FXaAgRmC3m35y0g3gaISgvmWAcSA43CthWynTX_r2MVEY6PK-48zUZML_R0C7JGFLqxmoK8C1LOm0AO_6qC4T_yPtSHsKFsKTGEX4vcdcagUx0Hu3kzmJCtIcZxM=w156-h114-p-k-no",35.8307126,10.6249865,contact@idealconception.com,https://www.facebook.com/idealconception,https://www.twitter.com/idealconception,Not Available,https://www.youtube.com/watch?v=C2lBjwt7Oa8,https://www.linkedin.com/company/idealconception,"Planning,,Appointment required"
Wizio Digital Services,https://www.google.com/maps/place/Wizio+Digital+Services/data=!4m7!3m6!1s0x12fd8b1fc24cd99f:0x601d0ac05514c807!8m2!3d35.809124!4d10.6223862!16s%2Fg%2F11yzd4kc6l!19sChIJn9lMwh-L_RIRB8gUVcAKHWA?authuser=0&hl=en&rclk=1,https://lh3.googleusercontent.com/gps-cs-s/AHRPTWndWOqjo0T_M8XH95oDCnUbe88osqvk24ppoQ1_YKKYOsMNm6ReAQem2DGWdTgqcmDWpbZBY2_hYv5umBl6IjbwPAp_ThLuiNhXLeWq1De_JOkpSuljmNVIyMyBZGY0ShE1--0mtIHOarOE=w426-h240-k-no,5.0,Not Available,Software company,"4000, route GP1, Sousse 4000","Monday, 8 AM to 6 PM,Thursday, 8 AM to 6 PM,Friday, 8 AM to 6 PM,Saturday, 8 AM to 6 PM,Sunday, Closed",Not Available,https://wizio.tn/,93 476 606,"https://lh3.googleusercontent.com/gps-cs-s/AHRPTWndWOqjo0T_M8XH95oDCnUbe88osqvk24ppoQ1_YKKYOsMNm6ReAQem2DGWdTgqcmDWpbZBY2_hYv5umBl6IjbwPAp_ThLuiNhXLeWq1De_JOkpSuljmNVIyMyBZGY0ShE1--0mtIHOarOE=w32-h32-p-k-no,https://lh3.googleusercontent.com/gps-cs-s/AHRPTWndWOqjo0T_M8XH95oDCnUbe88osqvk24ppoQ1_YKKYOsMNm6ReAQem2DGWdTgqcmDWpbZBY2_hYv5umBl6IjbwPAp_ThLuiNhXLeWq1De_JOkpSuljmNVIyMyBZGY0ShE1--0mtIHOarOE=w426-h240-k-no,https://lh3.googleusercontent.com/gps-cs-s/AHRPTWndWOqjo0T_M8XH95oDCnUbe88osqvk24ppoQ1_YKKYOsMNm6ReAQem2DGWdTgqcmDWpbZBY2_hYv5umBl6IjbwPAp_ThLuiNhXLeWq1De_JOkpSuljmNVIyMyBZGY0ShE1--0mtIHOarOE=w529-h298-k-no,https://lh3.googleusercontent.com/gps-cs-s/AHRPTWn3vqhM_-a_riYZptvKiFkwFl7yDvijpfupyzGPS6a7MVEkBEzT995vkzEw6nGSan38qviDHbbRWwo5XdU4cVcNbIMXiz3dU5ckXR0LvzR4tcdOeETwVdXXq5KNhpEl_x34LbQDb8li4Iok=w529-h298-k-no,https://streetviewpixels-pa.googleapis.com/v1/thumbnail?panoid=ekCAP97ihcl0VWkLU-JPOA&cb_client=maps_sv.tactile.gps&w=224&h=298&yaw=323.47964&pitch=0&thumbfov=100,https://lh3.googleusercontent.com/a/ACg8ocIWaMDWaVxA-PmCLosYlI-kIR-CwFRnwDAtLN4aJuLmeumXOQ=w36-h36-p-rp-mo-br100,https://lh3.googleusercontent.com/a-/ALV-UjUs-LGK21gdkIzT6thIKEwBWuie6p8_6g399LeNJ4AcrVsF_Zo=w36-h36-p-rp-mo-br100,https://lh3.googleusercontent.com/a/ACg8ocKN0O0l7lgcAGrYJ0U6P0GgYKbq0cUW2p1vUumJC3RIHAmSTe4=w36-h36-p-rp-mo-br100",35.809124,10.6223862,contact@wizio.tn,https://www.facebook.com/people/Wizio-DS/61584946963802/#,Not Available,Not Available,Not Available,https://www.linkedin.com/in/wizio-digital-services-b866093a9/,"Service options,,Online appointments,,On-site services"
Softylines DEV,https://www.google.com/maps/place/Softylines+DEV/data=!4m7!3m6!1s0x12fd8bfff8fb371b:0xe81ea12f58f64ed!8m2!3d35.8345229!4d10.6079317!16s%2Fg%2F11s85p4pcq!19sChIJGzf7-P-L_RIR7WSP9RLqgQ4?authuser=0&hl=en&rclk=1,https://lh3.googleusercontent.com/gps-cs-s/AHRPTWnwturmtUjcjyZq9t5rU5fturBdG_WoGSp32fsyw3FxnB7LAgpLpgw25ER9QGXYJ8_MasVF8F9lJvG9H0cUF3FlRF8Tu2z5g_TMx_ezcTBU4w8dfi136WRChpaoP1vLBqZ_qhE=w408-h408-k-no,4.6,Not Available,Software company,"Lot HC37, Sahloul 4, Sousse 4056","Monday, 8 AM to 5 PM,Thursday, 8 AM to 5 PM,Friday, 8 AM to 5 PM,Saturday, Closed,Sunday, Closed",Not Available,http://www.softylines.com/,20 133 133,"https://lh3.googleusercontent.com/gps-cs-s/AHRPTWnwturmtUjcjyZq9t5rU5fturBdG_WoGSp32fsyw3FxnB7LAgpLpgw25ER9QGXYJ8_MasVF8F9lJvG9H0cUF3FlRF8Tu2z5g_TMx_ezcTBU4w8dfi136WRChpaoP1vLBqZ_qhE=w32-h32-p-k-no,https://lh3.googleusercontent.com/gps-cs-s/AHRPTWnwturmtUjcjyZq9t5rU5fturBdG_WoGSp32fsyw3FxnB7LAgpLpgw25ER9QGXYJ8_MasVF8F9lJvG9H0cUF3FlRF8Tu2z5g_TMx_ezcTBU4w8dfi136WRChpaoP1vLBqZ_qhE=w408-h408-k-no,https://lh3.googleusercontent.com/gps-cs-s/AHRPTWnwturmtUjcjyZq9t5rU5fturBdG_WoGSp32fsyw3FxnB7LAgpLpgw25ER9QGXYJ8_MasVF8F9lJvG9H0cUF3FlRF8Tu2z5g_TMx_ezcTBU4w8dfi136WRChpaoP1vLBqZ_qhE=w298-h298-k-no,https://lh3.googleusercontent.com/a-/ALV-UjWzWniFoQDjv0dELm8JHEHxQr3jYoL60SmiSTrThjmoEawG0MS_=w36-h36-p-rp-mo-br100,https://lh3.googleusercontent.com/a-/ALV-UjXly_MvZ6JGuzGlNP52EhE4YefrRiSqW8lA-TNfpVFvw_tMH0PB=w36-h36-p-rp-mo-br100,https://lh3.googleusercontent.com/a/ACg8ocIo8HR3SRY_pjY7EURsYoUO0UCa_NJlTj9S9vQ9l1HdZto9uw=w36-h36-p-rp-mo-br100,https://lh3.googleusercontent.com/gps-cs-s/AHRPTWlcxvFNXHnWWy8CL1moxAj4YnlmGWcnRuIIoL3D1yGjmhoIE-Mp43VizEB274nQiUXXCL13fGMd1mKyrJYtOE5eFh9Q8H4QIU20gaobndcOpsaQHJMhavAtPkYpRnDs8EjWBWFt9g=w156-h114-p-k-no,https://lh3.googleusercontent.com/gps-cs-s/AHRPTWmyKn3yMHHOM9XI_qEIewtd00h8iEPRFq0qH10oU3yeyOr_XfgKxCGlrRWaJYpGYR_wRpJK3y_njkfps-3m6hZ-BE0mwCSJYWoQyrkmryz0WHez1sV6-hMQgzKALJTQUW7BHnub2w=w156-h114-p-k-no",35.8345229,10.6079317,ask@softylines.com,Not Available,Not Available,Not Available,Not Available,Not Available,Not Available
ITGate,https://www.google.com/maps/place/ITGate/data=!4m7!3m6!1s0x12fd8a697f6452e7:0xab7cbbb928a86ac4!8m2!3d35.8592373!4d10.6001848!16s%2Fg%2F11c46dyfs7!19sChIJ51Jkf2mK_RIRxGqoKLm7fKs?authuser=0&hl=en&rclk=1,https://lh3.googleusercontent.com/gps-cs-s/AHRPTWmHxVp0hiUZl3R7AJ1dW-QOtAZe2BNUdtni-2qpe9LeD3dyll668C9vAH0Aw8AY2UJ7zIuV3fYb51W0Z9JtiU8ZCTrAM1GmrlJEqWXHBo7pGwu3sRvv3zlsgbWs0Ek59DZAKyob=w408-h408-k-no,4.3,Not Available,Software company,"2éme étage B1، Résidence El Hamd, Rue d'Algérie, Sousse 4011","Monday, 8 AM to 6 PM,Thursday, 8 AM to 6 PM,Friday, 8 AM to 6 PM,Saturday, 9 AM to 1 PM,Sunday, Closed",Not Available,https://itgate-group.com/,73 325 001,"https://lh3.googleusercontent.com/gps-cs-s/AHRPTWmHxVp0hiUZl3R7AJ1dW-QOtAZe2BNUdtni-2qpe9LeD3dyll668C9vAH0Aw8AY2UJ7zIuV3fYb51W0Z9JtiU8ZCTrAM1GmrlJEqWXHBo7pGwu3sRvv3zlsgbWs0Ek59DZAKyob=w32-h32-p-k-no,https://lh3.googleusercontent.com/gps-cs-s/AHRPTWmHxVp0hiUZl3R7AJ1dW-QOtAZe2BNUdtni-2qpe9LeD3dyll668C9vAH0Aw8AY2UJ7zIuV3fYb51W0Z9JtiU8ZCTrAM1GmrlJEqWXHBo7pGwu3sRvv3zlsgbWs0Ek59DZAKyob=w408-h408-k-no,https://lh3.googleusercontent.com/gps-cs-s/AHRPTWmHxVp0hiUZl3R7AJ1dW-QOtAZe2BNUdtni-2qpe9LeD3dyll668C9vAH0Aw8AY2UJ7zIuV3fYb51W0Z9JtiU8ZCTrAM1GmrlJEqWXHBo7pGwu3sRvv3zlsgbWs0Ek59DZAKyob=w298-h298-k-no,https://lh3.googleusercontent.com/gps-cs-s/AHRPTWm3673MtD493rwE4sX5rhSbVi3a1SrD8_VdVmbnBb7ViWFQZLj0_xhXxhoYBy2OTYDwJrR7nB60yQtLfD3-6Vzdi1UY-C87Jo6ZFx7wbCfLOQ4fO9Yp5klaKsOiQKoFJ-eoE_3u=w298-h298-k-no,https://streetviewpixels-pa.googleapis.com/v1/thumbnail?panoid=LDeZEOyd5sX_AJEy5hBIwA&cb_client=maps_sv.tactile.gps&w=224&h=298&yaw=112.50812&pitch=0&thumbfov=100,https://lh3.googleusercontent.com/a-/ALV-UjWnU8s4Q4REoVF3gzucCs4PIxfHxT3hNbFXBWq0NsEFKMwoQ5s=w36-h36-p-rp-mo-br100,https://lh3.googleusercontent.com/a-/ALV-UjUwaVRp8eZtHdGZbKLaDzrsftlBbSz6RWDyVQaETTrgpYZpZEk=w36-h36-p-rp-mo-br100,https://lh3.googleusercontent.com/a-/ALV-UjX_SEEwc-di1Wb62519UJ9f37e6IEQcmhbMX-A7fsED1o4PnZ8l=w36-h36-p-rp-mo-br100,https://lh3.googleusercontent.com/gps-cs-s/AHRPTWm_1Q2hKaLwqwA0SgM6PtZP8-3VjrdMDmBrZursnxeTc19QbiWtK3ycupI3sEZDg16afLZuxMLvAgQR7EGBq1c_WBGrYLPiDik1fl0nAeUhd99rfp3FjUjw6ZxLLo9yJdS0InB5=w156-h114-p-k-no,https://lh3.googleusercontent.com/gps-cs-s/AHRPTWkqqBkgAtUp6QHxT9k_tH2NwKuJJFEghDICpjz5RQpvNUXLUhCc4DqHpZ7xZERJM1EJIypSmpB0aIoalQA2eTu3DrgGUsw4IWIlGj6sjLUCqJse4hQ-ngyfCuJEzizwxNeX8C0u=w156-h114-p-k-no,https://lh3.googleusercontent.com/gps-cs-s/AHRPTWnno4UYGe2msskrY0IzOJvp8fnxURN_cM54Q2uyqQrXoKhzj3gRxgnVxOxHDMQiUy4rOkQAx4BRft33hiFa16N-JmroobtWJ_-g6TgeWY0fFiH4BGr9rATptgb2VS1ZZZtvVo58=w156-h114-p-k-no,https://lh3.googleusercontent.com/gps-cs-s/AHRPTWmKnkfZ9Kjkn0HmGjyoP7KLs7LHUO1yiEH-S_7uPvh2wHqNLcN0EYe38yhKsC_yWlCFmdhG42_a8vm-s_dCgP6I7cMXYGNg4limkCeNX37XUI_ebLrPdgu5yrdLJqYKWNA-k5XrlYi2GH4A=w156-h114-p-k-no",35.8592373,10.6001848,contact@itgate-group.com,https://www.facebook.com/itgate.group/,Not Available,https://www.instagram.com/itgate.group/,https://www.youtube.com/c/itgatetv/videos?app=desktop,https://tn.linkedin.com/company/itgategroup,"Accessibility,,Assistive hearing loop,,Wheelchair-accessible car park,,Wheelchair-accessible seating,,Wheelchair-accessible toilet,    Service options,,Online appointments,,On-site services,    Amenities,,Gender-neutral toilets,    Planning,,Appointment required,    Parking,,Free multi-storey car park,,Free of charge street parking,,Free parking lot,,On-site parking"
Smoft ERP,https://www.google.com/maps/place/Smoft+ERP/data=!4m7!3m6!1s0x12fd8b26640c9519:0xbe837373db223495!8m2!3d35.8166167!4d10.5955853!16s%2Fg%2F11l5jgybx1!19sChIJGZUMZCaL_RIRlTQi23Nzg74?authuser=0&hl=en&rclk=1,https://lh3.googleusercontent.com/gps-cs-s/AHRPTWnN28TSQmQFkNjWr59LGGDHzyl45h8jQm97DD7ZlKQLyRqQFYbJRELW1sJa6jtJEDx-RG5j9dfNogq7FKSj5qOCPOyOFT8KZP3gF2ByHmNeGMvAgMJz6SSz5hWcklGQ7rN2LyCJUbeSIGb2=w426-h240-k-no,5.0,Not Available,Software company,"Novation City Immeuble 15 000, bloc A, 2ᵉ étage, 4023","Monday, 8 AM to 6 PM,Thursday, 8 AM to 6 PM,Friday, 8 AM to 6 PM,Saturday, Closed,Sunday, Closed",Not Available,https://www.smoft.tn/,73 240 854,"https://lh3.googleusercontent.com/gps-cs-s/AHRPTWnN28TSQmQFkNjWr59LGGDHzyl45h8jQm97DD7ZlKQLyRqQFYbJRELW1sJa6jtJEDx-RG5j9dfNogq7FKSj5qOCPOyOFT8KZP3gF2ByHmNeGMvAgMJz6SSz5hWcklGQ7rN2LyCJUbeSIGb2=w32-h32-p-k-no,https://lh3.googleusercontent.com/gps-cs-s/AHRPTWnN28TSQmQFkNjWr59LGGDHzyl45h8jQm97DD7ZlKQLyRqQFYbJRELW1sJa6jtJEDx-RG5j9dfNogq7FKSj5qOCPOyOFT8KZP3gF2ByHmNeGMvAgMJz6SSz5hWcklGQ7rN2LyCJUbeSIGb2=w426-h240-k-no,https://lh3.googleusercontent.com/gps-cs-s/AHRPTWnN28TSQmQFkNjWr59LGGDHzyl45h8jQm97DD7ZlKQLyRqQFYbJRELW1sJa6jtJEDx-RG5j9dfNogq7FKSj5qOCPOyOFT8KZP3gF2ByHmNeGMvAgMJz6SSz5hWcklGQ7rN2LyCJUbeSIGb2=w529-h298-k-no,https://lh3.googleusercontent.com/gps-cs-s/AHRPTWnLU_SVQcBxOirwNe2wKaXAgCiUNer3zMj7nHs4SLB5jD7LbKsNkXqNGS5EYLAtipCcz5TcHBwVJyluII2jZIhWX3aZYKr2FIRJ6kK0mupP0ZMribxgdwx-D7GYgx7saWKqSJZNq-M-sVgk=w372-h298-k-no,https://lh3.googleusercontent.com/gps-cs-s/AHRPTWnXQIG08nrlV7WtE5RoycZPidMykpVHhLphNygGTfFfCoNw1tv25LaomAzr_Jg8VPZixJgI-zTD0wEPD8yhIPo7NJDdUo0PHqlUfuymixrb9V9lLtOFY-AgkId-OGK39DcKZBN-j1EE37M=w529-h298-k-no,https://lh3.googleusercontent.com/a/ACg8ocLY7jIP0fPvJDIcZSWaJqJw-j7PdeyKdGp5a8zjgZxQ4-7aaQ=w36-h36-p-rp-mo-br100,https://lh3.googleusercontent.com/a/ACg8ocLATHqUaBMsMpGNTBgKrB4RFWHr7oBc8V-3rfIn0yHaDmdu8A=w36-h36-p-rp-mo-br100,https://lh3.googleusercontent.com/a/ACg8ocL620NN9M2OMJkqKXVWFPtWv9Fo1POUtOTQpxOxEN7K7zp-Fw=w36-h36-p-rp-mo-br100,https://lh3.googleusercontent.com/gps-cs-s/AHRPTWkzb2YU6S7VeBch7yd7rtFRIFgeIqbrKtRfXHDNRXTL9S2VmN45W_NqVMSyaKlmatNbf_GJghxvHy7ci7VOM5pNauS12tCuFIzD5Elz6iJovC1Ocw3V_vZc6JDMqHlsFfq-YdGf=w156-h114-p-k-no,https://lh3.googleusercontent.com/gps-cs-s/AHRPTWlQ8cnZaWqLbAh5kXdDcAAWc5sF_LgGRLBaOeogp2n6E4ZCyBGth1Iy0TSLQbzSZCZHNwICxdrZ8YA24WhcidBifIxvkXwXVIDQ1Ax4ZDyygvdgqBd81jllJ7yhq5XHB_7z0m3WZQ=w156-h114-p-k-no,https://lh3.googleusercontent.com/gps-cs-s/AHRPTWmzPR4cmx4FwKcpD_mEteHcLhvb38twKXUlQq13LUYyVLwW5M9SsiWCB7ltkVAQL7dnjVyTBf2bciG-_baYt9R04Qx6968BcpSbFWbWbO8VxVPm3I1XzrCwV1gL__JTRxgYtoi3=w156-h114-p-k-no",35.8166167,10.5955853,contact@smoft.tn,https://www.facebook.com/smofterp?mibextid=LQQJ4d,Not Available,https://instagram.com/smofterp?igshid=MzRlODBiNWFlZA==,https://www.youtube.com/@SMOFTERP,https://www.linkedin.com/company/smofterp/,Not Available
Bizup,https://www.google.com/maps/place/Bizup/data=!4m7!3m6!1s0x130275ddf023e2f3:0x7ab991327e0a51cb!8m2!3d35.8252106!4d10.6320031!16s%2Fg%2F11vxz8cvd_!19sChIJ8-Ij8N11AhMRy1EKfjKRuXo?authuser=0&hl=en&rclk=1,https://lh3.googleusercontent.com/gps-cs-s/AHRPTWksl-m6wzg7wPheYEkZsbgNuv7HwMimAOMz-tmbm7cDIH24yjbvthRSWJwF3-ji88uliq3E5msG8QdP9m-mavrtCq0W9yjEHQhqVhsy9m0bBm3OqkY4Om2SOyPSwLWQGkmnBLiAE1WF_gvw=w597-h240-k-no,5.0,Not Available,Software company,"Bloc A, Immeuble El Hafianne, Rue du Commandant Bejaoui, Sousse 4000","Monday, 8 AM to 6 PM,Thursday, 8 AM to 6 PM,Friday, 8 AM to 6 PM,Saturday, 8 AM to 2 PM,Sunday, Closed",Not Available,https://www.bizup.tn/,98 991 922,"https://lh3.googleusercontent.com/gps-cs-s/AHRPTWksl-m6wzg7wPheYEkZsbgNuv7HwMimAOMz-tmbm7cDIH24yjbvthRSWJwF3-ji88uliq3E5msG8QdP9m-mavrtCq0W9yjEHQhqVhsy9m0bBm3OqkY4Om2SOyPSwLWQGkmnBLiAE1WF_gvw=w32-h32-p-k-no,https://lh3.googleusercontent.com/gps-cs-s/AHRPTWksl-m6wzg7wPheYEkZsbgNuv7HwMimAOMz-tmbm7cDIH24yjbvthRSWJwF3-ji88uliq3E5msG8QdP9m-mavrtCq0W9yjEHQhqVhsy9m0bBm3OqkY4Om2SOyPSwLWQGkmnBLiAE1WF_gvw=w597-h240-k-no,https://lh3.googleusercontent.com/gps-cs-s/AHRPTWksl-m6wzg7wPheYEkZsbgNuv7HwMimAOMz-tmbm7cDIH24yjbvthRSWJwF3-ji88uliq3E5msG8QdP9m-mavrtCq0W9yjEHQhqVhsy9m0bBm3OqkY4Om2SOyPSwLWQGkmnBLiAE1WF_gvw=w741-h298-k-no,https://lh3.googleusercontent.com/gps-cs-s/AHRPTWkD9l10FajcPIz9abmFvE4wH_QNBz5P6swU7ZTlmaAGI88UEcvHbPbEsmdo_HGgLLrDoKjfXHQwcp7x59RgZwRObeq9cB7o7CWZ5CbU92ygqnfKzhS8kD3agC4P-AiMeKXMIbwTPA=w794-h298-k-no,https://lh3.googleusercontent.com/a/ACg8ocIJgn_llxhH2A_8KUorZAGg67nuAXBpIpx4Cg2o_mdSiE31-g=w36-h36-p-rp-mo-br100,https://lh3.googleusercontent.com/a-/ALV-UjWmW_n2c9HDpMycuBwVHZE1rr9PdpTAPBmW609a8oO-ncfmLUEY=w36-h36-p-rp-mo-br100,https://lh3.googleusercontent.com/a-/ALV-UjWK43FBjJycsme4VkpPvh4-YLUZs8PAK4-GCyhLbUw0NRk6m5mb=w36-h36-p-rp-mo-br100,https://lh3.googleusercontent.com/gps-cs-s/AHRPTWlLGtXHLAz50WZOYll3lPXEbUpr2wIJYvkZRc0vfn8HC_u1h4OKAfAMQjYawZlm6aOXBNlG8T_F2NV4_5832QDOGRp-Pgx-u3uE4CgpE_qJImrAqcwbqvXpKBDXsFe-uzP-5uQ=w156-h114-p-k-no,https://lh3.googleusercontent.com/gps-cs-s/AHRPTWl3CoDSw9GYNCQwAUFxpvTHbHXW7JNr0h1TSmklvQW7MvvfgEg5fopanqRYPlYmyd0M5LqQjf7TD_u-hfXQWKAJT_uWRbSMvwmdSej0uhCJAjhMo5XSJERQVr_9Tue7d8NKW9XLBw=w156-h114-p-k-no,https://lh3.googleusercontent.com/gps-cs-s/AHRPTWmYRTMv78WFGKUk3Ue9MljsgM3PpptONIkIdDush4QAMgorsSyY_E69qVkEbElRtsdm4KBy4DaX_hoj3q4wIWlpXCDvQss4jJr6KDzZXUo69wUuATeoiX0grqCY-L6XuwyZyIVUyA=w156-h114-p-k-no",35.8252106,10.6320031,contact@bizup.tn,Not Available,Not Available,Not Available,Not Available,Not Available,Not Available
Celestial Wave Digital,https://www.google.com/maps/place/Celestial+Wave+Digital/data=!4m7!3m6!1s0x1302750048fa609b:0xb64e01e6b0c7a54e!8m2!3d35.8322824!4d10.6309482!16s%2Fg%2F11vwm0_8l9!19sChIJm2D6SAB1AhMRTqXHsOYBTrY?authuser=0&hl=en&rclk=1,https://streetviewpixels-pa.googleapis.com/v1/thumbnail?panoid=I-ashb2OGUfWgeXXteJ5rw&cb_client=search.gws-prod.gps&w=408&h=240&yaw=191.23076&pitch=0&thumbfov=100,5.0,Not Available,Software company,Sousse,"Monday, 9 AM to 6 PM,Thursday, 9 AM to 6 PM,Friday, 9 AM to 6 PM,Saturday, Closed,Sunday, Closed",Not Available,http://www.celestialwavedigital.com/,50 740 663,"https://streetviewpixels-pa.googleapis.com/v1/thumbnail?panoid=I-ashb2OGUfWgeXXteJ5rw&cb_client=search.gws-prod.gps&w=86&h=86&yaw=191.23076&pitch=0&thumbfov=100,https://streetviewpixels-pa.googleapis.com/v1/thumbnail?panoid=I-ashb2OGUfWgeXXteJ5rw&cb_client=search.gws-prod.gps&w=408&h=240&yaw=191.23076&pitch=0&thumbfov=100,https://streetviewpixels-pa.googleapis.com/v1/thumbnail?panoid=I-ashb2OGUfWgeXXteJ5rw&cb_client=maps_sv.tactile.gps&w=224&h=298&yaw=191.23076&pitch=0&thumbfov=100,https://lh3.googleusercontent.com/a/ACg8ocKELNP8Jefs4cJA-gE43Yc5_0kgv5Xou3Xh6svHVaQs2U4URg=w36-h36-p-rp-mo-br100,https://lh3.googleusercontent.com/a/ACg8ocK8tuMB2asA7PgSmJxW_EX9dBLZNf1VE-15fr-P1wzTsuv_k3Y=w36-h36-p-rp-mo-br100,https://lh3.googleusercontent.com/a-/ALV-UjWG4oeAAvFDXqfT1b6_BG0bFum0w7J7Zd7h-3dOu_6MOOGDwSI=w36-h36-p-rp-mo-br100,https://lh3.googleusercontent.com/gps-cs-s/AHRPTWnxMOZClgPYoyCV_lXuHteyTn2x-ow--boo6Qzt5_Avts5GDvklgM6d4Nhxrx5sL63WCeAA-ggZ1AJNCT2o2FiAXbW5tozN6Y5LibsO6JMTwJ2ke5lgUW7tEzaPWfE_72D8TOJ7=w156-h114-p-k-no",35.8322824,10.6309482,celestialwavedigital@gmail.com,https://www.facebook.com/profile.php?id=61552158084740,Not Available,https://www.instagram.com/cwd_tn/reel/DPeTfxWjBfX/,Not Available,Not Available,Not Available
SIMSOFT Technologies Tunisie,https://www.google.com/maps/place/SIMSOFT+Technologies+Tunisie/data=!4m7!3m6!1s0x130275827ba7dd3d:0xf3bd394bf0bbcb21!8m2!3d35.83511!4d10.6274809!16s%2Fg%2F11fy4lq19z!19sChIJPd2ne4J1AhMRIcu78Es5vfM?authuser=0&hl=en&rclk=1,https://lh3.googleusercontent.com/gps-cs-s/AHRPTWkzb2YU6S7VeBch7yd7rtFRIFgeIqbrKtRfXHDNRXTL9S2VmN45W_NqVMSyaKlmatNbf_GJghxvHy7ci7VOM5pNauS12tCuFIzD5Elz6iJovC1Ocw3V_vZc6JDMqHlsFfq-YdGf=w493-h240-k-no,4.8,Not Available,Software company,"Espace Ayechi، 5 Av. Léopold Senghor, Sousse 4000","Monday, 8:30 AM to 12:30 PM, 2 to 6 PM,Thursday, 8:30 AM to 12:30 PM, 2 to 6 PM,Friday, 8:30 AM to 12:30 PM, 2 to 6 PM,Saturday, Closed,Sunday, Closed",Not Available,http://www.simsoft.com.tn/,73 213 688,"https://lh3.googleusercontent.com/gps-cs-s/AHRPTWkzb2YU6S7VeBch7yd7rtFRIFgeIqbrKtRfXHDNRXTL9S2VmN45W_NqVMSyaKlmatNbf_GJghxvHy7ci7VOM5pNauS12tCuFIzD5Elz6iJovC1Ocw3V_vZc6JDMqHlsFfq-YdGf=w32-h32-p-k-no,https://lh3.googleusercontent.com/gps-cs-s/AHRPTWkzb2YU6S7VeBch7yd7rtFRIFgeIqbrKtRfXHDNRXTL9S2VmN45W_NqVMSyaKlmatNbf_GJghxvHy7ci7VOM5pNauS12tCuFIzD5Elz6iJovC1Ocw3V_vZc6JDMqHlsFfq-YdGf=w493-h240-k-no,https://lh3.googleusercontent.com/gps-cs-s/AHRPTWkzb2YU6S7VeBch7yd7rtFRIFgeIqbrKtRfXHDNRXTL9S2VmN45W_NqVMSyaKlmatNbf_GJghxvHy7ci7VOM5pNauS12tCuFIzD5Elz6iJovC1Ocw3V_vZc6JDMqHlsFfq-YdGf=w612-h298-k-no,https://lh3.googleusercontent.com/gps-cs-s/AHRPTWntQvRRvTSh6w3uvuHexUbgM2GuOCKMruuY6WgbwTtzQIvxVfbkEnvtXyuNqf-NKs6bb_Cx_JjBZFRx4TN3CG9N3Aup9nDIn5ip3Ww6jPof36xmIDiRloYnEAFEFzjbFf7j2x0Ww5pbAxWP=w224-h335-k-no,https://streetviewpixels-pa.googleapis.com/v1/thumbnail?panoid=7D2o6YK07j1Ul9KAopYaAQ&cb_client=maps_sv.tactile.gps&w=224&h=298&yaw=53.877617&pitch=0&thumbfov=100,https://lh3.googleusercontent.com/a/ACg8ocJZ__obJtKbuspv6ZRLP-MkNiPiCCrM2_uD9xoVVNYpsnX18v5B=w36-h36-p-rp-mo-ba12-br100,https://lh3.googleusercontent.com/a-/ALV-UjVUp-2HGsEBEA5ZPYF5DzxLC_nZOQPbwZQgds3k82pNOapS-IB2=w36-h36-p-rp-mo-br100,https://lh3.googleusercontent.com/a/ACg8ocLzrqrpdIUgb39avCLvOI5iorriYfeh9mlDMWE18-sy1x9N2Q=w36-h36-p-rp-mo-ba12-br100,https://lh3.googleusercontent.com/gps-cs-s/AHRPTWl6bYifMLz8PDUZd61jiin7uHdbNiIF4a4tXW7qaSlN-y7wiMn1SdPHptimfmQmlGEIs3KaOGmzgP2qiEk-rPvO8tMyadtgPNUEb_ER27lum4qb48ZcHBbDMWll-KY38oTGAchDKAjujyc=w156-h114-p-k-no,https://lh3.googleusercontent.com/gps-cs-s/AHRPTWl7RlN_OGFu1F6q-QNJITObQwVIalPm34IOb9NvH2n2dJFfZLoWYlSf2VNPbJxdV9QcWt0zPh_JriG1lSW5veMsw3T8v1QNfC2dk4BVCCShpG-TsG6q6e6vNNpV94MoiApBpW86=w156-h114-p-k-no,https://lh3.googleusercontent.com/gps-cs-s/AHRPTWkCrMixmULY0MIj1r5Rgphl9oI3IPlS_fYDGN4KUgOm-dUUdjUwrs_pYtbhIwrh3FKmwK1rjVao6VPPPFjgvnDJtGvDZuOh5ermYnsMwKSDpYeRDPjI7WTlch721RXl8s2DRPUhtg=w156-h114-p-k-no,https://lh3.googleusercontent.com/gps-cs-s/AHRPTWkB-JELE8AMjov_K4ygdfxZnSf_r8CPcBp5IOSU2whxBZpaNX6mJyBk0G4BMYKJSv2wdx4LLrYrLU4PZfKECaHmMfVBSXL_be6kUVPPTyf-YAy7bmm3m5YaFRnlwx6JM_2QRqrpJg=w156-h114-p-k-no",35.83511,10.6274809,commercial@simsoft.com.tn,https://www.facebook.com/Simsofttechnology,https://mobile.twitter.com/simsoft_tn,https://instagram.com/simsofttechnology?igshid=YmMyMTA2M2Y=,Not Available,https://www.linkedin.com/company/simsoft.tn/,Not Available
Evoplast sousse,https://www.google.com/maps/place/Evoplast+sousse/data=!4m7!3m6!1s0x12fd8a304587a2f9:0xa868ca55bcbc6ca2!8m2!3d35.8691524!4d10.5837694!16s%2Fg%2F1wg_mqhr!19sChIJ-aKHRTCK_RIRomy8vFXKaKg?authuser=0&hl=en&rclk=1,https://lh3.googleusercontent.com/gps-cs-s/AHRPTWkkucLXb26buq84dqFheJ2IlKhw9dShwGIjdgTEhagWz17hja7KPUJ2jeYr1mz5WaqKcAa-wTnjePLHxkn5eqwKpHjLdBkCv-8docWU54hO7_vapsxGPcAopAerJfj5s2YlQ6SKiQ=w408-h253-k-no,4.5,Not Available,Software company,"Avenue de la république (Immeuble Mezri Jaaîm) Akouda, Sousse 4022","Monday, 8 AM to 6 PM,Thursday, 8 AM to 6 PM,Friday, 8 AM to 6 PM,Saturday, Closed,Sunday, Closed",Not Available,https://whitecapetech.com/,31 208 888,"https://lh3.googleusercontent.com/gps-cs-s/AHRPTWkkucLXb26buq84dqFheJ2IlKhw9dShwGIjdgTEhagWz17hja7KPUJ2jeYr1mz5WaqKcAa-wTnjePLHxkn5eqwKpHjLdBkCv-8docWU54hO7_vapsxGPcAopAerJfj5s2YlQ6SKiQ=w32-h32-p-k-no,https://lh3.googleusercontent.com/gps-cs-s/AHRPTWkkucLXb26buq84dqFheJ2IlKhw9dShwGIjdgTEhagWz17hja7KPUJ2jeYr1mz5WaqKcAa-wTnjePLHxkn5eqwKpHjLdBkCv-8docWU54hO7_vapsxGPcAopAerJfj5s2YlQ6SKiQ=w408-h253-k-no,https://lh3.googleusercontent.com/gps-cs-s/AHRPTWkkucLXb26buq84dqFheJ2IlKhw9dShwGIjdgTEhagWz17hja7KPUJ2jeYr1mz5WaqKcAa-wTnjePLHxkn5eqwKpHjLdBkCv-8docWU54hO7_vapsxGPcAopAerJfj5s2YlQ6SKiQ=w479-h298-k-no,https://lh3.googleusercontent.com/gps-cs-s/AHRPTWkPVd5so4sIRXHHp-TivgTZ7o27cFY3lO80c2Bsz03lmMsuUWqdGWEfaW450VOro9OgZ0ffABNPc4HkErXXw-oiClWXU9-TjYMvwga-9sb-tREEc6uzzMz4PC73j2pSl5rEkoA=w425-h298-k-no,https://lh3.googleusercontent.com/a-/ALV-UjXGH2Ew8bARG6jwSCA2yfDu08Ct_z0DhBy82ljp6zukJySauAthZg=w36-h36-p-rp-mo-ba12-br100,https://lh3.googleusercontent.com/a/ACg8ocJZ__obJtKbuspv6ZRLP-MkNiPiCCrM2_uD9xoVVNYpsnX18v5B=w36-h36-p-rp-mo-ba12-br100,https://lh3.googleusercontent.com/a-/ALV-UjUTzmZ8WpwruWq9FmutCtY_8J84xcsT2wLyyZgDs5lEQSb5D7miBQ=w36-h36-p-rp-mo-ba12-br100,https://lh3.googleusercontent.com/gps-cs-s/AHRPTWm_1Q2hKaLwqwA0SgM6PtZP8-3VjrdMDmBrZursnxeTc19QbiWtK3ycupI3sEZDg16afLZuxMLvAgQR7EGBq1c_WBGrYLPiDik1fl0nAeUhd99rfp3FjUjw6ZxLLo9yJdS0InB5=w156-h114-p-k-no,https://lh3.googleusercontent.com/gps-cs-s/AHRPTWmHxVp0hiUZl3R7AJ1dW-QOtAZe2BNUdtni-2qpe9LeD3dyll668C9vAH0Aw8AY2UJ7zIuV3fYb51W0Z9JtiU8ZCTrAM1GmrlJEqWXHBo7pGwu3sRvv3zlsgbWs0Ek59DZAKyob=w156-h114-p-k-no",35.8691524,10.5837694,info@whitecapetech.com,https://facebook.com/WhitecapeTech/posts/pfbid054rYxQcLQnW6ksg99FqKRDnkzKm4oi5uNdQpNU869BDFYgqT5fE5TkqKxzrBHgoZl,https://twitter.com/whitecape_tech,https://instagram.com/reel/CoXgxLNo7vJ/?utm_source=ig_web_copy_link&igshid=MzRlODBiNWFlZA==,Not Available,https://linkedin.com/posts/whitecape-technologies_3-raisons-dexternaliser-vos-besoins-informatiques-activity-7018865574801747968-DsOs?utm_source=share&utm_medium=member_desktop,Not Available
Stravos,https://www.google.com/maps/place/Stravos/data=!4m7!3m6!1s0x12fd8b732e032d4d:0x521717f156372f1d!8m2!3d35.8538341!4d10.6041178!16s%2Fg%2F11ss2n0f3j!19sChIJTS0DLnOL_RIRHS83VvEXF1I?authuser=0&hl=en&rclk=1,https://streetviewpixels-pa.googleapis.com/v1/thumbnail?panoid=4k4sf176xUzOghg-kwVIZQ&cb_client=search.gws-prod.gps&w=408&h=240&yaw=47.323868&pitch=0&thumbfov=100,5.0,Not Available,Software company,"3ème étage, Imb Baraka Av Perles du Sahel, Khézama, Sousse 4051","Monday, 9 AM to 6 PM,Thursday, 9 AM to 6 PM,Friday, 9 AM to 6 PM,Saturday, Closed,Sunday, Closed",Not Available,https://stravos.io/,Not Available,"https://streetviewpixels-pa.googleapis.com/v1/thumbnail?panoid=4k4sf176xUzOghg-kwVIZQ&cb_client=search.gws-prod.gps&w=86&h=86&yaw=47.323868&pitch=0&thumbfov=100,https://streetviewpixels-pa.googleapis.com/v1/thumbnail?panoid=4k4sf176xUzOghg-kwVIZQ&cb_client=search.gws-prod.gps&w=408&h=240&yaw=47.323868&pitch=0&thumbfov=100,https://streetviewpixels-pa.googleapis.com/v1/thumbnail?panoid=4k4sf176xUzOghg-kwVIZQ&cb_client=maps_sv.tactile.gps&w=224&h=298&yaw=47.323868&pitch=0&thumbfov=100,https://lh3.googleusercontent.com/gps-cs-s/AHRPTWncnUevm7SaoB7jN0Sn6_lR6yOSD56BX8bZ7n3uJw0U883ymbrfVRe5FYmo7pk-MSRszWTMxIijtsfGcZKfJ1L8IoSx4VEyLyE90GY7nq-_POnyWSFmZZ-OHZSsWW8H1xwriGFC=w242-h298-k-no,https://lh3.googleusercontent.com/a-/ALV-UjWt6ZIi7SXvLXnOICwpls6WFpxlmTr380OaR3NJsMoIst2yJjX_=w36-h36-p-rp-mo-br100,https://lh3.googleusercontent.com/a/ACg8ocL4GU10PQErcFkCkllotarj2_0c8wVk0k_21OUMvyjwg3mZ5Q=w36-h36-p-rp-mo-br100,https://lh3.googleusercontent.com/a-/ALV-UjWl7XWJoiR8Q7aW_MJ5kyZmV_hsaBPvuTJQB9QKbCZvxzBzVvm4=w36-h36-p-rp-mo-ba12-br100,https://lh3.googleusercontent.com/gps-cs-s/AHRPTWnJub7gPR5QDnWkhVjqwbff-gcxYid0dJgSUmA2_hhszLa-qmDafhA3t-PbjNzmZJj1VJyKdwj7Uqti_kqV_cha_wF9qIY36gSEis8t-_8OFdCOP1H_8PBo0CEisGXr5ZYRnuY=w156-h114-p-k-no",35.8538341,10.6041178,Not Available,Not Available,Not Available,Not Available,Not Available,https://www.linkedin.com/company/stravos/,"Service options,,Online appointments,,On-site services"
Barthauer Software Tunisia S.A.R.L.,https://www.google.com/maps/place/Barthauer+Software+Tunisia+S.A.R.L./data=!4m7!3m6!1s0x13027570dbb96243:0x85b4706a74450a97!8m2!3d35.8356068!4d10.5948698!16s%2Fg%2F11c2l20ryk!19sChIJQ2K523B1AhMRlwpFdGpwtIU?authuser=0&hl=en&rclk=1,https://lh3.googleusercontent.com/gps-cs-s/AHRPTWnq_SBh2Z9YJT4NkxqmjdeBPNqLQujQY8teGh6EZeyMPuvFU7fxPa1OvUBbvyTQyauboKAUD2yLamYWDsDLfm7T02uJrX03-95r8_HWC0oG1N_i63MUFRo9k3J5TIxGXKU8bXy_dw=w408-h306-k-no,5.0,Not Available,Software company,"Avenue Yasser Arafat Immeuble SOPIT Appartement AB (au dessus de Carrefour Express Sahloul Sousse, 4054","Monday, 9 AM to 6 PM,Thursday, 9 AM to 6 PM,Friday, 9 AM to 6 PM,Saturday, Closed,Sunday, Closed",Not Available,http://www.bs-tunisia.com/,73 368 910,"https://lh3.googleusercontent.com/gps-cs-s/AHRPTWnq_SBh2Z9YJT4NkxqmjdeBPNqLQujQY8teGh6EZeyMPuvFU7fxPa1OvUBbvyTQyauboKAUD2yLamYWDsDLfm7T02uJrX03-95r8_HWC0oG1N_i63MUFRo9k3J5TIxGXKU8bXy_dw=w32-h32-p-k-no,https://lh3.googleusercontent.com/gps-cs-s/AHRPTWnq_SBh2Z9YJT4NkxqmjdeBPNqLQujQY8teGh6EZeyMPuvFU7fxPa1OvUBbvyTQyauboKAUD2yLamYWDsDLfm7T02uJrX03-95r8_HWC0oG1N_i63MUFRo9k3J5TIxGXKU8bXy_dw=w408-h306-k-no,https://lh3.googleusercontent.com/gps-cs-s/AHRPTWnq_SBh2Z9YJT4NkxqmjdeBPNqLQujQY8teGh6EZeyMPuvFU7fxPa1OvUBbvyTQyauboKAUD2yLamYWDsDLfm7T02uJrX03-95r8_HWC0oG1N_i63MUFRo9k3J5TIxGXKU8bXy_dw=w397-h298-k-no,https://streetviewpixels-pa.googleapis.com/v1/thumbnail?panoid=cOvmQbKAJDUjOx8V0eP9hw&cb_client=maps_sv.tactile.gps&w=224&h=298&yaw=314.93033&pitch=0&thumbfov=100,https://lh3.googleusercontent.com/a-/ALV-UjVFjTknLeH9q1o3UX9KEqeQvGreKoSxsN1nI1hJBx7UXnam2NmX=w36-h36-p-rp-mo-ba12-br100,https://lh3.googleusercontent.com/a-/ALV-UjVTLmhyODSAEWnvFbImdpGoanqM23ICLSrNGBl0PGZz_ALg4a2t=w36-h36-p-rp-mo-ba12-br100,https://lh3.googleusercontent.com/a-/ALV-UjVIDd3Du7zw4z4Tn1VHUqePYiLKler7UrBfFHRBj6TYrWr01oRK=w36-h36-p-rp-mo-ba12-br100,https://lh3.googleusercontent.com/gps-cs-s/AHRPTWl1Qc-fZjG7-flAXMLfXJ3QXLFDfN4Q1wONvXfdRGNVacoNVyFio_PSd4ef6FL2ICiyw9KCrKgzGmjBLDT7FDp3WWrP_PWPWBjYWAgaT27aRxxf7Elgb54OOTfwMcqJibfXiRpx=w156-h114-p-k-no,https://lh3.googleusercontent.com/gps-cs-s/AHRPTWmPd7vyoaJYFR-vixopLrfsTLUGD_hGcfbYLtF67r_UZ9Ma9_rczwcQHAYH2fNmtM4iMEBJVclt1XzjXOhK9O2yeN32xkWCK-YfMEsmJMBDECdb70kj8KlEyuwZGMZc5Ikn49asspBeOUat=w156-h114-p-k-no,https://lh3.googleusercontent.com/gps-cs-s/AHRPTWndeoQPm5hGhKEI6T48m5aDlhv7r-3xwD5XAuBTvurLQbGIPCVYEt-_68wPsQL1QqGVEIDLA8a_uRbrCWhO9qLn_qyV02iLtmAauEeVOlUPGKlqcoiRH9CpWhnEzDe82sJFOZ3X5A=w156-h114-p-k-no",35.8356068,10.5948698,Not Available,Not Available,Not Available,Not Available,Not Available,Not Available,Not Available
Proxym-IT,https://www.google.com/maps/place/Proxym-IT/data=!4m7!3m6!1s0x12fd8aebc4430ed9:0xae05903ab358d2c6!8m2!3d35.8165694!4d10.5912765!16s%2Fg%2F1vvmm4gz!19sChIJ2Q5DxOuK_RIRxtJYszqQBa4?authuser=0&hl=en&rclk=1,https://lh3.googleusercontent.com/gps-cs-s/AHRPTWl7RlN_OGFu1F6q-QNJITObQwVIalPm34IOb9NvH2n2dJFfZLoWYlSf2VNPbJxdV9QcWt0zPh_JriG1lSW5veMsw3T8v1QNfC2dk4BVCCShpG-TsG6q6e6vNNpV94MoiApBpW86=w408-h408-k-no,4.0,Not Available,Software company,"Novation City : Technopole de Sousse Sousse, 4051","Monday, 8:30 AM to 6 PM,Thursday, 8:30 AM to 6 PM,Friday, 8:30 AM to 6 PM,Saturday, Closed,Sunday, Closed",Not Available,http://www.proxym-group.com/,36 015 050,"https://lh3.googleusercontent.com/gps-cs-s/AHRPTWl7RlN_OGFu1F6q-QNJITObQwVIalPm34IOb9NvH2n2dJFfZLoWYlSf2VNPbJxdV9QcWt0zPh_JriG1lSW5veMsw3T8v1QNfC2dk4BVCCShpG-TsG6q6e6vNNpV94MoiApBpW86=w32-h32-p-k-no,https://lh3.googleusercontent.com/gps-cs-s/AHRPTWl7RlN_OGFu1F6q-QNJITObQwVIalPm34IOb9NvH2n2dJFfZLoWYlSf2VNPbJxdV9QcWt0zPh_JriG1lSW5veMsw3T8v1QNfC2dk4BVCCShpG-TsG6q6e6vNNpV94MoiApBpW86=w408-h408-k-no,https://lh3.googleusercontent.com/gps-cs-s/AHRPTWl7RlN_OGFu1F6q-QNJITObQwVIalPm34IOb9NvH2n2dJFfZLoWYlSf2VNPbJxdV9QcWt0zPh_JriG1lSW5veMsw3T8v1QNfC2dk4BVCCShpG-TsG6q6e6vNNpV94MoiApBpW86=w298-h298-k-no,https://lh3.googleusercontent.com/gps-cs-s/AHRPTWlndK6pDHep66s_Y0dImmB0fAdxdxoakRzKnvsOd_mApl_NkZ0pHFSnAIM1G8gfGb7nq3TkeyfrCTbJHfQXEu0dzN998GrHqHmBrju9fXq4ZIY6863aYdfj5GGKOP1WC9OC6NXxcg=w397-h298-k-no,https://lh3.googleusercontent.com/gps-cs-s/AHRPTWl5oaruMwBo0la9U4YCPAiW2v9O2mADdNQfyfRCcv5ScOfmuhOou-HudJCOPhLJNG717fmL4gA2eOmit-tGpZ80P_NZHB6AQqaav5aO10XObIqAAAjnDGj0nl9fAnd57pz-8OVbwQ=w397-h298-k-no,https://lh3.googleusercontent.com/a/ACg8ocJ7pBBtdcxh3lTY5Dg9y1L7kSPjGtn_4yKoSfWznq4Awb6qiw=w36-h36-p-rp-mo-ba12-br100,https://lh3.googleusercontent.com/a/ACg8ocJZ__obJtKbuspv6ZRLP-MkNiPiCCrM2_uD9xoVVNYpsnX18v5B=w36-h36-p-rp-mo-ba12-br100,https://lh3.googleusercontent.com/a-/ALV-UjWqQQw64BGDpP49soHxCLl76S_-Biz7HkC1j5rbrQf1Fwefmed0=w36-h36-p-rp-mo-ba12-br100,https://lh3.googleusercontent.com/gps-cs-s/AHRPTWl6bYifMLz8PDUZd61jiin7uHdbNiIF4a4tXW7qaSlN-y7wiMn1SdPHptimfmQmlGEIs3KaOGmzgP2qiEk-rPvO8tMyadtgPNUEb_ER27lum4qb48ZcHBbDMWll-KY38oTGAchDKAjujyc=w156-h114-p-k-no,https://lh3.googleusercontent.com/gps-cs-s/AHRPTWkzb2YU6S7VeBch7yd7rtFRIFgeIqbrKtRfXHDNRXTL9S2VmN45W_NqVMSyaKlmatNbf_GJghxvHy7ci7VOM5pNauS12tCuFIzD5Elz6iJovC1Ocw3V_vZc6JDMqHlsFfq-YdGf=w156-h114-p-k-no,https://lh3.googleusercontent.com/gps-cs-s/AHRPTWlzEbKOxqixiKETOm1Z4jlAGgiaBe61VzwT3BG9sjAUTVcNUy8C6rNLvTm-oLKMz0m2Kw12pbsAEXvyB26GZ25e_GlaIXJblz7iAGoxt-Hivt0rtXkqV4ML2p7FPj4QNHqxjRyX=w156-h114-p-k-no",35.8165694,10.5912765,Not Available,https://www.facebook.com/proxym.digital.services.provider,https://twitter.com/proxymgroup,https://www.instagram.com/life.proxym/,Not Available,https://www.linkedin.com/company/proxym,Not Available
Nachd IT,https://www.google.com/maps/place/Nachd+IT/data=!4m7!3m6!1s0x1302758ce6612a71:0xef9ba1ce6271c19!8m2!3d35.8123996!4d10.6375659!16s%2Fg%2F11g3_9xzw0!19sChIJcSph5ox1AhMRGRwn5hy6-Q4?authuser=0&hl=en&rclk=1,https://lh3.googleusercontent.com/a-/ALV-UjU8B5zh1deqJZr7YwiOLirX3hhNcsR81E5Z0Up5BefsB_hm4waS=w36-h36-p-rp-mo-ba12-br100,5.0,Not Available,Software company,"RJ6Q+X24, Incubateur de l'ISSAT de Sousse cité, Taffala 4003","Monday, 9 AM to 6 PM,Thursday, 9 AM to 6 PM,Friday, 9 AM to 6 PM,Saturday, Closed,Sunday, Closed",Not Available,http://www.nachd-it.com/,27 751 305,"https://lh3.googleusercontent.com/a-/ALV-UjU8B5zh1deqJZr7YwiOLirX3hhNcsR81E5Z0Up5BefsB_hm4waS=w36-h36-p-rp-mo-ba12-br100,https://lh3.googleusercontent.com/gps-cs-s/AHRPTWkZ1lxp5wfCJ7mwe3mswxaW8eXwERXfmR7Ixb6Ldnk3BEDq5FqPuUsEyJbi8zPpZOBuD45fRTOiE69WgmSm_pRi4tva6k1o0TYtKKMfSydB2hmlaptwhC2LNYYXcOs-emEW2-af0A=w156-h114-p-k-no,https://lh3.googleusercontent.com/gps-cs-s/AHRPTWm_1Q2hKaLwqwA0SgM6PtZP8-3VjrdMDmBrZursnxeTc19QbiWtK3ycupI3sEZDg16afLZuxMLvAgQR7EGBq1c_WBGrYLPiDik1fl0nAeUhd99rfp3FjUjw6ZxLLo9yJdS0InB5=w156-h114-p-k-no",35.8123996,10.6375659,IT@gmail.net,Not Available,Not Available,Not Available,Not Available,Not Available,Not Available
Apeiron Technologies (Développement de logiciel),https://www.google.com/maps/place/Apeiron+Technologies+%28D%C3%A9veloppement+de+logiciel%29/data=!4m7!3m6!1s0x12fd8bf78a7c44c5:0xc046268ccbcca3f7!8m2!3d35.8411268!4d10.5986654!16s%2Fg%2F11t3cyvvxy!19sChIJxUR8iveL_RIR96PMy4wmRsA?authuser=0&hl=en&rclk=1,https://lh3.googleusercontent.com/gps-cs-s/AHRPTWl6bYifMLz8PDUZd61jiin7uHdbNiIF4a4tXW7qaSlN-y7wiMn1SdPHptimfmQmlGEIs3KaOGmzgP2qiEk-rPvO8tMyadtgPNUEb_ER27lum4qb48ZcHBbDMWll-KY38oTGAchDKAjujyc=w408-h306-k-no,5.0,Not Available,Software company,"AV YASSER ARAFET SAHLOUL (2 ETAGE B A21 RESIDENCE SarayE, 4054 Av. de Yasser Arafat, Sousse 4053, Sousse 4054","Monday, 8 AM to 5 PM,Thursday, 8 AM to 5 PM,Friday, 8 AM to 5 PM,Saturday, Closed,Sunday, Closed",Not Available,https://www.apeiron-tech.com/,51 885 885,"https://lh3.googleusercontent.com/gps-cs-s/AHRPTWl6bYifMLz8PDUZd61jiin7uHdbNiIF4a4tXW7qaSlN-y7wiMn1SdPHptimfmQmlGEIs3KaOGmzgP2qiEk-rPvO8tMyadtgPNUEb_ER27lum4qb48ZcHBbDMWll-KY38oTGAchDKAjujyc=w32-h32-p-k-no,https://lh3.googleusercontent.com/gps-cs-s/AHRPTWl6bYifMLz8PDUZd61jiin7uHdbNiIF4a4tXW7qaSlN-y7wiMn1SdPHptimfmQmlGEIs3KaOGmzgP2qiEk-rPvO8tMyadtgPNUEb_ER27lum4qb48ZcHBbDMWll-KY38oTGAchDKAjujyc=w408-h306-k-no,https://lh3.googleusercontent.com/gps-cs-s/AHRPTWl6bYifMLz8PDUZd61jiin7uHdbNiIF4a4tXW7qaSlN-y7wiMn1SdPHptimfmQmlGEIs3KaOGmzgP2qiEk-rPvO8tMyadtgPNUEb_ER27lum4qb48ZcHBbDMWll-KY38oTGAchDKAjujyc=w397-h298-k-no,https://lh3.googleusercontent.com/gps-cs-s/AHRPTWmiyvELfnj9dPvuw-ViX0P5jebE_QFRsmcatJXcm3FzQxtlHosP8H_URpChMJtmLr81mTjFw2LIny50_Zeq8BmogPjWWQiMiPfEbW-ZCljfTrtyiuRzy62WoDp6JR5RCFLq4fHBVw=w298-h298-k-no,https://lh3.googleusercontent.com/a-/ALV-UjWFWiPZa7SiowmduerZ02jciAjAuTlo-vcAH5Dek_Au_YmWDeg=w36-h36-p-rp-mo-br100,https://lh3.googleusercontent.com/a-/ALV-UjX_KXD3UQBI2pHbMQkqP0XQwAVQMchiDltLjNhGr73epev82A4=w36-h36-p-rp-mo-br100,https://lh3.googleusercontent.com/gps-cs-s/AHRPTWlzEbKOxqixiKETOm1Z4jlAGgiaBe61VzwT3BG9sjAUTVcNUy8C6rNLvTm-oLKMz0m2Kw12pbsAEXvyB26GZ25e_GlaIXJblz7iAGoxt-Hivt0rtXkqV4ML2p7FPj4QNHqxjRyX=w156-h114-p-k-no,https://lh3.googleusercontent.com/gps-cs-s/AHRPTWkzb2YU6S7VeBch7yd7rtFRIFgeIqbrKtRfXHDNRXTL9S2VmN45W_NqVMSyaKlmatNbf_GJghxvHy7ci7VOM5pNauS12tCuFIzD5Elz6iJovC1Ocw3V_vZc6JDMqHlsFfq-YdGf=w156-h114-p-k-no,https://lh3.googleusercontent.com/gps-cs-s/AHRPTWl1Qc-fZjG7-flAXMLfXJ3QXLFDfN4Q1wONvXfdRGNVacoNVyFio_PSd4ef6FL2ICiyw9KCrKgzGmjBLDT7FDp3WWrP_PWPWBjYWAgaT27aRxxf7Elgb54OOTfwMcqJibfXiRpx=w156-h114-p-k-no",35.8411268,10.5986654,contact@apeiron-tech.com,Not Available,Not Available,Not Available,Not Available,Not Available,Not Available
VAERDIA,https://www.google.com/maps/place/VAERDIA/data=!4m7!3m6!1s0x1302758b10691edd:0x60f1e84cb1ad0694!8m2!3d35.839051!4d10.5973174!16s%2Fg%2F11jzh15mt0!19sChIJ3R5pEIt1AhMRlAatsUzo8WA?authuser=0&hl=en&rclk=1,https://streetviewpixels-pa.googleapis.com/v1/thumbnail?panoid=f5RMGCBogRyNKWSjvA6zUw&cb_client=search.gws-prod.gps&w=408&h=240&yaw=117.42644&pitch=0&thumbfov=100,5.0,Not Available,Software company,"Immeuble Le Boulevard, Av. de Yasser Arafat, Sousse 4054","Monday, 9 AM to 5 PM,Thursday, 9 AM to 5 PM,Friday, 9 AM to 5 PM,Saturday, Closed,Sunday, Closed",Not Available,https://www.vaerdia.com/,73 368 132,"https://streetviewpixels-pa.googleapis.com/v1/thumbnail?panoid=f5RMGCBogRyNKWSjvA6zUw&cb_client=search.gws-prod.gps&w=86&h=86&yaw=117.42644&pitch=0&thumbfov=100,https://streetviewpixels-pa.googleapis.com/v1/thumbnail?panoid=f5RMGCBogRyNKWSjvA6zUw&cb_client=search.gws-prod.gps&w=408&h=240&yaw=117.42644&pitch=0&thumbfov=100,https://streetviewpixels-pa.googleapis.com/v1/thumbnail?panoid=f5RMGCBogRyNKWSjvA6zUw&cb_client=maps_sv.tactile.gps&w=224&h=298&yaw=117.42644&pitch=0&thumbfov=100,https://lh3.googleusercontent.com/gps-cs-s/AHRPTWnhy__C2JhG-bYiOa_0919CJjaDKwFmbKV7743nsOgR3e5oSmVIZawwclHmkYjRFZZoc51_HgmDoO6A72_wX-W63uOWZZ0hf4pcuY6y4z4sOQ-l6EnZYJDgHG6EOwRgI2e6qTSfGA=w645-h298-k-no,https://lh3.googleusercontent.com/a-/ALV-UjWQVkOYmBPQ1Qeg0uXVf7byFsb-ZgqEUzlHKi6waFKvHJyWNAGM=w36-h36-p-rp-mo-br100,https://lh3.googleusercontent.com/gps-cs-s/AHRPTWlzEbKOxqixiKETOm1Z4jlAGgiaBe61VzwT3BG9sjAUTVcNUy8C6rNLvTm-oLKMz0m2Kw12pbsAEXvyB26GZ25e_GlaIXJblz7iAGoxt-Hivt0rtXkqV4ML2p7FPj4QNHqxjRyX=w156-h114-p-k-no",35.839051,10.5973174,contact@vaerdia.com,https://www.facebook.com/p/Vaerdia-100086580754923/?locale=id_ID,Not Available,Not Available,Not Available,https://www.linkedin.com/company/vaerdia/posts/?feedView=all,Not Available
ASM Sousse - All Soft Multimedia - Ingénierie logicielle,https://www.google.com/maps/place/ASM+Sousse+-+All+Soft+Multimedia+-+Ing%C3%A9nierie+logicielle/data=!4m7!3m6!1s0x12fd8be9bc7e15fb:0xc36842858e5f603e!8m2!3d35.839502!4d10.5966509!16s%2Fg%2F11h98y_2hk!19sChIJ-xV-vOmL_RIRPmBfjoVCaMM?authuser=0&hl=en&rclk=1,https://lh3.googleusercontent.com/gps-cs-s/AHRPTWl1Qc-fZjG7-flAXMLfXJ3QXLFDfN4Q1wONvXfdRGNVacoNVyFio_PSd4ef6FL2ICiyw9KCrKgzGmjBLDT7FDp3WWrP_PWPWBjYWAgaT27aRxxf7Elgb54OOTfwMcqJibfXiRpx=w408-h255-k-no,4.7,Not Available,Software company,"Avenue Yasser Arafat Résidence Chaîma, 4ème étage, B401 Sahloul Sousse, 4054","Monday, 8:30 AM to 6 PM,Thursday, 8:30 AM to 6 PM,Friday, 8:30 AM to 6 PM,Saturday, 8:30 AM to 6 PM,Sunday, Closed",Not Available,https://asmpos.com/,92 242 610,"https://lh3.googleusercontent.com/gps-cs-s/AHRPTWl1Qc-fZjG7-flAXMLfXJ3QXLFDfN4Q1wONvXfdRGNVacoNVyFio_PSd4ef6FL2ICiyw9KCrKgzGmjBLDT7FDp3WWrP_PWPWBjYWAgaT27aRxxf7Elgb54OOTfwMcqJibfXiRpx=w32-h32-p-k-no,https://lh3.googleusercontent.com/gps-cs-s/AHRPTWl1Qc-fZjG7-flAXMLfXJ3QXLFDfN4Q1wONvXfdRGNVacoNVyFio_PSd4ef6FL2ICiyw9KCrKgzGmjBLDT7FDp3WWrP_PWPWBjYWAgaT27aRxxf7Elgb54OOTfwMcqJibfXiRpx=w408-h255-k-no,https://lh3.googleusercontent.com/gps-cs-s/AHRPTWl1Qc-fZjG7-flAXMLfXJ3QXLFDfN4Q1wONvXfdRGNVacoNVyFio_PSd4ef6FL2ICiyw9KCrKgzGmjBLDT7FDp3WWrP_PWPWBjYWAgaT27aRxxf7Elgb54OOTfwMcqJibfXiRpx=w476-h298-k-no,https://lh3.googleusercontent.com/gps-cs-s/AHRPTWk1TS3MIrA5PhNd376TfhEgkXps496LEOq9PcucNLygPp5Sf7xBAvxZXVEMvFprJSI9VgeYH9Oqz2DJLmEkWsBbQuEbgLRQCfwqY6_bGy_WXOajjaUTapwlKnKJCY_4InMny1J8=w476-h298-k-no,https://lh3.googleusercontent.com/gps-cs-s/AHRPTWnDTdTlD27_0ktRAWQJ1bbChwwsSdOkJEpPTLA7rx2AA2Pnx-ubTWTbvvHXlMrsAYb6koQjlPplMgv_wEfQ9QOLIOsJoYl-V5gsx7KUXa812_2aso5S3FP5M5JDYoWME8RIP28mSg=w476-h298-k-no,https://streetviewpixels-pa.googleapis.com/v1/thumbnail?panoid=vH5O6tbf9c7JylNImcGw_A&cb_client=maps_sv.tactile.gps&w=224&h=298&yaw=313.76263&pitch=0&thumbfov=100,https://lh3.googleusercontent.com/a-/ALV-UjWJpF4MEfLrcUh4SI3WR2_mpSPaD8EYUB5xt1I-VBJzx1iNOYw=w36-h36-p-rp-mo-br100,https://lh3.googleusercontent.com/a/ACg8ocJ7RWo6AEZJXG-6Dm-W0XtJLeYdH360nrzsspFayY8fy468cg=w36-h36-p-rp-mo-br100,https://lh3.googleusercontent.com/a/ACg8ocIcx03ij6bG0y2wACibrgV36D0jY87Kd1diZEMVET6fyP3ndw=w36-h36-p-rp-mo-br100,https://lh3.googleusercontent.com/gps-cs-s/AHRPTWlzEbKOxqixiKETOm1Z4jlAGgiaBe61VzwT3BG9sjAUTVcNUy8C6rNLvTm-oLKMz0m2Kw12pbsAEXvyB26GZ25e_GlaIXJblz7iAGoxt-Hivt0rtXkqV4ML2p7FPj4QNHqxjRyX=w156-h114-p-k-no,https://lh3.googleusercontent.com/gps-cs-s/AHRPTWl6bYifMLz8PDUZd61jiin7uHdbNiIF4a4tXW7qaSlN-y7wiMn1SdPHptimfmQmlGEIs3KaOGmzgP2qiEk-rPvO8tMyadtgPNUEb_ER27lum4qb48ZcHBbDMWll-KY38oTGAchDKAjujyc=w156-h114-p-k-no,https://lh3.googleusercontent.com/gps-cs-s/AHRPTWnFaf2x-Dox5jcnaGK6e6uFRBxqLDoci136t1WIGyxhsnqYlZuy9FJ-RzfuR9XjQ6qB-NzmEBVxQqV-amsJqWQDj_l8NB4jLpLTDSWw_E6NYOfjOFqbSSk3-71rUvlv6VGPQd4=w156-h114-p-k-no",35.839502,10.5966509,sav@asm-tunisie.com,https://www.facebook.com/AllSoftMultimedia.POS,Not Available,https://www.instagram.com/keithrockefeller_0119/,https://www.youtube.com/@allsoftmultimedia1873,https://www.linkedin.com/company/asm-tunisie/posts/?feedView=all,Not Available
ENVAST,https://www.google.com/maps/place/ENVAST/data=!4m7!3m6!1s0x12fd8b085a5c9429:0x4450dcd361c533f4!8m2!3d35.8197933!4d10.5920902!16s%2Fg%2F11h3l450zt!19sChIJKZRcWgiL_RIR9DPFYdPcUEQ?authuser=0&hl=en&rclk=1,https://lh3.googleusercontent.com/a-/ALV-UjWLKRTD77tH4maHaFNUASU70v_tgJ4GdYyNM-_I8ga78ctmTzBu6w=w36-h36-p-rp-mo-ba12-br100,4.2,Not Available,Software company,"Technopôle de Sousse, Cité Hammam Maarou, Route ceinture de Sahloul Sousse, 4000","Monday, 8 AM to 7 PM,Thursday, 8 AM to 7 PM,Friday, 8 AM to 7 PM,Saturday, 8 AM to 7 PM,Sunday, Closed",Not Available,http://www.envast.tn/,21 267 722,"https://lh3.googleusercontent.com/a-/ALV-UjWLKRTD77tH4maHaFNUASU70v_tgJ4GdYyNM-_I8ga78ctmTzBu6w=w36-h36-p-rp-mo-ba12-br100,https://lh3.googleusercontent.com/a-/ALV-UjXAmAcSPDW3yLcPnSVirsYu2fUKPsQUjHjwUhRlqVB-f8wXayUc=w36-h36-p-rp-mo-br100,https://lh3.googleusercontent.com/a/ACg8ocIzIhoG_YK6dK2cCbqTNJElKdipbCYHCTjvqIw5vOaEig3hI64=w36-h36-p-rp-mo-br100,https://lh3.googleusercontent.com/gps-cs-s/AHRPTWm_1Q2hKaLwqwA0SgM6PtZP8-3VjrdMDmBrZursnxeTc19QbiWtK3ycupI3sEZDg16afLZuxMLvAgQR7EGBq1c_WBGrYLPiDik1fl0nAeUhd99rfp3FjUjw6ZxLLo9yJdS0InB5=w156-h114-p-k-no,https://lh3.googleusercontent.com/gps-cs-s/AHRPTWkQvCXiHg3FXaAgRmC3m35y0g3gaISgvmWAcSA43CthWynTX_r2MVEY6PK-48zUZML_R0C7JGFLqxmoK8C1LOm0AO_6qC4T_yPtSHsKFsKTGEX4vcdcagUx0Hu3kzmJCtIcZxM=w156-h114-p-k-no",35.8197933,10.5920902,Not Available,Not Available,Not Available,Not Available,Not Available,Not Available,Not Available
InSoDev,https://www.google.com/maps/place/InSoDev/data=!4m7!3m6!1s0x130275ced5557d1d:0x2eed86116e4cbfa7!8m2!3d35.825706!4d10.632532!16s%2Fg%2F11h70k8x0m!19sChIJHX1V1c51AhMRp79MbhGG7S4?authuser=0&hl=en&rclk=1,https://streetviewpixels-pa.googleapis.com/v1/thumbnail?panoid=rLtTO2TrhlAy8ShjSctRCw&cb_client=search.gws-prod.gps&w=408&h=240&yaw=185.58568&pitch=0&thumbfov=100,5.0,Not Available,Software company,"RJGM+72M، نهج بني حسان, Sousse","Monday, 8:30 AM to 6 PM,Thursday, 8:30 AM to 6 PM,Friday, 8:30 AM to 6 PM,Saturday, Closed,Sunday, Closed",Not Available,Not Available,Not Available,"https://streetviewpixels-pa.googleapis.com/v1/thumbnail?panoid=rLtTO2TrhlAy8ShjSctRCw&cb_client=search.gws-prod.gps&w=86&h=86&yaw=185.58568&pitch=0&thumbfov=100,https://streetviewpixels-pa.googleapis.com/v1/thumbnail?panoid=rLtTO2TrhlAy8ShjSctRCw&cb_client=search.gws-prod.gps&w=408&h=240&yaw=185.58568&pitch=0&thumbfov=100,https://streetviewpixels-pa.googleapis.com/v1/thumbnail?panoid=rLtTO2TrhlAy8ShjSctRCw&cb_client=maps_sv.tactile.gps&w=224&h=298&yaw=185.58568&pitch=0&thumbfov=100,https://lh3.googleusercontent.com/a-/ALV-UjXza1rk6r_80LsKPCEj2-fBxEfx-Z43MOdE1LuCX_v565Qy8aYe=w36-h36-p-rp-mo-ba12-br100,https://lh3.googleusercontent.com/gps-cs-s/AHRPTWm_1Q2hKaLwqwA0SgM6PtZP8-3VjrdMDmBrZursnxeTc19QbiWtK3ycupI3sEZDg16afLZuxMLvAgQR7EGBq1c_WBGrYLPiDik1fl0nAeUhd99rfp3FjUjw6ZxLLo9yJdS0InB5=w156-h114-p-k-no",35.825706,10.632532,Not Available,Not Available,Not Available,Not Available,Not Available,Not Available,Not Available
EducaPlus Tunisie,https://www.google.com/maps/place/EducaPlus+Tunisie/data=!4m7!3m6!1s0x12fd8a42f1ff3ca5:0x53f5eada26a36a7!8m2!3d35.850366!4d10.595369!16s%2Fg%2F11c5hj9s4g!19sChIJpTz_8UKK_RIRpzZqoq1ePwU?authuser=0&hl=en&rclk=1,https://streetviewpixels-pa.googleapis.com/v1/thumbnail?panoid=zQ14CAbknXJORbxBmUEowA&cb_client=search.gws-prod.gps&w=408&h=240&yaw=64.7789&pitch=0&thumbfov=100,5.0,Not Available,Software company,"VH2W+44X، Cyber Parc Hammam Sousse, Sousse 4053","Monday, 9 AM to 5:30 PM,Thursday, 9 AM to 5:30 PM,Friday, 9 AM to 5:30 PM,Saturday, Closed,Sunday, Closed",Not Available,Not Available,55 899 090,"https://streetviewpixels-pa.googleapis.com/v1/thumbnail?panoid=zQ14CAbknXJORbxBmUEowA&cb_client=search.gws-prod.gps&w=86&h=86&yaw=64.7789&pitch=0&thumbfov=100,https://streetviewpixels-pa.googleapis.com/v1/thumbnail?panoid=zQ14CAbknXJORbxBmUEowA&cb_client=search.gws-prod.gps&w=408&h=240&yaw=64.7789&pitch=0&thumbfov=100,https://streetviewpixels-pa.googleapis.com/v1/thumbnail?panoid=zQ14CAbknXJORbxBmUEowA&cb_client=maps_sv.tactile.gps&w=224&h=298&yaw=64.7789&pitch=0&thumbfov=100,https://lh3.googleusercontent.com/a-/ALV-UjXb1B0DpJNsFVNru3IHr3JWuFZ3b6L0ngxaQj4O0MlBTsy7uyE=w36-h36-p-rp-mo-br100",35.850366,10.595369,Not Available,Not Available,Not Available,Not Available,Not Available,Not Available,Not Available
Valomnia Labs - Apptiv-IT,https://www.google.com/maps/place/Valomnia+Labs+-+Apptiv-IT/data=!4m7!3m6!1s0x13027575d8dc11f7:0x163cde4809e617f9!8m2!3d35.8321168!4d10.6366982!16s%2Fg%2F11c1r19wf3!19sChIJ9xHc2HV1AhMR-RfmCUjePBY?authuser=0&hl=en&rclk=1,https://lh3.googleusercontent.com/gps-cs-s/AHRPTWk-TeM1Xhwa-bQZj5-lBlnVyqwvYDS5FbiYstsnCghZkGvdI1ucM1CQOR0bW-esADHznGnz-dK-U2S-YM1ngF9jFur0LSp_wl-fRGt6Gb_gTj_kjPxA2s1ZhXgvq2gabWd6Iz9dMQ=w426-h240-k-no,5.0,Not Available,Software company,"RJJP+RMW, Sousse","Monday, 8:30 AM to 6 PM,Thursday, 8:30 AM to 6 PM,Friday, 8:30 AM to 6 PM,Saturday, Closed,Sunday, Closed",Not Available,http://www.valomnia.com/,Not Available,"https://lh3.googleusercontent.com/gps-cs-s/AHRPTWk-TeM1Xhwa-bQZj5-lBlnVyqwvYDS5FbiYstsnCghZkGvdI1ucM1CQOR0bW-esADHznGnz-dK-U2S-YM1ngF9jFur0LSp_wl-fRGt6Gb_gTj_kjPxA2s1ZhXgvq2gabWd6Iz9dMQ=w32-h32-p-k-no,https://lh3.googleusercontent.com/gps-cs-s/AHRPTWk-TeM1Xhwa-bQZj5-lBlnVyqwvYDS5FbiYstsnCghZkGvdI1ucM1CQOR0bW-esADHznGnz-dK-U2S-YM1ngF9jFur0LSp_wl-fRGt6Gb_gTj_kjPxA2s1ZhXgvq2gabWd6Iz9dMQ=w426-h240-k-no,https://lh3.googleusercontent.com/gps-cs-s/AHRPTWkPCICLHOnnKrWqKFSz14KVhd-ne54BnZPwQyewFnd9bJPfTxSwrt824yjkPCtIQ9wjecBvcKV1Pj1k755fPzE9f7yaS7fPeR7VAt6w9IHMNkrnO8VW3Hiala0_XMWs610c_NrnYA=w360-h336-k-no,https://lh3.googleusercontent.com/a-/ALV-UjXgv392m4cn9bSRmRKD_7r-SPd6DQkdRFLf118OzJJlz0enHS0r=w36-h36-p-rp-mo-ba12-br100,https://lh3.googleusercontent.com/a-/ALV-UjWuKXhMPGccuX8Dt9U2QyYzzJXdVRVelUYOff33ObcgXe5dxiA=w36-h36-p-rp-mo-br100,https://lh3.googleusercontent.com/gps-cs-s/AHRPTWl7RlN_OGFu1F6q-QNJITObQwVIalPm34IOb9NvH2n2dJFfZLoWYlSf2VNPbJxdV9QcWt0zPh_JriG1lSW5veMsw3T8v1QNfC2dk4BVCCShpG-TsG6q6e6vNNpV94MoiApBpW86=w156-h114-p-k-no,https://lh3.googleusercontent.com/gps-cs-s/AHRPTWkQO26FinQEvH5eP3y7dF9jqzmJFFq248_MWtJb_Yqlr53LztGxAlWt1t1gytKAnpPi3e6EobLgL1n5n7uTV56xReo7mHwtkBdM4BBEBQOJ_56JeSdU4gGR9gSyR01_TfSpQiLUUA=w156-h114-p-k-no",35.8321168,10.6366982,contact@valomnia.com,Not Available,Not Available,Not Available,Not Available,Not Available,Not Available
DevXperts : Société d’Outsourcing des Ressources TI,https://www.google.com/maps/place/DevXperts+:+Soci%C3%A9t%C3%A9+d%E2%80%99Outsourcing+des+Ressources+TI/data=!4m7!3m6!1s0x1301d3b5ec61dc55:0x88437273d7159f0e!8m2!3d34.7420041!4d10.7553412!16s%2Fg%2F11rwqq0lwz!19sChIJVdxh7LXTARMRDp8V13NyQ4g?authuser=0&hl=en&rclk=1,https://lh3.googleusercontent.com/gps-cs-s/AHRPTWlGhRuKYpiHfjr-SoSIrv_a6iPE2BJYs9sRCCYgRxcPdnEQRYUyVeYr_NXCdFrnKC8Cs0kXqSeEDJRVPzO56vpr1Br_lQgSa6EfhiX8Ep23CvhZCTHw2mAcEpLZTYv0V1bWauWOug=w408-h306-k-no,4.7,Not Available,Computer support and services,"Rue Ennassirria , Imm Vincci 5e étage A5-2, Sfax 3027","Monday, 8:30 AM to 6 PM,Thursday, 8:30 AM to 6 PM,Friday, 8:30 AM to 6 PM,Saturday, Closed,Sunday, Closed",Not Available,https://devxperts.tn/,50 346 313,"https://lh3.googleusercontent.com/gps-cs-s/AHRPTWlGhRuKYpiHfjr-SoSIrv_a6iPE2BJYs9sRCCYgRxcPdnEQRYUyVeYr_NXCdFrnKC8Cs0kXqSeEDJRVPzO56vpr1Br_lQgSa6EfhiX8Ep23CvhZCTHw2mAcEpLZTYv0V1bWauWOug=w32-h32-p-k-no,https://lh3.googleusercontent.com/gps-cs-s/AHRPTWlGhRuKYpiHfjr-SoSIrv_a6iPE2BJYs9sRCCYgRxcPdnEQRYUyVeYr_NXCdFrnKC8Cs0kXqSeEDJRVPzO56vpr1Br_lQgSa6EfhiX8Ep23CvhZCTHw2mAcEpLZTYv0V1bWauWOug=w408-h306-k-no,https://lh3.googleusercontent.com/gps-cs-s/AHRPTWlGhRuKYpiHfjr-SoSIrv_a6iPE2BJYs9sRCCYgRxcPdnEQRYUyVeYr_NXCdFrnKC8Cs0kXqSeEDJRVPzO56vpr1Br_lQgSa6EfhiX8Ep23CvhZCTHw2mAcEpLZTYv0V1bWauWOug=w397-h298-k-no,https://lh3.googleusercontent.com/gps-cs-s/AHRPTWmilsPQpWxN5-0lw69BtvJIJnTLncROquEtMRNlqVJw7sOrxTE2XLcDMgovc1IB0GVg9vy2ggVl2yhSOrGamltzZs5wq8TSI7SHwFnlJ7vVMqkQBIdtXt0CnpwShT-j3S7KXKIm=w397-h298-k-no,https://lh3.googleusercontent.com/gps-cs-s/AHRPTWlHvq8CdAzJ_QmB7g286-UkYoVKUU_DkeHzdNFpZEq3RJxG3hioDrRDRmy2I-axBHDAE1TS7QQVdsn4g-j07FgQInFOmlflDqbbnl5vw3T6bYl2auqRlfZNj1Ws3ONzqT4xGv-LmA=w298-h298-k-no,https://lh3.googleusercontent.com/a-/ALV-UjWXbeGPTTKVsTXVZ3EW_ow7PDD2AciKcZaiurWMkzK0BioZHdQ5=w36-h36-p-rp-mo-br100,https://lh3.googleusercontent.com/a-/ALV-UjVp8HoVICjE_nhLqfFao9CcDdJov4h4vKksX9A13ETXtHoLWyNp=w36-h36-p-rp-mo-br100,https://lh3.googleusercontent.com/a/ACg8ocJaV-VymfQC0zPcKNb6ioa9c4of94eqfdIbGjIGkF6vzqh1vg=w36-h36-p-rp-mo-ba12-br100,https://lh3.googleusercontent.com/gps-cs-s/AHRPTWmNFFa2bsCe0QmXvUQxdaZmyC6YZLBbylYutcueebf9qiK_Df9E51jTZ5In8j8VJIWpH666RYLry9JpboHTBMTHjWc86TiYvb0KzJcPga9-Dx3K9l0ILvUlYy16HACFZ-C0brsh_94VKVI0=w156-h114-p-k-no",34.7420041,10.7553412,IKchaou@devxperts.tn,https://www.facebook.com/DevXperts-102508595159261,Not Available,Not Available,Not Available,https://www.linkedin.com/company/devexperts-tunisie/,"Service options,,Online appointments,,On-site services"
"ASM - Caisse tactile tunisie, balance électronique (sfax)","https://www.google.com/maps/place/ASM+-+Caisse+tactile+tunisie,+balance+%C3%A9lectronique+%28sfax%29/data=!4m7!3m6!1s0x1301d32abc7c36f9:0xfcc1b03401f6382b!8m2!3d34.7391013!4d10.7539551!16s%2Fg%2F11g6hzxy0h!19sChIJ-TZ8vCrTARMRKzj2ATSwwfw?authuser=0&hl=en&rclk=1",https://lh3.googleusercontent.com/a/ACg8ocI46SmXr8s4GbtjkVFET9uNArGv6KjBdb6cXEiDti7s5ZsTxA=w36-h36-p-rp-mo-ba12-br100,4.4,Not Available,Software company,"Immeuble Al Itkan B11, Avenue de la liberté, Av. du 14 Janvier, Sfax 3027","Monday, 9 AM to 6 PM,Thursday, 9 AM to 6 PM,Friday, 9 AM to 6 PM,Saturday, Closed,Sunday, Closed",Not Available,https://www.asmpos.com/,92 022 808,"https://lh3.googleusercontent.com/gps-cs-s/AHRPTWmwaW897l9MuH7IEipOy6I-ECZ5zBMbU5BEtXrWZgS5GH6HJH4byE1gLCe0o-ueN0TarfqU_oPXVK47TeKp7bWW0WeuT79xkhHApeLWPcQb9ZFimhyIvA_PLVesrYza8mGj7iE5=w32-h32-p-k-no,https://lh3.googleusercontent.com/gps-cs-s/AHRPTWmwaW897l9MuH7IEipOy6I-ECZ5zBMbU5BEtXrWZgS5GH6HJH4byE1gLCe0o-ueN0TarfqU_oPXVK47TeKp7bWW0WeuT79xkhHApeLWPcQb9ZFimhyIvA_PLVesrYza8mGj7iE5=w648-h240-k-no,https://lh3.googleusercontent.com/gps-cs-s/AHRPTWmwaW897l9MuH7IEipOy6I-ECZ5zBMbU5BEtXrWZgS5GH6HJH4byE1gLCe0o-ueN0TarfqU_oPXVK47TeKp7bWW0WeuT79xkhHApeLWPcQb9ZFimhyIvA_PLVesrYza8mGj7iE5=w805-h298-k-no,https://lh3.googleusercontent.com/gps-cs-s/AHRPTWlJ2w_khJLv-5DUtfgFE2sPPGFvT6oL7315hlXkDwQYZONEMEX7BGvT9vxHc6TjAdvz81-1U01HZR81TqXB4MdrdWJD6yzVfoZqWAoAIh-xWFkUPaH8QkaoIwsx6zCCCKiOeg0zSA=w476-h298-k-no,https://lh3.googleusercontent.com/gps-cs-s/AHRPTWn3nq6gD6hrmRpKsxsd7WivCgvNUc2GrBTfPShTTlC8639wbRnxtfd3Kohpl2iJunZ3Dg8jEX0IIuiWgYjLFryz2UOD8H0a0-bsaKWf9g0_UeKBCmMuJeueElwrZhHe9dkLjNqK7w=w529-h298-k-no,https://streetviewpixels-pa.googleapis.com/v1/thumbnail?panoid=beLisDuvA58Zeeyqke9goA&cb_client=maps_sv.tactile.gps&w=224&h=298&yaw=243.08887&pitch=0&thumbfov=100,https://lh3.googleusercontent.com/a/ACg8ocI46SmXr8s4GbtjkVFET9uNArGv6KjBdb6cXEiDti7s5ZsTxA=w36-h36-p-rp-mo-ba12-br100,https://lh3.googleusercontent.com/a-/ALV-UjWNNSn0EBwD7k3z2Iak6cnow89Sim68WdXOD9R9xnHs59xsYub0GQ=w36-h36-p-rp-mo-ba12-br100,https://lh3.googleusercontent.com/a/ACg8ocJYDuwBRPNkyFMsse0QOWBbynDiLy0qgU0VvMcD7CSSXzk3lw=w36-h36-p-rp-mo-br100,https://lh3.googleusercontent.com/gps-cs-s/AHRPTWknmAlBWq2wxmSLEEPnfr2It-0Tkz-FRPEO7PDeZhVXVRoWrlXv7ii9L3Fo3qYWtN_bSKdxkBV7Z_arN5uKoUtt1HVmZxNQUqyFtEsV42QJbAjU-puQv9f826GFk8CSOsw2cVbR=w156-h114-p-k-no,https://lh3.googleusercontent.com/gps-cs-s/AHRPTWkL5UEgK8F3XvPI5xb0fGj49WNe5XvpiJcB94RsMBXDlTxYOqFXuTlI7TYOJUYv-7RYSmxW7bXeCHqK8fHY7zoRSur2KB3T6L_dqyorchsy81Ks5M6zrXwavzv244Mh61woYTJN=w156-h114-p-k-no",34.7391013,10.7539551,sav@asm-tunisie.com,https://www.facebook.com/AllSoftMultimedia.POS,Not Available,https://www.instagram.com/keithrockefeller_0119/,https://www.youtube.com/@allsoftmultimedia1873,https://www.linkedin.com/company/asm-tunisie/posts/?feedView=all,"Service options,,Online appointments,,On-site services,    Planning,,Appointment required"
Softtodo,https://www.google.com/maps/place/Softtodo/data=!4m7!3m6!1s0x1301d348ed6f0101:0x4366d9be4276b555!8m2!3d34.7498413!4d10.7286425!16s%2Fg%2F11d_y5blmp!19sChIJAQFv7UjTARMRVbV2Qr7ZZkM?authuser=0&hl=en&rclk=1,https://lh3.googleusercontent.com/gps-cs-s/AHRPTWlN6TLcnPaTbnrlW9XYUJwepAwNue1_G3YJOqUlgqwHwayORXx0hS82HoswMBTCIbTz-ty7zSO7riuRM0XKieeAciRMyeWz8MaZO06FCGEh6qI8hI8MS8naaKApzQMHuRUeKD0PWg=w408-h272-k-no,4.7,Not Available,Software company,"Route El Ain, Km3 Ceinture Bourguiba, Sfax","Monday, 8 AM to 5 PM,Thursday, 8 AM to 5 PM,Friday, 8 AM to 5 PM,Saturday, Closed,Sunday, Closed",Not Available,http://softtodo.com/,74 660 544,"https://lh3.googleusercontent.com/gps-cs-s/AHRPTWlN6TLcnPaTbnrlW9XYUJwepAwNue1_G3YJOqUlgqwHwayORXx0hS82HoswMBTCIbTz-ty7zSO7riuRM0XKieeAciRMyeWz8MaZO06FCGEh6qI8hI8MS8naaKApzQMHuRUeKD0PWg=w32-h32-p-k-no,https://lh3.googleusercontent.com/gps-cs-s/AHRPTWlN6TLcnPaTbnrlW9XYUJwepAwNue1_G3YJOqUlgqwHwayORXx0hS82HoswMBTCIbTz-ty7zSO7riuRM0XKieeAciRMyeWz8MaZO06FCGEh6qI8hI8MS8naaKApzQMHuRUeKD0PWg=w408-h272-k-no,https://lh3.googleusercontent.com/gps-cs-s/AHRPTWlN6TLcnPaTbnrlW9XYUJwepAwNue1_G3YJOqUlgqwHwayORXx0hS82HoswMBTCIbTz-ty7zSO7riuRM0XKieeAciRMyeWz8MaZO06FCGEh6qI8hI8MS8naaKApzQMHuRUeKD0PWg=w447-h298-k-no,https://lh3.googleusercontent.com/gps-cs-s/AHRPTWkeLSAtox0CpPkwYy0983i8SYGF2CgtlGPKk1XY7Trl72WupaUDn-WXIB-rEu8S2giyB7C05WudeGzyjdfGsXA7_4H6NBb2r5HAyDyDUIs_iCmI8KNcJWqY45gBLWtoBA4FIUqqxw=w447-h298-k-no,https://streetviewpixels-pa.googleapis.com/v1/thumbnail?panoid=gTf-IeXiJ0hCaAa3VXlPOw&cb_client=maps_sv.tactile.gps&w=224&h=298&yaw=307.83792&pitch=0&thumbfov=100,https://lh3.googleusercontent.com/a-/ALV-UjWV6oTWgCEUCjRaaOIxIG0O38C5LMsdpINAWFJMpsm8beK-rec=w36-h36-p-rp-mo-ba12-br100,https://lh3.googleusercontent.com/a-/ALV-UjWGs1cESbyCOSwbFNQJkuGrXTkLXaRJ7zggk-SpOG7JGh105UwY=w36-h36-p-rp-mo-br100,https://lh3.googleusercontent.com/a-/ALV-UjUeVTfHeJVftKrfTteM_S8RKN8cS_zpc9M2ZYQ4zqW8oBL9qWA=w36-h36-p-rp-mo-br100,https://lh3.googleusercontent.com/gps-cs-s/AHRPTWm-fIUFDInrnC6NDM4OVEyhCuKL_9f9RFG-LfZPxYfysRsJH9h9XvUbib3xDiZ75CDaS7qpIYpgp7ZZo0WKTpdfdtpuA2Op02vQnGgw6hmLflenz7u1tFqYvNxe1ONjgLehGtiE=w156-h114-p-k-no,https://lh3.googleusercontent.com/gps-cs-s/AHRPTWkL5UEgK8F3XvPI5xb0fGj49WNe5XvpiJcB94RsMBXDlTxYOqFXuTlI7TYOJUYv-7RYSmxW7bXeCHqK8fHY7zoRSur2KB3T6L_dqyorchsy81Ks5M6zrXwavzv244Mh61woYTJN=w156-h114-p-k-no",34.7498413,10.7286425,contact@softtodo.com,https://www.facebook.com/share/19gV345eeg/?mibextid=LQQJ4d,Not Available,https://www.instagram.com/soft_to_do?igsh=bXZiYjQ3Zm82dm5i,Not Available,https://www.linkedin.com/company/softtodo/,"Accessibility,,Wheelchair-accessible entrance,    Service options,,Online appointments,,On-site services,    Amenities,,Gender-neutral toilets"
PIVA Software,https://www.google.com/maps/place/PIVA+Software/data=!4m7!3m6!1s0x1301d305cfe7f5ed:0xcbb18f5996a1526a!8m2!3d34.7761978!4d10.7457277!16s%2Fg%2F11fy23yym_!19sChIJ7fXnzwXTARMRalKhllmPscs?authuser=0&hl=en&rclk=1,https://lh3.googleusercontent.com/gps-cs-s/AHRPTWkEw1HFCtjR6G-xaR7MYCjr_yl-mGRSZFhoSNIFrOOox3-TdcB-l3O5108vtUr1CR9qZzRQtm4v6RZpTj5mPbw7DXa0JKnOsE8bd4EgWX9Fpz4DQt72HHBdG5q4FWj3dBGUNRfX=w408-h306-k-no,5.0,Not Available,Software company,Sfax,"Monday, 8 AM to 6 PM,Thursday, 8 AM to 6 PM,Friday, 8 AM to 6 PM,Saturday, Closed,Sunday, Closed",Not Available,http://pivasoftware.com/,74 611 029,"https://lh3.googleusercontent.com/gps-cs-s/AHRPTWkEw1HFCtjR6G-xaR7MYCjr_yl-mGRSZFhoSNIFrOOox3-TdcB-l3O5108vtUr1CR9qZzRQtm4v6RZpTj5mPbw7DXa0JKnOsE8bd4EgWX9Fpz4DQt72HHBdG5q4FWj3dBGUNRfX=w32-h32-p-k-no,https://lh3.googleusercontent.com/gps-cs-s/AHRPTWkEw1HFCtjR6G-xaR7MYCjr_yl-mGRSZFhoSNIFrOOox3-TdcB-l3O5108vtUr1CR9qZzRQtm4v6RZpTj5mPbw7DXa0JKnOsE8bd4EgWX9Fpz4DQt72HHBdG5q4FWj3dBGUNRfX=w408-h306-k-no,https://lh3.googleusercontent.com/gps-cs-s/AHRPTWkEw1HFCtjR6G-xaR7MYCjr_yl-mGRSZFhoSNIFrOOox3-TdcB-l3O5108vtUr1CR9qZzRQtm4v6RZpTj5mPbw7DXa0JKnOsE8bd4EgWX9Fpz4DQt72HHBdG5q4FWj3dBGUNRfX=w397-h298-k-no,https://streetviewpixels-pa.googleapis.com/v1/thumbnail?panoid=Vb9sn5iBpPc7DXdyYG9geA&cb_client=maps_sv.tactile.gps&w=224&h=298&yaw=216.8218&pitch=0&thumbfov=100,https://lh3.googleusercontent.com/a/ACg8ocLWpMLwnjx1WYSQwt-p-762a2kdbVkw70uYqEFlmZWJE_ziXA=w36-h36-p-rp-mo-br100,https://lh3.googleusercontent.com/a/ACg8ocJY2wsMDUTSrRudbZvwYRTFdooQ2hF5UChr2zvlJNo4fEMk=w36-h36-p-rp-mo-br100,https://lh3.googleusercontent.com/gps-cs-s/AHRPTWm_4V2AOJ2dZweccViMVJUGsi11vDFIbT3Aoe9Sc7WXgolNhEqMghQtbMKG9zLU_uoSwIBNH6ueUXE7pawAvbhKDUCKu2QFFELjzX7wIkYGsqq5x4QR8kIhdN-ipsbhEUWV___F=w156-h114-p-k-no,https://lh3.googleusercontent.com/gps-cs-s/AHRPTWlES9mIoy_un-Wv5SVdETSYaiHjsEt4MB0OpeRwIEWvoRhCcJrdhT9pJ_gIUKys1QaXHzrNfDEvmhe4o8MCYWskxrwjmyTFWSOCJHVtTppQka_vwfeIPuErQYBkBj_pDSSYDhiU=w156-h114-p-k-no",34.7761978,10.7457277,sales@pivasoftware.com,Not Available,Not Available,Not Available,Not Available,https://www.linkedin.com/company/1994426,Not Available
PixiMind,https://www.google.com/maps/place/PixiMind/data=!4m7!3m6!1s0x13002d4d0d8e6425:0x397e274630276d20!8m2!3d34.7457378!4d10.7436363!16s%2Fg%2F11gwgq256c!19sChIJJWSODU0tABMRIG0nMEYnfjk?authuser=0&hl=en&rclk=1,https://lh3.googleusercontent.com/gps-cs-s/AHRPTWkgNOQFUhIAEdxHmviaG1B4JMvdCueYT2_PuvzmklO9J28vQCkm9pLfsUErSpPZkY_zD1iS_Kr73m78Iy6A7M0CI_UOs0MEVdbPd88Ta2EenuZ92K5neSK6B68Zs8qmqP0yKOlR=w408-h271-k-no,5.0,Not Available,Software company,"Route El Ain, Km 1,5 Imm Ihssen , Etage2 Sfax, 3026","Monday, 9 AM to 5 PM,Thursday, 9 AM to 5 PM,Friday, 9 AM to 5 PM,Saturday, Closed,Sunday, Closed",Not Available,https://www.piximind.com/,31 587 777,"https://lh3.googleusercontent.com/gps-cs-s/AHRPTWkgNOQFUhIAEdxHmviaG1B4JMvdCueYT2_PuvzmklO9J28vQCkm9pLfsUErSpPZkY_zD1iS_Kr73m78Iy6A7M0CI_UOs0MEVdbPd88Ta2EenuZ92K5neSK6B68Zs8qmqP0yKOlR=w32-h32-p-k-no,https://lh3.googleusercontent.com/gps-cs-s/AHRPTWkgNOQFUhIAEdxHmviaG1B4JMvdCueYT2_PuvzmklO9J28vQCkm9pLfsUErSpPZkY_zD1iS_Kr73m78Iy6A7M0CI_UOs0MEVdbPd88Ta2EenuZ92K5neSK6B68Zs8qmqP0yKOlR=w408-h271-k-no,https://lh3.googleusercontent.com/gps-cs-s/AHRPTWkgNOQFUhIAEdxHmviaG1B4JMvdCueYT2_PuvzmklO9J28vQCkm9pLfsUErSpPZkY_zD1iS_Kr73m78Iy6A7M0CI_UOs0MEVdbPd88Ta2EenuZ92K5neSK6B68Zs8qmqP0yKOlR=w447-h298-k-no,https://lh3.googleusercontent.com/gps-cs-s/AHRPTWnBvMn5z8jfevv_Av7AqKiOftjZbtQLpFwkeFIw8W41vCH7Ti5tpR8d5l80lQYPNM07FEjHyZltL80ePuLNDLmq3D9DYm_Nm1ixFx1J0wZyO9J8uoFHofrcibfosr74bHt9pjC25w=w529-h298-k-no,https://streetviewpixels-pa.googleapis.com/v1/thumbnail?panoid=bkYwUQPhNPP0sZ0amh103Q&cb_client=maps_sv.tactile.gps&w=224&h=298&yaw=300.50638&pitch=0&thumbfov=100,https://lh3.googleusercontent.com/a-/ALV-UjUq3rqU69wSCAGmYIInnmuFTe114U7NLnsxH_eAWkRD7rl0_fmp_g=w36-h36-p-rp-mo-ba12-br100,https://lh3.googleusercontent.com/gps-cs-s/AHRPTWlDxk9v_-Pxql_oONH9jqAf69tFsDx5Buq6J-iVRcj_NEbI1edrmHLmiLmDxdxKSEmhLXaeH776V0DMhyz-1KlzXxaeXPx8OehSUY7bFxSpU_5uuCETFU4YAZOvfbQmoYriEXFD=w156-h114-p-k-no",34.7457378,10.7436363,Not Available,https://www.facebook.com/piximind/?ref=pages_you_manage,Not Available,https://www.instagram.com/piximind_officiel/,Not Available,https://www.linkedin.com/company/piximind/mycompany/?viewAsMember=true,"Accessibility,,Wheelchair-accessible entrance,    Service options,,Online appointments,    Planning,,Appointment required,    Parking,,Free of charge street parking"
ABS COMPUTER,https://www.google.com/maps/place/ABS+COMPUTER/data=!4m7!3m6!1s0x13002d2e73eff565:0xc45bb5d43e58051d!8m2!3d34.7524554!4d10.7607482!16s%2Fg%2F1vlnsvwp!19sChIJZfXvcy4tABMRHQVYPtS1W8Q?authuser=0&hl=en&rclk=1,https://lh3.googleusercontent.com/a-/ALV-UjX6hI16uDW3HArnhkBYhglEXkp0dMedAhwtA0bK4X1r2OiFJ_t0=w36-h36-p-rp-mo-br100,4.8,Not Available,Software company,"Rte de Tunis IMM. Moulin ville center BLOC B BR. 02 Sfax، 3002, Tinis, Sfax","Monday, 8 AM to 1 PM, 2 to 5:30 PM,Thursday, 8 AM to 1 PM, 2 to 5:30 PM,Friday, 8 AM to 12 PM, 2 to 6 PM,Saturday, Closed,Sunday, Closed",Not Available,http://www.abscomputer.co/,70 015 081,"https://lh3.googleusercontent.com/gps-cs-s/AHRPTWm5W4Dm-za3Z8knCVUAjIyD4PKdY9lpKsU1YbJVQmkdYHdRJTvips6x5yhDv6FIsBd7MLLB5Hy7-kLhSmf6Xt4jMeO2vgYT7N3AHw9xzplwIiuC0TehsjaXQTMeySt59kEJ8-xp_A=w32-h32-p-k-no,https://lh3.googleusercontent.com/gps-cs-s/AHRPTWm5W4Dm-za3Z8knCVUAjIyD4PKdY9lpKsU1YbJVQmkdYHdRJTvips6x5yhDv6FIsBd7MLLB5Hy7-kLhSmf6Xt4jMeO2vgYT7N3AHw9xzplwIiuC0TehsjaXQTMeySt59kEJ8-xp_A=w427-h240-k-no,https://lh3.googleusercontent.com/gps-cs-s/AHRPTWm5W4Dm-za3Z8knCVUAjIyD4PKdY9lpKsU1YbJVQmkdYHdRJTvips6x5yhDv6FIsBd7MLLB5Hy7-kLhSmf6Xt4jMeO2vgYT7N3AHw9xzplwIiuC0TehsjaXQTMeySt59kEJ8-xp_A=w530-h298-k-no,https://lh3.googleusercontent.com/gps-cs-s/AHRPTWkrQ-mSDFA7wzHGNCSrH4DfaZvZpfv6BIA8OxVQqLVXnBET1njf6cAwA6dKaSKUQn03QcZWxK3nHyY450M22pqVVprqHLE-vaauf63VIPtFjwJvVdDRHo0AK96JQtt-tiOBUoW-LQ=w397-h298-k-no,https://lh3.googleusercontent.com/gps-cs-s/AHRPTWk9gyX9mUZn1mrCMkbLLefbF5wXyBKZ_9jeWTpu1fCJ6c29IvV2AJN3iWekG1HcQLtHawsLjS_D0-bEwBMwQIOhBEdxB4RG9o8rYPAucte0DGB3xbkS7Du3Nz4hg7wnqVMdRELU=w397-h298-k-no,https://lh3.googleusercontent.com/a-/ALV-UjX6hI16uDW3HArnhkBYhglEXkp0dMedAhwtA0bK4X1r2OiFJ_t0=w36-h36-p-rp-mo-br100,https://lh3.googleusercontent.com/a/ACg8ocLeFR6eOnRNLC1YNjHbPF5S1JsGkgkhGkm_wepV_m5kLnH4dg=w36-h36-p-rp-mo-br100,https://lh3.googleusercontent.com/a/ACg8ocIXJFz_mBqIB36KlMeyVxR2tnBG6o9X_8FhXz0Vxj-_tOUuzA=w36-h36-p-rp-mo-br100,https://lh3.googleusercontent.com/gps-cs-s/AHRPTWkL5UEgK8F3XvPI5xb0fGj49WNe5XvpiJcB94RsMBXDlTxYOqFXuTlI7TYOJUYv-7RYSmxW7bXeCHqK8fHY7zoRSur2KB3T6L_dqyorchsy81Ks5M6zrXwavzv244Mh61woYTJN=w156-h114-p-k-no,https://lh3.googleusercontent.com/gps-cs-s/AHRPTWne0QMwKyNBQxs3m5C1u9b10lzsXn4OevpqHnfr4duPqqO8AdWfVp3EwgFFmcTTjwBSIul4Ol0jJiSXRQalI9ob7YFHz3kj4khCU2VuIl7BUC33H45FgvXFR7J2xua13K2EnwFjlw=w156-h114-p-k-no",34.7524554,10.7607482,contact@abscomputer.tn,https://www.facebook.com/abscomputer.tn/,Not Available,Not Available,https://www.youtube.com/channel/UCI66VlhRSmDC-A1pTJVSBLg,Not Available,"Service options,,On-site services,,Online appointments,    Planning,,Appointment required"
Business Software,https://www.google.com/maps/place/Business+Software/data=!4m7!3m6!1s0x13002cd25fc3ab9d:0xb977cfd339922cf6!8m2!3d34.7410273!4d10.7564755!16s%2Fg%2F1q5bw1_c3!19sChIJnavDX9IsABMR9iySOdPPd7k?authuser=0&hl=en&rclk=1,https://lh3.googleusercontent.com/a/ACg8ocJdAkXgpV161vK2oPDviVMmMM7ZiQAjthLaHcwa4PTe5Khn_Ls=w36-h36-p-rp-mo-ba12-br100,4.3,Not Available,Software company,"PQR4+CH9, Sfax","Monday, 8:30 AM to 5:30 PM,Thursday, 8:30 AM to 5:30 PM,Friday, 8:30 AM to 5:30 PM,Saturday, 8:30 AM to 5:30 PM,Sunday, Closed",Not Available,http://www.businessoftware.com.tn/,74 452 209,"https://lh3.googleusercontent.com/a/ACg8ocJdAkXgpV161vK2oPDviVMmMM7ZiQAjthLaHcwa4PTe5Khn_Ls=w36-h36-p-rp-mo-ba12-br100,https://lh3.googleusercontent.com/a/ACg8ocJUd-SB2MTvG7FeyAo7SzlvWhHKsUaILo8-1KgAwWZPj-RuFg=w36-h36-p-rp-mo-ba12-br100,https://lh3.googleusercontent.com/a-/ALV-UjUiplp6dwcyl2fsLUoxxN-3-RM_gl5bNRroC4capMarhXG7lZ0=w36-h36-p-rp-mo-br100,https://lh6.googleusercontent.com/proxy/2ZMoWFxBB6PtPnDf4qp1T-8fHOLjHHQZ7RNhGkd2_jYcbN5pTPrrTzeMC7D9B6DfV2xsfDo_nDuKbJLN4FagKTguCEx3Y2suLUrY6ZdLUlO9wD0Yffk4SpmKEhUGP7fbzWBNs5esRj77k6cFvyD20kxF_7DZFw=w156-h114-p-k-no,https://lh3.googleusercontent.com/gps-cs-s/AHRPTWm5W4Dm-za3Z8knCVUAjIyD4PKdY9lpKsU1YbJVQmkdYHdRJTvips6x5yhDv6FIsBd7MLLB5Hy7-kLhSmf6Xt4jMeO2vgYT7N3AHw9xzplwIiuC0TehsjaXQTMeySt59kEJ8-xp_A=w156-h114-p-k-no",34.7410273,10.7564755,contact@businessoftware.com.tn,https://www.facebook.com/Business.Software2006,Not Available,https://www.instagram.com/business.software2006/,Not Available,https://www.linkedin.com/company/business-software2006/,Not Available
IDEAL SOFTWARE SOLUTIONS,https://www.google.com/maps/place/IDEAL+SOFTWARE+SOLUTIONS/data=!4m7!3m6!1s0x1301d3c67863d8f1:0xaae9b89e134aad32!8m2!3d34.7507344!4d10.7673776!16s%2Fg%2F11mhwmqrfj!19sChIJ8dhjeMbTARMRMq1KE5646ao?authuser=0&hl=en&rclk=1,https://lh3.googleusercontent.com/gps-cs-s/AHRPTWl35pI-2bwcyvTvoz3YQXdEeT7-aYokozdWwXt6gbgA_7Dtbr41xnpTKIzzgHQymLQna86J84YcJn8ZNQyp4d9mPQvcfAEGO6AvmCT36HCjz1M4XvkvqEzDZGlQmzkFNjz7G64P=w408-h576-k-no,5.0,Not Available,Software company,Route de Mahdia km 1.5,"Monday, 8 AM to 6 PM,Thursday, 8 AM to 6 PM,Friday, 8 AM to 6 PM,Saturday, 8 AM to 1 PM,Sunday, Closed",Not Available,Not Available,28 814 500,"https://lh3.googleusercontent.com/gps-cs-s/AHRPTWl35pI-2bwcyvTvoz3YQXdEeT7-aYokozdWwXt6gbgA_7Dtbr41xnpTKIzzgHQymLQna86J84YcJn8ZNQyp4d9mPQvcfAEGO6AvmCT36HCjz1M4XvkvqEzDZGlQmzkFNjz7G64P=w32-h32-p-k-no,https://lh3.googleusercontent.com/gps-cs-s/AHRPTWl35pI-2bwcyvTvoz3YQXdEeT7-aYokozdWwXt6gbgA_7Dtbr41xnpTKIzzgHQymLQna86J84YcJn8ZNQyp4d9mPQvcfAEGO6AvmCT36HCjz1M4XvkvqEzDZGlQmzkFNjz7G64P=w408-h576-k-no,https://lh3.googleusercontent.com/gps-cs-s/AHRPTWl35pI-2bwcyvTvoz3YQXdEeT7-aYokozdWwXt6gbgA_7Dtbr41xnpTKIzzgHQymLQna86J84YcJn8ZNQyp4d9mPQvcfAEGO6AvmCT36HCjz1M4XvkvqEzDZGlQmzkFNjz7G64P=w224-h316-k-no,https://lh3.googleusercontent.com/gps-cs-s/AHRPTWmP9nABqmicsnP2sHXkePMvk6TJPyCTv4xCcIDgdOIisUa7DvX_Yv02ATwi_20iSkBZT_AaZpWPP8oexjB57bQ2jLx63HS5sL_6wqVGf02u88U0OTc10X2m4CtfwQ4WIFaXfFIo=w741-h298-k-no,https://streetviewpixels-pa.googleapis.com/v1/thumbnail?panoid=EGOgUxelE1zWrZDdUaYOGA&cb_client=maps_sv.tactile.gps&w=224&h=298&yaw=305.7644&pitch=0&thumbfov=100,https://lh3.googleusercontent.com/a/ACg8ocLbeGFyR3XSVMCcfAcN7Ftc22dS7hsywkWdv_i8HVfuPXGqxQ=w36-h36-p-rp-mo-br100,https://lh3.googleusercontent.com/gps-cs-s/AHRPTWkkqmWZ0L5-QjIMpFoIhILkxLfOzkunWptJJYHj3E6fcSNvwpp4niuFLHqu4IVQ3FF-cdjyZfemRJDXzSoCbDCI_xlscTWCaMCBk8RtLydcJxaKkWMvCMgVRGzgSdYNtzCH96rx=w156-h114-p-k-no,https://lh3.googleusercontent.com/gps-cs-s/AHRPTWlkHehlIiOQAXrxVDj4f-FuKlDzeyXsOxx-RtOt7AB2V4jNGeaqL2DlPBezC6vUk790aqk86-fKyqT9hg_a2nNjBMYiEFRtdrC6KMgpibtCIeExnx5AeBYnQeCyCin16eekLo2IdJV8s5Nv=w156-h114-p-k-no,https://lh3.googleusercontent.com/gps-cs-s/AHRPTWkEVIoh7YXseUqxRNTHzaiBFxT_ou46UWNzu_EdkbjAoxyn7vNaVexIDpwwMoYtmzPHi9tnKGbkMdJ5YmjtLL4M54ICuG2URIjx6wIB3i4m2N0zECZy9Pij5MpwJV5SwQnAGGnW=w156-h114-p-k-no",34.7507344,10.7673776,Not Available,Not Available,Not Available,Not Available,Not Available,Not Available,Not Available
A2SOFT,https://www.google.com/maps/place/A2SOFT/data=!4m7!3m6!1s0x13002cd54315c653:0x705cbd01efd221a3!8m2!3d34.7403396!4d10.7551015!16s%2Fg%2F11g6mff66d!19sChIJU8YVQ9UsABMRoyHS7wG9XHA?authuser=0&hl=en&rclk=1,https://lh3.googleusercontent.com/gps-cs-s/AHRPTWnTvhANvCWf31N9rqANLq7R9m_hR8nDQoHXz22jJDJNtOy8E_eh4PTrmgwPAlOg2mh-ly1YMIlSDdPXOc-jipsKEr9QCOx44oryQN6m_qdftZQMSgzxmHFTpqEOsUxMxqjxQbCB=w408-h337-k-no,5.0,Not Available,Software company,"App N°6, Complexe La Couronne, 3 ème étage Bloc A, Sfax","Monday, 8 AM to 5 PM,Thursday, 8 AM to 5 PM,Friday, 8 AM to 5 PM,Saturday, Closed,Sunday, Closed",Not Available,http://www.a2soft.tn/,74 400 336,"https://lh3.googleusercontent.com/gps-cs-s/AHRPTWnTvhANvCWf31N9rqANLq7R9m_hR8nDQoHXz22jJDJNtOy8E_eh4PTrmgwPAlOg2mh-ly1YMIlSDdPXOc-jipsKEr9QCOx44oryQN6m_qdftZQMSgzxmHFTpqEOsUxMxqjxQbCB=w32-h32-p-k-no,https://lh3.googleusercontent.com/gps-cs-s/AHRPTWnTvhANvCWf31N9rqANLq7R9m_hR8nDQoHXz22jJDJNtOy8E_eh4PTrmgwPAlOg2mh-ly1YMIlSDdPXOc-jipsKEr9QCOx44oryQN6m_qdftZQMSgzxmHFTpqEOsUxMxqjxQbCB=w408-h337-k-no,https://lh3.googleusercontent.com/gps-cs-s/AHRPTWnTvhANvCWf31N9rqANLq7R9m_hR8nDQoHXz22jJDJNtOy8E_eh4PTrmgwPAlOg2mh-ly1YMIlSDdPXOc-jipsKEr9QCOx44oryQN6m_qdftZQMSgzxmHFTpqEOsUxMxqjxQbCB=w360-h298-k-no,https://lh3.googleusercontent.com/a/ACg8ocKSdmai6YUXBistKGfysyzuLOxSfHRcCKf5TTwhiO_t-H7GqA=w36-h36-p-rp-mo-br100,https://lh3.googleusercontent.com/gps-cs-s/AHRPTWm5W4Dm-za3Z8knCVUAjIyD4PKdY9lpKsU1YbJVQmkdYHdRJTvips6x5yhDv6FIsBd7MLLB5Hy7-kLhSmf6Xt4jMeO2vgYT7N3AHw9xzplwIiuC0TehsjaXQTMeySt59kEJ8-xp_A=w156-h114-p-k-no,https://lh3.googleusercontent.com/gps-cs-s/AHRPTWmwaW897l9MuH7IEipOy6I-ECZ5zBMbU5BEtXrWZgS5GH6HJH4byE1gLCe0o-ueN0TarfqU_oPXVK47TeKp7bWW0WeuT79xkhHApeLWPcQb9ZFimhyIvA_PLVesrYza8mGj7iE5=w156-h114-p-k-no",34.7403396,10.7551015,Contact@a2soft.tn,https://fr-fr.facebook.com/a2soft.tn/,Not Available,Not Available,Not Available,Not Available,Not Available
ZETA-BOX,https://www.google.com/maps/place/ZETA-BOX/data=!4m7!3m6!1s0x1301d3f8b4a5e0b3:0x5a89a93824bc97aa!8m2!3d34.7394803!4d10.7557951!16s%2Fg%2F11h2fvv50k!19sChIJs-CltPjTARMRqpe8JDipiVo?authuser=0&hl=en&rclk=1,https://lh3.googleusercontent.com/gps-cs-s/AHRPTWlDxk9v_-Pxql_oONH9jqAf69tFsDx5Buq6J-iVRcj_NEbI1edrmHLmiLmDxdxKSEmhLXaeH776V0DMhyz-1KlzXxaeXPx8OehSUY7bFxSpU_5uuCETFU4YAZOvfbQmoYriEXFD=w408-h306-k-no,5.0,Not Available,Software company,"B-51، Av. Hedi Nouira, Sfax 3027","Monday, 8 AM to 6 PM,Thursday, 8 AM to 6 PM,Friday, 8 AM to 6 PM,Saturday, Closed,Sunday, Closed",Not Available,https://zeta-box.com/,29 009 390,"https://lh3.googleusercontent.com/gps-cs-s/AHRPTWlDxk9v_-Pxql_oONH9jqAf69tFsDx5Buq6J-iVRcj_NEbI1edrmHLmiLmDxdxKSEmhLXaeH776V0DMhyz-1KlzXxaeXPx8OehSUY7bFxSpU_5uuCETFU4YAZOvfbQmoYriEXFD=w32-h32-p-k-no,https://lh3.googleusercontent.com/gps-cs-s/AHRPTWlDxk9v_-Pxql_oONH9jqAf69tFsDx5Buq6J-iVRcj_NEbI1edrmHLmiLmDxdxKSEmhLXaeH776V0DMhyz-1KlzXxaeXPx8OehSUY7bFxSpU_5uuCETFU4YAZOvfbQmoYriEXFD=w408-h306-k-no,https://lh3.googleusercontent.com/gps-cs-s/AHRPTWlDxk9v_-Pxql_oONH9jqAf69tFsDx5Buq6J-iVRcj_NEbI1edrmHLmiLmDxdxKSEmhLXaeH776V0DMhyz-1KlzXxaeXPx8OehSUY7bFxSpU_5uuCETFU4YAZOvfbQmoYriEXFD=w397-h298-k-no,https://lh3.googleusercontent.com/gps-cs-s/AHRPTWnrtEMK9JzU6O1_Bnpwc7fNhSq0gYRh4TZlczGGDCj5dWtVLYC0Jik6t6dDOzHRahVEAMCqPYkh36KYeRxX00awzLPkvB3cqt2ef2QZVVUycz0RNBEQh6SrDpSyCppDXmO0Bk7nsA=w436-h298-k-no,https://lh3.googleusercontent.com/gps-cs-s/AHRPTWmjC-oIEXkqTumCUuXQhNAm01Z6SpTd69wvKomuG9CW0HmLi7Ry0QvbumRb4qMZkrFZvvS6LeQ8mA3kxgUn6JFd7Pg7xY_z15-RwIYaoEDcCE8hkfSl3QxLbSXLWpEOQ8_wZJHrWQ=w224-h399-k-no,https://lh3.googleusercontent.com/a-/ALV-UjUcI6KDLfvfWi-TYCRo25GYxMjn9jhJDet7iS4sW8eAl29ysnWq=w36-h36-p-rp-mo-br100,https://lh3.googleusercontent.com/a/ACg8ocJBo9ePRq8DzyP1LfFYvW_fRM4euhRUadMVo6sr88nn3xPGOA=w36-h36-p-rp-mo-br100,https://lh3.googleusercontent.com/a-/ALV-UjVgvl0L_wviEoFy3G4BhvPbSJKH2J4jPbliYtV6eHKxM6KMb9Gy=w36-h36-p-rp-mo-ba12-br100,https://lh3.googleusercontent.com/gps-cs-s/AHRPTWkgNOQFUhIAEdxHmviaG1B4JMvdCueYT2_PuvzmklO9J28vQCkm9pLfsUErSpPZkY_zD1iS_Kr73m78Iy6A7M0CI_UOs0MEVdbPd88Ta2EenuZ92K5neSK6B68Zs8qmqP0yKOlR=w156-h114-p-k-no,https://lh3.googleusercontent.com/gps-cs-s/AHRPTWlQuvYAKjIZJ42u4MbTsNq4EdC1dBXMqD3Ykoc6S1ZAywLQjweC8IbBpOomQaAZwnnxShzZYrfY4I9LJgRXFKpE3Avaa35cQHoKItpPeYXnbbhHx1j-JENxJLWDce8F5eLUZFP-=w156-h114-p-k-no",34.7394803,10.7557951,contact@zeta-box.com,https://www.facebook.com/ZetaBoxSoftwareEngineering,Not Available,https://www.instagram.com/zeta_box/,Not Available,https://www.linkedin.com/company/zeta-box/,"Accessibility,,Wheelchair-accessible seating,    Service options,,Online appointments,,On-site services,    Planning,,Appointment required"
SfaxSoft,https://www.google.com/maps/place/SfaxSoft/data=!4m7!3m6!1s0x1301d30e14580f29:0x809ac11d2e5266df!8m2!3d34.7387488!4d10.7562066!16s%2Fg%2F11h3v88t4l!19sChIJKQ9YFA7TARMR32ZSLh3BmoA?authuser=0&hl=en&rclk=1,https://lh3.googleusercontent.com/a/ACg8ocJXu8aYm85ZJZU2pn6n0hDEiUEVOSlIDO0PWCVm6cet1xSNjA=w36-h36-p-rp-mo-ba12-br100,5.0,Not Available,Software company,"Immeuble Ibn Rochd, Rue Hédi Nouira, Sfax 3000","Monday, 9 AM to 5 PM,Thursday, 9 AM to 5 PM,Friday, 9 AM to 5 PM,Saturday, 9 AM to 12 PM,Sunday, Closed",Not Available,http://www.sfaxsoft.com/,54 443 877,"https://lh3.googleusercontent.com/a/ACg8ocJXu8aYm85ZJZU2pn6n0hDEiUEVOSlIDO0PWCVm6cet1xSNjA=w36-h36-p-rp-mo-ba12-br100,https://lh3.googleusercontent.com/gps-cs-s/AHRPTWmBjrV8ra2w0xdTkBVV3P6eEAYiaoyEhSUn9eldzeMhvS3C_5C6LECVFRMM4wM1JFKj5UYNv7DYe3NsP-ntZYYpK07KJaVGl4hJdYGqRqJJ1Ecvg-YYy7KuTQEuzrB0f9AytBbq=w156-h114-p-k-no,https://lh3.googleusercontent.com/gps-cs-s/AHRPTWlN6TLcnPaTbnrlW9XYUJwepAwNue1_G3YJOqUlgqwHwayORXx0hS82HoswMBTCIbTz-ty7zSO7riuRM0XKieeAciRMyeWz8MaZO06FCGEh6qI8hI8MS8naaKApzQMHuRUeKD0PWg=w156-h114-p-k-no,https://lh3.googleusercontent.com/gps-cs-s/AHRPTWlGhRuKYpiHfjr-SoSIrv_a6iPE2BJYs9sRCCYgRxcPdnEQRYUyVeYr_NXCdFrnKC8Cs0kXqSeEDJRVPzO56vpr1Br_lQgSa6EfhiX8Ep23CvhZCTHw2mAcEpLZTYv0V1bWauWOug=w156-h114-p-k-no,https://lh3.googleusercontent.com/gps-cs-s/AHRPTWkL5UEgK8F3XvPI5xb0fGj49WNe5XvpiJcB94RsMBXDlTxYOqFXuTlI7TYOJUYv-7RYSmxW7bXeCHqK8fHY7zoRSur2KB3T6L_dqyorchsy81Ks5M6zrXwavzv244Mh61woYTJN=w156-h114-p-k-no",34.7387488,10.7562066,hello@company.com,Not Available,Not Available,Not Available,Not Available,Not Available,Not Available
ICT Technologies,https://www.google.com/maps/place/ICT+Technologies/data=!4m7!3m6!1s0x1301d1781b1cc251:0xbf58d6dafda1746b!8m2!3d34.7403261!4d10.7583409!16s%2Fg%2F11b708lkxq!19sChIJUcIcG3jRARMRa3Sh_drWWL8?authuser=0&hl=en&rclk=1,https://streetviewpixels-pa.googleapis.com/v1/thumbnail?panoid=wgwFoi22k-PRrqfucm10fA&cb_client=search.gws-prod.gps&w=408&h=240&yaw=219.01007&pitch=0&thumbfov=100,5.0,Not Available,Software company,"3éme étage, Immeuble ibn zohr, Av. de Carthage, Sfax","Monday, 8:30 AM to 3 PM,Thursday, 8:30 AM to 3 PM,Friday, 8:30 AM to 3 PM,Saturday, Closed,Sunday, Closed",Not Available,http://www.ict.com.tn/,26 219 632,"https://streetviewpixels-pa.googleapis.com/v1/thumbnail?panoid=wgwFoi22k-PRrqfucm10fA&cb_client=search.gws-prod.gps&w=86&h=86&yaw=219.01007&pitch=0&thumbfov=100,https://streetviewpixels-pa.googleapis.com/v1/thumbnail?panoid=wgwFoi22k-PRrqfucm10fA&cb_client=search.gws-prod.gps&w=408&h=240&yaw=219.01007&pitch=0&thumbfov=100,https://streetviewpixels-pa.googleapis.com/v1/thumbnail?panoid=wgwFoi22k-PRrqfucm10fA&cb_client=maps_sv.tactile.gps&w=224&h=298&yaw=219.01007&pitch=0&thumbfov=100,https://lh3.googleusercontent.com/a-/ALV-UjV5P0oqgnYsQspzWPn7R-K5tVQaXFC2Tp713P_aJZF8O-N6cXotpA=w36-h36-p-rp-mo-br100,https://lh3.googleusercontent.com/gps-cs-s/AHRPTWmNFFa2bsCe0QmXvUQxdaZmyC6YZLBbylYutcueebf9qiK_Df9E51jTZ5In8j8VJIWpH666RYLry9JpboHTBMTHjWc86TiYvb0KzJcPga9-Dx3K9l0ILvUlYy16HACFZ-C0brsh_94VKVI0=w156-h114-p-k-no",34.7403261,10.7583409,contact@ict.com.tn,https://www.facebook.com/www.ict.com.tn,Not Available,https://www.instagram.com/ict_marketing_digital/,Not Available,https://www.linkedin.com/company/ict-tn/,Not Available
INFOSOFT,https://www.google.com/maps/place/INFOSOFT/data=!4m7!3m6!1s0x1301d2d03919528f:0x7268248f20ba097e!8m2!3d34.746236!4d10.765006!16s%2Fg%2F1pv043kbp!19sChIJj1IZOdDSARMRfgm6II8kaHI?authuser=0&hl=en&rclk=1,https://lh3.googleusercontent.com/gps-cs-s/AHRPTWkL5UEgK8F3XvPI5xb0fGj49WNe5XvpiJcB94RsMBXDlTxYOqFXuTlI7TYOJUYv-7RYSmxW7bXeCHqK8fHY7zoRSur2KB3T6L_dqyorchsy81Ks5M6zrXwavzv244Mh61woYTJN=w426-h240-k-no,5.0,Not Available,Computer support and services,"Résidence Pavillon d'Or Mezzanine B05، Rue Majida Boulila, Sfax 3000","Monday, 8 AM to 6 PM,Thursday, 8 AM to 6 PM,Friday, 8 AM to 6 PM,Saturday, 8 AM to 2 PM,Sunday, Closed",Not Available,https://www.infosoft.tn/,70 032 511,"https://lh3.googleusercontent.com/gps-cs-s/AHRPTWkL5UEgK8F3XvPI5xb0fGj49WNe5XvpiJcB94RsMBXDlTxYOqFXuTlI7TYOJUYv-7RYSmxW7bXeCHqK8fHY7zoRSur2KB3T6L_dqyorchsy81Ks5M6zrXwavzv244Mh61woYTJN=w32-h32-p-k-no,https://lh3.googleusercontent.com/gps-cs-s/AHRPTWkL5UEgK8F3XvPI5xb0fGj49WNe5XvpiJcB94RsMBXDlTxYOqFXuTlI7TYOJUYv-7RYSmxW7bXeCHqK8fHY7zoRSur2KB3T6L_dqyorchsy81Ks5M6zrXwavzv244Mh61woYTJN=w426-h240-k-no,https://lh3.googleusercontent.com/gps-cs-s/AHRPTWkL5UEgK8F3XvPI5xb0fGj49WNe5XvpiJcB94RsMBXDlTxYOqFXuTlI7TYOJUYv-7RYSmxW7bXeCHqK8fHY7zoRSur2KB3T6L_dqyorchsy81Ks5M6zrXwavzv244Mh61woYTJN=w530-h298-k-no,https://lh3.googleusercontent.com/gps-cs-s/AHRPTWlsii2llonr1mVii4VH0dfeU-2eHjX3Zvadgeptq7wSO4kaCdJQV6hKO4wMQnSZMc6DNp1buPIMNBPsRB4Q31DzH6yeR-5tZ2_Qr8oaXlzrxx917Yd2c8YIWKg8QUeCinrNYdDojg=w298-h298-k-no,https://lh3.googleusercontent.com/a-/ALV-UjXiCWQ_Z0tGLn0ewd5nnmiCHhXtrKfsyqfhO6jbZKTspOYk_8E3=w36-h36-p-rp-mo-ba12-br100,https://lh3.googleusercontent.com/a-/ALV-UjUvTeGJiDgiRxzOz8gXRvZtzuUDyGldgNmnVw2G0TJ5QdWhLSWo=w36-h36-p-rp-mo-br100,https://lh3.googleusercontent.com/a-/ALV-UjVkdnVp5JcAVZo8qlDHf7ImzY9Bz4kbOBJ7imX8__njWNhnUYbe=w36-h36-p-rp-mo-br100,https://lh3.googleusercontent.com/gps-cs-s/AHRPTWmBjrV8ra2w0xdTkBVV3P6eEAYiaoyEhSUn9eldzeMhvS3C_5C6LECVFRMM4wM1JFKj5UYNv7DYe3NsP-ntZYYpK07KJaVGl4hJdYGqRqJJ1Ecvg-YYy7KuTQEuzrB0f9AytBbq=w156-h114-p-k-no,https://lh3.googleusercontent.com/gps-cs-s/AHRPTWkEVIoh7YXseUqxRNTHzaiBFxT_ou46UWNzu_EdkbjAoxyn7vNaVexIDpwwMoYtmzPHi9tnKGbkMdJ5YmjtLL4M54ICuG2URIjx6wIB3i4m2N0zECZy9Pij5MpwJV5SwQnAGGnW=w156-h114-p-k-no,https://lh3.googleusercontent.com/gps-cs-s/AHRPTWlGhRuKYpiHfjr-SoSIrv_a6iPE2BJYs9sRCCYgRxcPdnEQRYUyVeYr_NXCdFrnKC8Cs0kXqSeEDJRVPzO56vpr1Br_lQgSa6EfhiX8Ep23CvhZCTHw2mAcEpLZTYv0V1bWauWOug=w156-h114-p-k-no",34.746236,10.765006,Not Available,https://www.facebook.com/infosoft.tn/,https://twitter.com/SageInfosoft,https://www.instagram.com/infosoftsage/,https://www.youtube.com/channel/UC7SyVPQwArTnWN50UDCE2Kg,https://www.linkedin.com/in/infosoft-sage-8331773b/,Not Available
GREATSOFT,https://www.google.com/maps/place/GREATSOFT/data=!4m7!3m6!1s0x1301d15051315cdf:0x39f2b740930cf8fb!8m2!3d34.8358451!4d10.7541866!16s%2Fg%2F11pkjrlr8b!19sChIJ31wxUVDRARMR-_gMk0C38jk?authuser=0&hl=en&rclk=1,https://lh3.googleusercontent.com/gps-cs-s/AHRPTWlu-vEFukhalJ7j8VJ2r-u5YWP2NjckGIetNItdIPHv_bg5U_tpTd55E2ozrDO5a6Z8wh0qAJee_aLPN5jUojwXKB6kFErUjN9b7mrd-79WDGpqxAMucsAvJ1GdXEndCCTxDkeh=w1008-h240-k-no,5.0,Not Available,Software company,"Technopôle de Sfax Route de Tunis km 10, Cité El Ons Sfax, 3021","Monday, 8:30 AM to 5:30 PM,Thursday, 8:30 AM to 5:30 PM,Friday, 8:30 AM to 5:30 PM,Saturday, 8:30 AM to 1 PM,Sunday, Closed",Not Available,http://www.greatsoft.com.tn/,22 247 041,"https://lh3.googleusercontent.com/gps-cs-s/AHRPTWlu-vEFukhalJ7j8VJ2r-u5YWP2NjckGIetNItdIPHv_bg5U_tpTd55E2ozrDO5a6Z8wh0qAJee_aLPN5jUojwXKB6kFErUjN9b7mrd-79WDGpqxAMucsAvJ1GdXEndCCTxDkeh=w32-h32-p-k-no,https://lh3.googleusercontent.com/gps-cs-s/AHRPTWlu-vEFukhalJ7j8VJ2r-u5YWP2NjckGIetNItdIPHv_bg5U_tpTd55E2ozrDO5a6Z8wh0qAJee_aLPN5jUojwXKB6kFErUjN9b7mrd-79WDGpqxAMucsAvJ1GdXEndCCTxDkeh=w1008-h240-k-no,https://lh3.googleusercontent.com/gps-cs-s/AHRPTWlu-vEFukhalJ7j8VJ2r-u5YWP2NjckGIetNItdIPHv_bg5U_tpTd55E2ozrDO5a6Z8wh0qAJee_aLPN5jUojwXKB6kFErUjN9b7mrd-79WDGpqxAMucsAvJ1GdXEndCCTxDkeh=w1252-h298-k-no,https://lh3.googleusercontent.com/a/ACg8ocI4Y_izQacf_vyaHL5JT5lkA5asa6hDiQTOO-CnGQ6071ZRoQ=w36-h36-p-rp-mo-br100,https://lh3.googleusercontent.com/gps-cs-s/AHRPTWlnHzjqWgEKL9Q1eMcgjrJgguHKrlcJoydNd6RRjMs-519OFQbCx_uZuRld-0laqP35cBXQzNWrENFVMmcY7hF9lZGUP1pl6-N08EPZZemAhgJeO8NMCbFP4ZTb8h2syvz8JeJUHw=w156-h114-p-k-no",34.8358451,10.7541866,contact@greatsoft.com.tn,https://www.facebook.com/greatsoft.com.tn,Not Available,Not Available,Not Available,https://www.linkedin.com/company/greatsofttn,Not Available
ID SOFT - Caisse Tactile Tunisie,https://www.google.com/maps/place/ID+SOFT+-+Caisse+Tactile+Tunisie/data=!4m7!3m6!1s0x1301d3928cf84e95:0x3daf68477c622216!8m2!3d34.7546776!4d10.7622827!16s%2Fg%2F11hht7_gdp!19sChIJlU74jJLTARMRFiJifEdorz0?authuser=0&hl=en&rclk=1,https://lh3.googleusercontent.com/gps-cs-s/AHRPTWlkHehlIiOQAXrxVDj4f-FuKlDzeyXsOxx-RtOt7AB2V4jNGeaqL2DlPBezC6vUk790aqk86-fKyqT9hg_a2nNjBMYiEFRtdrC6KMgpibtCIeExnx5AeBYnQeCyCin16eekLo2IdJV8s5Nv=w408-h541-k-no,5.0,Not Available,Computer support and services,"Ariana Palace, Immeuble, Ave El-Bousten, Sfax","Monday, 9 AM to 6 PM,Thursday, 9 AM to 6 PM,Friday, 9 AM to 6 PM,Saturday, Closed,Sunday, Closed",Not Available,https://idsoft.tn/,52 316 703,"https://lh3.googleusercontent.com/gps-cs-s/AHRPTWlkHehlIiOQAXrxVDj4f-FuKlDzeyXsOxx-RtOt7AB2V4jNGeaqL2DlPBezC6vUk790aqk86-fKyqT9hg_a2nNjBMYiEFRtdrC6KMgpibtCIeExnx5AeBYnQeCyCin16eekLo2IdJV8s5Nv=w32-h32-p-k-no,https://lh3.googleusercontent.com/gps-cs-s/AHRPTWlkHehlIiOQAXrxVDj4f-FuKlDzeyXsOxx-RtOt7AB2V4jNGeaqL2DlPBezC6vUk790aqk86-fKyqT9hg_a2nNjBMYiEFRtdrC6KMgpibtCIeExnx5AeBYnQeCyCin16eekLo2IdJV8s5Nv=w408-h541-k-no,https://lh3.googleusercontent.com/gps-cs-s/AHRPTWlkHehlIiOQAXrxVDj4f-FuKlDzeyXsOxx-RtOt7AB2V4jNGeaqL2DlPBezC6vUk790aqk86-fKyqT9hg_a2nNjBMYiEFRtdrC6KMgpibtCIeExnx5AeBYnQeCyCin16eekLo2IdJV8s5Nv=w224-h298-k-no,https://lh3.googleusercontent.com/gps-cs-s/AHRPTWnyUs4owUNDC7KIRV8iF-uhyWkPRSECJOxFOxW3I6LoKexyf_fL-W8GdjTF54L3TIiuoc4Jmm2OiAiR6AgMwksKMNnbjCWb_petTFEbj6Ty8FUwn2BAE6yh6biCKWoiYEOaVwROTA=w529-h298-k-no,https://streetviewpixels-pa.googleapis.com/v1/thumbnail?panoid=ZOs6Z7H4if6KzFULxkkgXQ&cb_client=maps_sv.tactile.gps&w=224&h=298&yaw=102.35918&pitch=0&thumbfov=100,https://lh3.googleusercontent.com/a-/ALV-UjVg2a0STH2obYHSTBKof4wvBGgI-ICzBMuZDxxPQTT710yCf6p7jw=w36-h36-p-rp-mo-ba12-br100,https://lh3.googleusercontent.com/a-/ALV-UjV8yEcPe2QNY83VLK9gDXV48CBEQIPbFxb9YEm51yIiZl5uCS3G=w36-h36-p-rp-mo-br100,https://lh3.googleusercontent.com/a-/ALV-UjU0JcJMRljhMAWR2jjR2Vx6Up0M5MAdpL3J5MgJ1lYeNRTytnCG=w36-h36-p-rp-mo-br100,https://lh3.googleusercontent.com/gps-cs-s/AHRPTWmwaW897l9MuH7IEipOy6I-ECZ5zBMbU5BEtXrWZgS5GH6HJH4byE1gLCe0o-ueN0TarfqU_oPXVK47TeKp7bWW0WeuT79xkhHApeLWPcQb9ZFimhyIvA_PLVesrYza8mGj7iE5=w156-h114-p-k-no,https://lh3.googleusercontent.com/gps-cs-s/AHRPTWlGhRuKYpiHfjr-SoSIrv_a6iPE2BJYs9sRCCYgRxcPdnEQRYUyVeYr_NXCdFrnKC8Cs0kXqSeEDJRVPzO56vpr1Br_lQgSa6EfhiX8Ep23CvhZCTHw2mAcEpLZTYv0V1bWauWOug=w156-h114-p-k-no,https://lh3.googleusercontent.com/gps-cs-s/AHRPTWkL5UEgK8F3XvPI5xb0fGj49WNe5XvpiJcB94RsMBXDlTxYOqFXuTlI7TYOJUYv-7RYSmxW7bXeCHqK8fHY7zoRSur2KB3T6L_dqyorchsy81Ks5M6zrXwavzv244Mh61woYTJN=w156-h114-p-k-no,https://lh3.googleusercontent.com/gps-cs-s/AHRPTWkkqmWZ0L5-QjIMpFoIhILkxLfOzkunWptJJYHj3E6fcSNvwpp4niuFLHqu4IVQ3FF-cdjyZfemRJDXzSoCbDCI_xlscTWCaMCBk8RtLydcJxaKkWMvCMgVRGzgSdYNtzCH96rx=w156-h114-p-k-no",34.7546776,10.7622827,id2softwaresolutions@gmail.com,https://www.facebook.com/ID2S.Software.Solutions,Not Available,https://www.instagram.com/id2softwaresolutions/,https://www.youtube.com/@idsoftwaresolutions7363,https://www.linkedin.com/company/hyper-software-solutions/about/,"Service options,,Online appointments,,On-site services"
Telnet,https://www.google.com/maps/place/Telnet/data=!4m7!3m6!1s0x1301d2c5cfb89cbf:0xedb8bee553e2090a!8m2!3d34.7495018!4d10.7710535!16s%2Fg%2F1tglcyhb!19sChIJv5y4z8XSARMRCgniU-W-uO0?authuser=0&hl=en&rclk=1,https://lh3.googleusercontent.com/gps-cs-s/AHRPTWmR3mXq5Omz8ESkMHT2piEKfPzFa_BCVGMaIoEp_CRAobZechVnzOwkjpa36ybZnpFP80W7edJm1EIRcuir2JVmti7mQuUB654wPSsW1OrQNdEXMiky23msWZLk6tjbFEGPu0FR8Q=w408-h306-k-no,4.2,Not Available,Software company,"PQXC+RC3, Rue jamel eddin el Afghani, Sfax 3099",Not Available,Not Available,http://www.groupe-telnet.com/,Not Available,"https://lh3.googleusercontent.com/gps-cs-s/AHRPTWmR3mXq5Omz8ESkMHT2piEKfPzFa_BCVGMaIoEp_CRAobZechVnzOwkjpa36ybZnpFP80W7edJm1EIRcuir2JVmti7mQuUB654wPSsW1OrQNdEXMiky23msWZLk6tjbFEGPu0FR8Q=w32-h32-p-k-no,https://lh3.googleusercontent.com/gps-cs-s/AHRPTWmR3mXq5Omz8ESkMHT2piEKfPzFa_BCVGMaIoEp_CRAobZechVnzOwkjpa36ybZnpFP80W7edJm1EIRcuir2JVmti7mQuUB654wPSsW1OrQNdEXMiky23msWZLk6tjbFEGPu0FR8Q=w408-h306-k-no,https://lh3.googleusercontent.com/gps-cs-s/AHRPTWkQZJHzDA9kYv5Tzv8QLkny_2c19XLTODEZS_yx2KS4ua7AIrj5RwDxthgGP1UQWaweft587bMg3XruRIuUv4dWGs7rb9kH_ARlR9QwJR6I9H2vAd5w0OcSXN4_wZnltBohzmgf=w360-h175-k-no,https://lh3.googleusercontent.com/a-/ALV-UjUCiCif0EP3uosCSJlmKCy9n8YrD3cMSOdvfbbXP_w_w0kFkHDv6Q=w36-h36-p-rp-mo-br100,https://lh3.googleusercontent.com/a-/ALV-UjVPqw4anOYIUxZdp0WN25DvF_YFCida1tAr4oHjL2CYRQX9mr9GGQ=w36-h36-p-rp-mo-ba12-br100,https://lh3.googleusercontent.com/a-/ALV-UjU0fgqEOZOfLmauseXz23wICa4PEAQLJAh1EG5k41i3W5OmkpZ_wQ=w36-h36-p-rp-mo-ba12-br100,https://lh3.googleusercontent.com/gps-cs-s/AHRPTWlvlsDvxvbO7PKiAKpQRCwGlXZjgo4Q_WBSrGHMMOgYymVnKkldbfi4g7Ecaa3Jr0W5okbKhVf4lJLroTizor-uHsfBwtfSSb41FfkfLPOFuouzzFRWZXwUmZP_SUsvr0rukkTR=w156-h114-p-k-no,https://lh3.googleusercontent.com/gps-cs-s/AHRPTWnig-8z00CyHFDnwG_epZ76Gn1KyXeD7_c4F2RS2ys1DZhZIi7OR9zgLe7vrOOTQKoq0xWMoo0CrUQR2fg842txhAQ8Eo2NdK2D7VFg11BdqIGo76pRTXpc9mmx5atmrSET0knU=w156-h114-p-k-no,https://lh3.googleusercontent.com/gps-cs-s/AHRPTWlA1P1PLiqpgsDeYKTIK-CprABvY9yvK50BSG3U7qwe75i-wpMRMjk_SfFDPnSXV4ztwE1oSdadueztELGEb_apV_YojwNW188oR3bxALgVHG6G81j0OuNei1fJuHKHnT-yPCxToId7svE=w156-h114-p-k-no",34.7495018,10.7710535,info@groupe-telnet.net,https://www.facebook.com/telnet.holding.tn,https://twitter.com/telnetholding,Not Available,Not Available,https://tn.linkedin.com/in/telnet-tunisie-bb5883140,Not Available
Fogits - Intégrateur ERP Odoo,https://www.google.com/maps/place/Fogits+-+Int%C3%A9grateur+ERP+Odoo/data=!4m7!3m6!1s0x1301d39be1174909:0x3b6104895a49c873!8m2!3d34.7510455!4d10.7727325!16s%2Fg%2F11ll511l2l!19sChIJCUkX4ZvTARMRc8hJWokEYTs?authuser=0&hl=en&rclk=1,https://lh3.googleusercontent.com/gps-cs-s/AHRPTWkEVIoh7YXseUqxRNTHzaiBFxT_ou46UWNzu_EdkbjAoxyn7vNaVexIDpwwMoYtmzPHi9tnKGbkMdJ5YmjtLL4M54ICuG2URIjx6wIB3i4m2N0zECZy9Pij5MpwJV5SwQnAGGnW=w408-h305-k-no,4.9,Not Available,Computer consultant,"QQ2F+C35, Sfax 3099, Sfax 3002","Monday, 8:30 AM to 5:30 PM,Thursday, 8:30 AM to 5:30 PM,Friday, 8:30 AM to 5:30 PM,Saturday, Closed,Sunday, Closed",Not Available,http://www.fogits.com/,58 433 533,"https://lh3.googleusercontent.com/gps-cs-s/AHRPTWkEVIoh7YXseUqxRNTHzaiBFxT_ou46UWNzu_EdkbjAoxyn7vNaVexIDpwwMoYtmzPHi9tnKGbkMdJ5YmjtLL4M54ICuG2URIjx6wIB3i4m2N0zECZy9Pij5MpwJV5SwQnAGGnW=w32-h32-p-k-no,https://lh3.googleusercontent.com/gps-cs-s/AHRPTWkEVIoh7YXseUqxRNTHzaiBFxT_ou46UWNzu_EdkbjAoxyn7vNaVexIDpwwMoYtmzPHi9tnKGbkMdJ5YmjtLL4M54ICuG2URIjx6wIB3i4m2N0zECZy9Pij5MpwJV5SwQnAGGnW=w408-h305-k-no,https://lh3.googleusercontent.com/gps-cs-s/AHRPTWkEVIoh7YXseUqxRNTHzaiBFxT_ou46UWNzu_EdkbjAoxyn7vNaVexIDpwwMoYtmzPHi9tnKGbkMdJ5YmjtLL4M54ICuG2URIjx6wIB3i4m2N0zECZy9Pij5MpwJV5SwQnAGGnW=w397-h298-k-no,https://lh3.googleusercontent.com/gps-cs-s/AHRPTWm0pMhhAKNcFN_DzcSEbucB2Pmw7_mavJLyMLH7DQJGxtKTjU2-BTSOZ0Mz-WGHKOotP5MY1OcDtZx3EdvPeUjZwidZ6XQNVSfG8bv5tRAasglN5ELyqPSl3F7BSJYAKs-wkjWEPg=w298-h298-k-no,https://lh3.googleusercontent.com/a-/ALV-UjUBzVsnyYLOTqELrRtPhs6EMznsOSSJDEk1Iw7jmZofTn1zoH8=w36-h36-p-rp-mo-br100,https://lh3.googleusercontent.com/a/ACg8ocKqxyHZljrqtMYNnQjrk0CoYGbwS9S6dMlw6bzGBM-PQ_vtog=w36-h36-p-rp-mo-br100,https://lh3.googleusercontent.com/a-/ALV-UjX9W3b-xftXA1wVNjsuZW2QZUdPGe11Lp866uBhKCh7Y9JEkMoaZg=w36-h36-p-rp-mo-br100,https://lh3.googleusercontent.com/gps-cs-s/AHRPTWkL5UEgK8F3XvPI5xb0fGj49WNe5XvpiJcB94RsMBXDlTxYOqFXuTlI7TYOJUYv-7RYSmxW7bXeCHqK8fHY7zoRSur2KB3T6L_dqyorchsy81Ks5M6zrXwavzv244Mh61woYTJN=w156-h114-p-k-no,https://lh3.googleusercontent.com/gps-cs-s/AHRPTWmBjrV8ra2w0xdTkBVV3P6eEAYiaoyEhSUn9eldzeMhvS3C_5C6LECVFRMM4wM1JFKj5UYNv7DYe3NsP-ntZYYpK07KJaVGl4hJdYGqRqJJ1Ecvg-YYy7KuTQEuzrB0f9AytBbq=w156-h114-p-k-no",34.7510455,10.7727325,info@fogits.com,https://www.facebook.com/Fogits,Not Available,https://www.instagram.com/fogits_solutions/,Not Available,https://www.linkedin.com/company/fogits-solutions/,"Service options,,Online appointments,,On-site services"
IT SERVICES,https://www.google.com/maps/place/IT+SERVICES/data=!4m7!3m6!1s0x13002d32083797fd:0xc0d36dd3e50173c!8m2!3d34.732271!4d10.766243!16s%2Fg%2F11cnd637ny!19sChIJ_Zc3CDItABMRPBdQPt02DQw?authuser=0&hl=en&rclk=1,https://lh3.googleusercontent.com/gps-cs-s/AHRPTWmNFFa2bsCe0QmXvUQxdaZmyC6YZLBbylYutcueebf9qiK_Df9E51jTZ5In8j8VJIWpH666RYLry9JpboHTBMTHjWc86TiYvb0KzJcPga9-Dx3K9l0ILvUlYy16HACFZ-C0brsh_94VKVI0=w427-h240-k-no,4.3,Not Available,Website designer,"2ème Étage، 23 Rue Salem Harzallah Immeuble ECHEFII, Sfax 3000","Monday, 9 AM to 5 PM,Thursday, 9 AM to 5 PM,Friday, 9 AM to 5 PM,Saturday, Closed,Sunday, Closed",Not Available,https://www.it-services.com.tn/,74 227 995,"https://lh3.googleusercontent.com/gps-cs-s/AHRPTWmNFFa2bsCe0QmXvUQxdaZmyC6YZLBbylYutcueebf9qiK_Df9E51jTZ5In8j8VJIWpH666RYLry9JpboHTBMTHjWc86TiYvb0KzJcPga9-Dx3K9l0ILvUlYy16HACFZ-C0brsh_94VKVI0=w32-h32-p-k-no,https://lh3.googleusercontent.com/gps-cs-s/AHRPTWmNFFa2bsCe0QmXvUQxdaZmyC6YZLBbylYutcueebf9qiK_Df9E51jTZ5In8j8VJIWpH666RYLry9JpboHTBMTHjWc86TiYvb0KzJcPga9-Dx3K9l0ILvUlYy16HACFZ-C0brsh_94VKVI0=w427-h240-k-no,https://lh3.googleusercontent.com/gps-cs-s/AHRPTWmNFFa2bsCe0QmXvUQxdaZmyC6YZLBbylYutcueebf9qiK_Df9E51jTZ5In8j8VJIWpH666RYLry9JpboHTBMTHjWc86TiYvb0KzJcPga9-Dx3K9l0ILvUlYy16HACFZ-C0brsh_94VKVI0=w531-h298-k-no,https://lh3.googleusercontent.com/a-/ALV-UjVUpvFpEVOuG47XjId-wNPw_kkp_jgvAn0bUKXA96rlv2NdYDWA=w36-h36-p-rp-mo-br100,https://lh3.googleusercontent.com/a-/ALV-UjVWcN4E9rI0L_6jzs4VnJCRJepFPinZIX3tcIl6poHr0abWstQu=w36-h36-p-rp-mo-br100,https://lh3.googleusercontent.com/a-/ALV-UjUsc4CvhV2w1XRMSkqEGnui-hEHfL0VfS5Z6f9KofiK9ciXUvqk=w36-h36-p-rp-mo-br100,https://lh3.googleusercontent.com/gps-cs-s/AHRPTWlGhRuKYpiHfjr-SoSIrv_a6iPE2BJYs9sRCCYgRxcPdnEQRYUyVeYr_NXCdFrnKC8Cs0kXqSeEDJRVPzO56vpr1Br_lQgSa6EfhiX8Ep23CvhZCTHw2mAcEpLZTYv0V1bWauWOug=w156-h114-p-k-no,https://lh3.googleusercontent.com/gps-cs-s/AHRPTWnQPILXk5dultXHT0HTpM3KDgko-uVBre1yJL0AopvMTcSesZvNOno9WDxVNGkIne8snT-lVDyiiLtyANuXHro6_3UVpUXp2bzKwGNk3cToXSn5jxiKG33xVawYqRYedwrO2rDX=w156-h114-p-k-no",34.732271,10.766243,contact@tun-its.com,https://www.facebook.com/it.services.tunisia,Not Available,Not Available,Not Available,http://www.linkedin.com/company/it-services-tunisia,Not Available
sifo-consulting Software Engineering compagny,https://www.google.com/maps/place/sifo-consulting+Software+Engineering+compagny/data=!4m7!3m6!1s0x13002cc8135c9d33:0x9e9acf7a7266b964!8m2!3d34.7331365!4d10.7573593!16s%2Fg%2F11bttcldxh!19sChIJM51cE8gsABMRZLlmcnrPmp4?authuser=0&hl=en&rclk=1,https://streetviewpixels-pa.googleapis.com/v1/thumbnail?panoid=qaBxdKoa4WWdMAmmQS_qNg&cb_client=search.gws-prod.gps&w=408&h=240&yaw=311.545&pitch=0&thumbfov=100,5.0,Not Available,Software company,"Rue ibn chabat, Sfax 3000","Monday, 8 AM to 6 PM,Thursday, 8 AM to 6 PM,Friday, 8 AM to 6 PM,Saturday, Closed,Sunday, Closed",Not Available,Not Available,22 978 631,"https://streetviewpixels-pa.googleapis.com/v1/thumbnail?panoid=qaBxdKoa4WWdMAmmQS_qNg&cb_client=search.gws-prod.gps&w=86&h=86&yaw=311.545&pitch=0&thumbfov=100,https://streetviewpixels-pa.googleapis.com/v1/thumbnail?panoid=qaBxdKoa4WWdMAmmQS_qNg&cb_client=search.gws-prod.gps&w=408&h=240&yaw=311.545&pitch=0&thumbfov=100,https://streetviewpixels-pa.googleapis.com/v1/thumbnail?panoid=qaBxdKoa4WWdMAmmQS_qNg&cb_client=maps_sv.tactile.gps&w=224&h=298&yaw=311.545&pitch=0&thumbfov=100,https://lh3.googleusercontent.com/gps-cs-s/AHRPTWkWa3vVMdELKK4DC9UAS_rS8fqpPhA0fiP5n_VTWYp5Fl0m7ClzqEuSLnvsusKqwHceLSKI68fti1b1GeRmlA8pBXyIira0Ff1aET5TxWbc2cxWyNK8g2iejaikBlS2qzlaQDpX=w402-h298-k-no,https://lh3.googleusercontent.com/a-/ALV-UjWVVHAKj79yP8neZoKZMg89Wdt82e-ctLe-l1KqCS0uja69nxpW=w36-h36-p-rp-mo-br100,https://lh3.googleusercontent.com/a/ACg8ocIo9K6uJUHYt_oDlpKwSfLfnlh_rNO6tzCQ1uk6Nk-FbMRUXg=w36-h36-p-rp-mo-br100,https://lh3.googleusercontent.com/gps-cs-s/AHRPTWnZZG08MCyQfH0ZISd5IT7wSbkYQBNMaHgjncWbcgGV81bEqRr1vmWmlhRz3_N7POucrh4Bp5MkL0CGJJjrp2UQTABo2Mdg32f9fcwIZPVzWUj15kvZTy56fIvuNlt90OrKCCmzWg=w156-h114-p-k-no,https://lh3.googleusercontent.com/gps-cs-s/AHRPTWlDxk9v_-Pxql_oONH9jqAf69tFsDx5Buq6J-iVRcj_NEbI1edrmHLmiLmDxdxKSEmhLXaeH776V0DMhyz-1KlzXxaeXPx8OehSUY7bFxSpU_5uuCETFU4YAZOvfbQmoYriEXFD=w156-h114-p-k-no,https://lh3.googleusercontent.com/gps-cs-s/AHRPTWm-fIUFDInrnC6NDM4OVEyhCuKL_9f9RFG-LfZPxYfysRsJH9h9XvUbib3xDiZ75CDaS7qpIYpgp7ZZo0WKTpdfdtpuA2Op02vQnGgw6hmLflenz7u1tFqYvNxe1ONjgLehGtiE=w156-h114-p-k-no",34.7331365,10.7573593,Not Available,Not Available,Not Available,Not Available,Not Available,Not Available,Not Available
ASM POS,https://www.google.com/maps/place/ASM+POS/data=!4m7!3m6!1s0x1301d34b9a2eca7b:0xed58968593616fde!8m2!3d34.742308!4d10.7343348!16s%2Fg%2F11jsm5bqk9!19sChIJe8oumkvTARMR3m9hk4WWWO0?authuser=0&hl=en&rclk=1,https://lh3.googleusercontent.com/gps-cs-s/AHRPTWlb7l6MxX4K7OqYCaU44y3vo6Xg-ubV9yf7jwdGNf1FohnDTcYdV2hBc54JqsmT3vcBh0pgdT7fdl-R524j_abqbO7E3x8PA83oTE_TCInnTdbSinnYku75rLhiFJ3vhrRoOChX=w426-h240-k-no,4.7,Not Available,Software company,"Imm Aziza, Rte Manzel Chaker, Km 2 5, Sfax","Monday, 8:30 AM to 6 PM,Thursday, 8:30 AM to 6 PM,Friday, 8:30 AM to 6 PM,Saturday, 8:30 AM to 1 PM,Sunday, Closed",Not Available,Not Available,74 415 055,"https://lh3.googleusercontent.com/gps-cs-s/AHRPTWlb7l6MxX4K7OqYCaU44y3vo6Xg-ubV9yf7jwdGNf1FohnDTcYdV2hBc54JqsmT3vcBh0pgdT7fdl-R524j_abqbO7E3x8PA83oTE_TCInnTdbSinnYku75rLhiFJ3vhrRoOChX=w32-h32-p-k-no,https://lh3.googleusercontent.com/gps-cs-s/AHRPTWlb7l6MxX4K7OqYCaU44y3vo6Xg-ubV9yf7jwdGNf1FohnDTcYdV2hBc54JqsmT3vcBh0pgdT7fdl-R524j_abqbO7E3x8PA83oTE_TCInnTdbSinnYku75rLhiFJ3vhrRoOChX=w426-h240-k-no,https://lh3.googleusercontent.com/gps-cs-s/AHRPTWlb7l6MxX4K7OqYCaU44y3vo6Xg-ubV9yf7jwdGNf1FohnDTcYdV2hBc54JqsmT3vcBh0pgdT7fdl-R524j_abqbO7E3x8PA83oTE_TCInnTdbSinnYku75rLhiFJ3vhrRoOChX=w529-h298-k-no,https://streetviewpixels-pa.googleapis.com/v1/thumbnail?panoid=xOdIR3N3ArkuJDUUyl-ZHg&cb_client=maps_sv.tactile.gps&w=224&h=298&yaw=157.31029&pitch=0&thumbfov=100,https://lh3.googleusercontent.com/a-/ALV-UjUO7nL1nJaofhNUcv-nYVlLy4i8LQjo0zbCjC3BlkfLzCEKHhAo=w36-h36-p-rp-mo-br100,https://lh3.googleusercontent.com/a/ACg8ocI0hjKtuzPJJW3PMKY9W4I3ptVRytHIzqrQsWCFlNh2sWwkRA=w36-h36-p-rp-mo-br100,https://lh3.googleusercontent.com/a-/ALV-UjWQbMSXYn52fZ1CviNii38eyS6s8wUt--KewftjCftAHOzK5_jU=w36-h36-p-rp-mo-ba12-br100,https://lh3.googleusercontent.com/gps-cs-s/AHRPTWknmAlBWq2wxmSLEEPnfr2It-0Tkz-FRPEO7PDeZhVXVRoWrlXv7ii9L3Fo3qYWtN_bSKdxkBV7Z_arN5uKoUtt1HVmZxNQUqyFtEsV42QJbAjU-puQv9f826GFk8CSOsw2cVbR=w156-h114-p-k-no,https://lh3.googleusercontent.com/gps-cs-s/AHRPTWmwaW897l9MuH7IEipOy6I-ECZ5zBMbU5BEtXrWZgS5GH6HJH4byE1gLCe0o-ueN0TarfqU_oPXVK47TeKp7bWW0WeuT79xkhHApeLWPcQb9ZFimhyIvA_PLVesrYza8mGj7iE5=w156-h114-p-k-no,https://lh3.googleusercontent.com/gps-cs-s/AHRPTWnR6kQTMC9PSyKdZ2ORzAB9ZLo-MzJRmNbvwuU1kBTFWX9tXcsgFOF3PQyfJ1WEX5Oh3C2Ew0UVAsNmNNF172T_s5njMGPjO_kE0Ogpi9197KBLkDSDodWvvPIquRKPVBWptHOo=w156-h114-p-k-no",34.742308,10.7343348,Not Available,Not Available,Not Available,Not Available,Not Available,Not Available,Not Available
Web Media Tunisie,https://www.google.com/maps/place/Web+Media+Tunisie/data=!4m7!3m6!1s0x12fd346e36decab1:0xe4dc0947538aadcc!8m2!3d36.806987!4d10.181332!16s%2Fg%2F1thlq566!19sChIJscreNm40_RIRzK2KU0cJ3OQ?authuser=0&hl=en&rclk=1,https://lh3.googleusercontent.com/gps-cs-s/AHRPTWnzSEiRQMUCH_CuokTPjbrydGAG4MGqeWtKY1q0Rn8ymR6I_f50NtYoItGwqh0hmNdKNjuiZVXcc9bKbGiHorFEjohE-Z_IOdLp3Wog1Vv2MoExvahhdpaLcQcjocD2G1_dC1v_og=w840-h240-k-no,4.8,Not Available,Website designer,"N 1, étage, Centre Mariem Bureau, 66, 3 Av. Jean Jaurès, Tunis 1001","Monday, 8 AM to 5 PM,Thursday, 8 AM to 5 PM,Friday, 8 AM to 5 PM,Saturday, Closed,Sunday, Closed",Not Available,http://webmedia-tunisie.com/,25 472 525,"https://lh3.googleusercontent.com/gps-cs-s/AHRPTWnzSEiRQMUCH_CuokTPjbrydGAG4MGqeWtKY1q0Rn8ymR6I_f50NtYoItGwqh0hmNdKNjuiZVXcc9bKbGiHorFEjohE-Z_IOdLp3Wog1Vv2MoExvahhdpaLcQcjocD2G1_dC1v_og=w32-h32-p-k-no,https://lh3.googleusercontent.com/gps-cs-s/AHRPTWnzSEiRQMUCH_CuokTPjbrydGAG4MGqeWtKY1q0Rn8ymR6I_f50NtYoItGwqh0hmNdKNjuiZVXcc9bKbGiHorFEjohE-Z_IOdLp3Wog1Vv2MoExvahhdpaLcQcjocD2G1_dC1v_og=w840-h240-k-no,https://lh3.googleusercontent.com/gps-cs-s/AHRPTWnzSEiRQMUCH_CuokTPjbrydGAG4MGqeWtKY1q0Rn8ymR6I_f50NtYoItGwqh0hmNdKNjuiZVXcc9bKbGiHorFEjohE-Z_IOdLp3Wog1Vv2MoExvahhdpaLcQcjocD2G1_dC1v_og=w1043-h298-k-no,https://lh3.googleusercontent.com/gps-cs-s/AHRPTWkhjSrDnxgbPEImkmqJy0augS3sOSOAd7qhZQFkS60CsbBHC-EVfBIaIrMWPOgskNpyFXmYaggPkRmk1VC3wWMvgCCkcNmJDa0JLYp1tDc_7ETxRoQbgkV-2ZcCWCiAf6wWp2L7=w529-h298-k-no,https://lh3.googleusercontent.com/gps-cs-s/AHRPTWmEJe7FaZJjQ6IDfqg6AztvCvn1uCr_HKURvQ9i9Xy97RF_Xe90xOm9ZsIQs7pFKnl6fxDA4n92Efz8kI27qXz8eRVI0tqs--QeRiS9Ds5-k2MyfwKKjTQApmDB7ninuFIzUOI=w529-h298-k-no,https://lh3.googleusercontent.com/gps-cs-s/AHRPTWl6-0U62t46w0hVNVmLXLJ7KtiHXKEJDJsB7b7OXL5duhi0iibNO_cLev6d4nD4h7g-aiOnFIG7Fc_jzvDosUrhsQH5LhGtnFSJc1VTkRuccMvaM1u09VGrbLXOQLHDgb0IrBLJ=w436-h298-k-no,https://lh3.googleusercontent.com/gps-cs-s/AHRPTWnFsndtGD0UXPXx6xobIgpw7pBbAcKkrjQIHUXloSTHIMv7pOJbDUGhWzdclzb7RA_BsP_0bJ11HuU1UaupkOLL9N1m1wY8UZ5X1mJ3nfZo99qtuJlaGomHEd2ALSNBQp_6_dw9=w529-h298-k-no,https://streetviewpixels-pa.googleapis.com/v1/thumbnail?panoid=nI3FCtlr3wJWGfOsP2L5bg&cb_client=maps_sv.tactile.gps&w=224&h=298&yaw=269.77148&pitch=0&thumbfov=100,https://lh3.googleusercontent.com/a-/ALV-UjVkZne6uUYF1NOXflayQW_rtR7rEDCQe5J9dADSNSXViePD5l-w=w36-h36-p-rp-mo-br100,https://lh3.googleusercontent.com/a-/ALV-UjWWQE4msCGWtiiXgPnxSiC5vnYl6WevZc913gfSO3hdKidqs8lF=w36-h36-p-rp-mo-br100,https://lh3.googleusercontent.com/a/ACg8ocJ9zd9_BYoOAtl6Mvoz0qwCauok8AsHjxy1KkHzf83Dk4NglOs=w36-h36-p-rp-mo-br100,https://lh3.googleusercontent.com/gps-cs-s/AHRPTWlRXNIRrMFZOtxdWNW-yoO-vcaxVzfTTzvd8RhlbjZgu8S20RPyMug2DGeLnW95cLDC4Eem5ASkYEp19gTKMa1vyMv1bKQQQM_bWIp4xsS0U8pt0RIoVqu80Q2MJI8zA6R_ZWQ=w156-h114-p-k-no,https://lh3.googleusercontent.com/gps-cs-s/AHRPTWlCcLtz62-IXaf570t48esDmQlsdm_o0aadpjuD3_KnZ0vVWW-Hicxy80VoNgOJIsj0362fnLmBq_ORxWKqbXLO1o7AjUK0e8f2Cq2ZoJRafeXAava0P86Dm9zSZBJen_oSaqiN=w156-h114-p-k-no,https://lh3.googleusercontent.com/gps-cs-s/AHRPTWmpd_aBfpBhXUYORahc4ewj_PvASace8tNZ2jgXUNXGxtPMsUwYCqDN0DeNv6FTJML3ioRlTixtKrIWIX6NbZcaE7AMfiE5eLDwtjrBhefB8ZcYyCncHYFjYvecx82AH8JFJzCJQXKy97WX=w156-h114-p-k-no",36.806987,10.181332,commercial@webmediatunisie.com,https://www.facebook.com/webmediainternational/,Not Available,Not Available,https://www.youtube.com/user/WEBMEDIATunisie,https://www.linkedin.com/company/web-media-international/,Not Available
AS AGENCY - Agence Web Tunis,https://www.google.com/maps/place/AS+AGENCY+-+Agence+Web+Tunis/data=!4m7!3m6!1s0x12e2cda2ef3a6d03:0x47309ad10c358fdb!8m2!3d36.8559141!4d10.1566294!16s%2Fg%2F11nnvwygy1!19sChIJA20676LN4hIR2481DNGaMEc?authuser=0&hl=en&rclk=1,https://lh3.googleusercontent.com/gps-cs-s/AHRPTWmXcHwf7z9cUZ6RuEwHUNEphXwKZ01OSZi4QV7zeqN7kiyyirIjpTN0BVv_ofB64qXDQP8mUFXslS5Q1lEkPpQlH9ujQiNE_CjfqL2GOIQBbZADT_XhozNXqh054PVoGYObUos7dQ=w600-h240-k-no,4.9,Not Available,Website designer,"B3, Résidence L'Horizon RDC, 2 2080","Monday, 8 AM to 7 PM,Thursday, 8 AM to 7 PM,Friday, 8 AM to 7 PM,Saturday, Closed,Sunday, Closed",Not Available,https://as-agency.com/,26 052 000,"https://lh3.googleusercontent.com/gps-cs-s/AHRPTWmXcHwf7z9cUZ6RuEwHUNEphXwKZ01OSZi4QV7zeqN7kiyyirIjpTN0BVv_ofB64qXDQP8mUFXslS5Q1lEkPpQlH9ujQiNE_CjfqL2GOIQBbZADT_XhozNXqh054PVoGYObUos7dQ=w32-h32-p-k-no,https://lh3.googleusercontent.com/gps-cs-s/AHRPTWmXcHwf7z9cUZ6RuEwHUNEphXwKZ01OSZi4QV7zeqN7kiyyirIjpTN0BVv_ofB64qXDQP8mUFXslS5Q1lEkPpQlH9ujQiNE_CjfqL2GOIQBbZADT_XhozNXqh054PVoGYObUos7dQ=w600-h240-k-no,https://lh3.googleusercontent.com/gps-cs-s/AHRPTWmXcHwf7z9cUZ6RuEwHUNEphXwKZ01OSZi4QV7zeqN7kiyyirIjpTN0BVv_ofB64qXDQP8mUFXslS5Q1lEkPpQlH9ujQiNE_CjfqL2GOIQBbZADT_XhozNXqh054PVoGYObUos7dQ=w745-h298-k-no,https://lh3.googleusercontent.com/gps-cs-s/AHRPTWlFWmFLBISsSv_QkUrm9bdA-26OdHocR6AR5mp-Vlx3G8ugiL0hm59q-jLkLFhmuDu_tl4j6ICFyj1xiF9r3To4W9LvPFs8MyXTIvPBSjzLzoxouEnfS384anWGbkf58yJhe9yu6A=w529-h298-k-no,https://lh3.googleusercontent.com/gps-cs-s/AHRPTWnn4h0MnZk4detn9iiGjxGWUEITjJTLfHOTKtFpdnLFpnsCyPSFV8yNKCWp0GTTycubIJ5WhelycABGaKBkyi8rWnfY-zhx2uiMB7QDpo9rhcH7mAVb_Hkx8rXdDRJ9GmZg2vk8=w526-h298-k-no,https://streetviewpixels-pa.googleapis.com/v1/thumbnail?panoid=93MWU2tVmC8U2ZrCf2xkVQ&cb_client=maps_sv.tactile.gps&w=224&h=298&yaw=204.00667&pitch=0&thumbfov=100,https://lh3.googleusercontent.com/a-/ALV-UjWVlfM8x0CjOOX4ndeHEF6b_jqGWOFk6DY-IbLs6x_DClLsij5r=w36-h36-p-rp-mo-br100,https://lh3.googleusercontent.com/a-/ALV-UjULXnnY3KDx-mt2PKGsQqsM50iNmJxCHixB-CMQGscN-RhZXZAb=w36-h36-p-rp-mo-br100,https://lh3.googleusercontent.com/a-/ALV-UjWn9-V7xnC8f60aK5YNaOvQ849U1Kq_cIXRTFKqN6NpbLqAd467jw=w36-h36-p-rp-mo-ba12-br100,https://lh3.googleusercontent.com/gps-cs-s/AHRPTWmX8N_usm3uVlyJ9gmy6tkw15DtzxPRMkWSroAlVqYAxiReaqay0CNZ08pukG76MiKHB1WCWoJWLmnlYzVpDcePk1nh4OYbOoWDwek1-QROLvt89ib8X9SkYyRYFzB5J9p4lLbz=w156-h114-p-k-no,https://lh3.googleusercontent.com/gps-cs-s/AHRPTWkCItGtzJaB7EJLO65PBV8mFXlvT21FCSBNvFIaR-AGE9axSrBFkxIc2oTF32QN7WwFeifebwqQSQndxKcQSKD42PpUwuTHyHLe_FQNvrgDfI7S3c4kZhcipQLQlW5rp2nE2LYnLw=w156-h114-p-k-no,https://lh3.googleusercontent.com/gps-cs-s/AHRPTWnIAx-NekDxEXK6Ylh-p4s88QQAoC6hujbtthqtn_YbssBGIimK7p1SfWLLooHjpy9whhIAX-srcgioI61KIoeQR5tfKeM5nYMQCJgj3DSD5Z3PnZPxe5NZuUlcBNhMAC9XVb4jNA=w156-h114-p-k-no,https://lh3.googleusercontent.com/gps-cs-s/AHRPTWktnCGYIb2NDqfd0YZpmeCnZ2OcnWm2Op1_2Wd3mbLdjSXMzRIldYj6z6mnZ3Op88orRE6JaCJwcg77Aq4YK3gkCbfWoHq3ogv8msp2Uj_ULWRYqATETPnQOXLPuDwbZEPGMNcZeA=w156-h114-p-k-no",36.8559141,10.1566294,hello@as-agency.com, https://www.facebook.com/agencyas,Not Available, https://www.instagram.com/agency.as/,Not Available, https://www.linkedin.com/company/as-agencytn,Not Available
Agence webdesign.,https://www.google.com/maps/place/Agence+webdesign./data=!4m7!3m6!1s0x12fd347d2d5fec85:0xae594021f2b4446a!8m2!3d36.8490379!4d10.183208!16s%2Fg%2F1q6679597!19sChIJhexfLX00_RIRakS08iFAWa4?authuser=0&hl=en&rclk=1,https://streetviewpixels-pa.googleapis.com/v1/thumbnail?panoid=bo8pl3ButAwMmG7B3eO-cw&cb_client=search.gws-prod.gps&w=408&h=240&yaw=64.41926&pitch=0&thumbfov=100,4.6,Not Available,Website designer,"32, avenue Habib Bourguiba, Bureau 3-4, 3ème étage, Nouvelle Ariana 2080","Monday, 8:30 AM to 6 PM,Thursday, 8:30 AM to 6 PM,Friday, 8:30 AM to 6 PM,Saturday, Closed,Sunday, Closed",Not Available,https://www.webdesign.tn/,71 704 932,"https://streetviewpixels-pa.googleapis.com/v1/thumbnail?panoid=bo8pl3ButAwMmG7B3eO-cw&cb_client=search.gws-prod.gps&w=86&h=86&yaw=64.41926&pitch=0&thumbfov=100,https://streetviewpixels-pa.googleapis.com/v1/thumbnail?panoid=bo8pl3ButAwMmG7B3eO-cw&cb_client=search.gws-prod.gps&w=408&h=240&yaw=64.41926&pitch=0&thumbfov=100,https://streetviewpixels-pa.googleapis.com/v1/thumbnail?panoid=bo8pl3ButAwMmG7B3eO-cw&cb_client=maps_sv.tactile.gps&w=224&h=298&yaw=64.41926&pitch=0&thumbfov=100,https://lh3.googleusercontent.com/a/ACg8ocK1yACNdIOpwhpsyWP2oJJEKQI47xEJ_CTsOAKc3KNPq1zwHA=w36-h36-p-rp-mo-br100,https://lh3.googleusercontent.com/a-/ALV-UjVRivHerJK0afiNVh2h1KqTkwbMHZAbxI6qGt0DZTRgZp0VGkZf=w36-h36-p-rp-mo-br100,https://lh3.googleusercontent.com/a-/ALV-UjUfuhwlyo-khfp3LAG8cB0Md4GFaoD7kuJwSZ_T4Fk_nd_mfygY=w36-h36-p-rp-mo-br100,https://lh3.googleusercontent.com/gps-cs-s/AHRPTWmX8N_usm3uVlyJ9gmy6tkw15DtzxPRMkWSroAlVqYAxiReaqay0CNZ08pukG76MiKHB1WCWoJWLmnlYzVpDcePk1nh4OYbOoWDwek1-QROLvt89ib8X9SkYyRYFzB5J9p4lLbz=w156-h114-p-k-no,https://lh3.googleusercontent.com/gps-cs-s/AHRPTWmXcHwf7z9cUZ6RuEwHUNEphXwKZ01OSZi4QV7zeqN7kiyyirIjpTN0BVv_ofB64qXDQP8mUFXslS5Q1lEkPpQlH9ujQiNE_CjfqL2GOIQBbZADT_XhozNXqh054PVoGYObUos7dQ=w156-h114-p-k-no,https://lh3.googleusercontent.com/gps-cs-s/AHRPTWnzSEiRQMUCH_CuokTPjbrydGAG4MGqeWtKY1q0Rn8ymR6I_f50NtYoItGwqh0hmNdKNjuiZVXcc9bKbGiHorFEjohE-Z_IOdLp3Wog1Vv2MoExvahhdpaLcQcjocD2G1_dC1v_og=w156-h114-p-k-no,https://lh3.googleusercontent.com/gps-cs-s/AHRPTWkgbHV0V3XkXpB3eB26cnvSifT5JzpSD9fqNvb_qNGwO-sxwNFQYWbLn0ZkZ7qVZVYdzcYuKZzRzkrovJmuQ9P7ZnTVrQ8wjBSIKCdvqXEyncLacTW4-oxlVMEFhMvBeWLoUFA=w156-h114-p-k-no",36.8490379,10.183208,info@webdesign.tn,https://www.facebook.com/WebDesignTunisie/,https://twitter.com/AgenceWD,https://www.instagram.com/webdesign.tn,https://www.youtube.com/user/AgenceWD,https://www.linkedin.com/company/webdesign-tn/,"Service options,,Online appointments,,On-site services"
Yoursly,https://www.google.com/maps/place/Yoursly/data=!4m7!3m6!1s0x12fd4fde2e2b1933:0xbb77098a92eed77a!8m2!3d36.7302757!4d10.3303431!16s%2Fg%2F11f66vnrxn!19sChIJMxkrLt5P_RIRetfukooJd7s?authuser=0&hl=en&rclk=1,https://streetviewpixels-pa.googleapis.com/v1/thumbnail?panoid=cLxQcKYnduEju7KZLvP_kg&cb_client=search.gws-prod.gps&w=408&h=240&yaw=55.938835&pitch=0&thumbfov=100,5.0,Not Available,Website designer,"RN1, Hammam-Lif","Monday, 10 AM to 7 PM,Thursday, 10 AM to 7 PM,Friday, 10 AM to 7 PM,Saturday, Closed,Sunday, Closed",Not Available,http://www.yrsly.com/,26 900 904,"https://streetviewpixels-pa.googleapis.com/v1/thumbnail?panoid=cLxQcKYnduEju7KZLvP_kg&cb_client=search.gws-prod.gps&w=86&h=86&yaw=55.938835&pitch=0&thumbfov=100,https://streetviewpixels-pa.googleapis.com/v1/thumbnail?panoid=cLxQcKYnduEju7KZLvP_kg&cb_client=search.gws-prod.gps&w=408&h=240&yaw=55.938835&pitch=0&thumbfov=100,https://streetviewpixels-pa.googleapis.com/v1/thumbnail?panoid=cLxQcKYnduEju7KZLvP_kg&cb_client=maps_sv.tactile.gps&w=224&h=298&yaw=55.938835&pitch=0&thumbfov=100,https://lh3.googleusercontent.com/a-/ALV-UjVostAC_pkhvk7iV4ldInA4IrKoIsKAZ8eFVkxPFHNgHgpBgSg=w36-h36-p-rp-mo-br100,https://lh3.googleusercontent.com/a-/ALV-UjXtUFbFgp726iNlzmtupwhkIEfI89-CPLmc1y0d2DZH3c8jUfIg=w36-h36-p-rp-mo-ba12-br100,https://lh3.googleusercontent.com/a-/ALV-UjXXdmK48SoEE-gWlUiTWBqX25KoRPwNHljnUMM58J0eI1LONJUN=w36-h36-p-rp-mo-br100,https://lh3.googleusercontent.com/gps-cs-s/AHRPTWmF30AazQHB0CyYWvTYpLXs12Jco4BCp-S3Qny-_N6rKfPA4drwhOa__6qMn_8ci3DIDpi0N3whaDidFNMvE3jpGaEwufPUV8jLV1ZqBlvbp2vES5GmjnFv6FUjYxeUkHC6xbN4AmtR_W5O=w156-h114-p-k-no,https://lh3.googleusercontent.com/gps-cs-s/AHRPTWnSwOPkVqlK_QR9ZG7Xmmj_UrfZ5dwk1BWA2y9JfztBfK3Z7cviLdroKTwclAF6hlFPQDIw6vANmVf1MuPkRy9HB82-pvudLQYisQHGjHvw-zgqnvX0vIbqiDkmikJ791KPdic4zw=w156-h114-p-k-no,https://lh3.googleusercontent.com/gps-cs-s/AHRPTWnKboYi_b8MS3PTUIC-XyZL0uE8ZWxNq1Tw0KaE5O0WqNScXLE05cHIFyygh7EIhoo_q0abMeLNw5-Db_YWzjN9f6II48wd7Ygkg7XuT-zKD2fJT0gQwIby3gfAD4F_fewaDO-R=w156-h114-p-k-no",36.7302757,10.3303431,Business@yrsly.com,https://www.facebook.com/Yoursly-205975012810366/,Not Available,https://www.instagram.com/yrsly.business/,https://www.youtube.com/channel/TOTO121/,https://www.linkedin.com/company/yrsly,"Service options,,Online appointments,    Planning,,Appointment required"
Mynds,https://www.google.com/maps/place/Mynds/data=!4m7!3m6!1s0x12fd350592a1ba61:0x88a2d2db3d27acfa!8m2!3d36.8182094!4d10.1784098!16s%2Fg%2F11kq55nn_k!19sChIJYbqhkgU1_RIR-qwnPdvSoog?authuser=0&hl=en&rclk=1,https://lh3.googleusercontent.com/gps-cs-s/AHRPTWnjZSI1iWu8Hp3b_99kDZ_8pusGZLSeXs3lt5Uo5-vo2wvt9lSJMolC7fbA4vJF59v4rZ5R7fDcn-tsPi9aPqiyx088XSTtOlgfcj4MYZUT2y_uqR9KebS4jP2JIBC4gY7CR3_RGi9RB86r=w408-h725-k-no,4.8,Not Available,Marketing agency,"Le belvedere, 136 Av. de La Liberté, Tunis 1000","Monday, 9 AM to 3 PM,Thursday, 9 AM to 3 PM,Friday, 9 AM to 3 PM,Saturday, Closed,Sunday, Closed",Not Available,http://mynds-team.com/,29 543 202,"https://lh3.googleusercontent.com/gps-cs-s/AHRPTWnjZSI1iWu8Hp3b_99kDZ_8pusGZLSeXs3lt5Uo5-vo2wvt9lSJMolC7fbA4vJF59v4rZ5R7fDcn-tsPi9aPqiyx088XSTtOlgfcj4MYZUT2y_uqR9KebS4jP2JIBC4gY7CR3_RGi9RB86r=w32-h32-p-k-no,https://lh3.googleusercontent.com/gps-cs-s/AHRPTWnjZSI1iWu8Hp3b_99kDZ_8pusGZLSeXs3lt5Uo5-vo2wvt9lSJMolC7fbA4vJF59v4rZ5R7fDcn-tsPi9aPqiyx088XSTtOlgfcj4MYZUT2y_uqR9KebS4jP2JIBC4gY7CR3_RGi9RB86r=w408-h725-k-no,https://lh3.googleusercontent.com/gps-cs-s/AHRPTWnjZSI1iWu8Hp3b_99kDZ_8pusGZLSeXs3lt5Uo5-vo2wvt9lSJMolC7fbA4vJF59v4rZ5R7fDcn-tsPi9aPqiyx088XSTtOlgfcj4MYZUT2y_uqR9KebS4jP2JIBC4gY7CR3_RGi9RB86r=w224-h398-k-no,https://lh3.googleusercontent.com/gps-cs-s/AHRPTWlqxt59LjXDitx8N5iXBCqdjsi_wCV9MFKkHiWTWxU4I1eDRhFxhxkYPxGmo3_aMDVjqIsICFkyvLHF_hgBybpog6PmW4N-CgZIXAhZiIdt7rQlwSBiNh7i8g45NBDYAczzcJslH_k8iFg5=w224-h398-k-no,https://lh3.googleusercontent.com/gps-cs-s/AHRPTWk95bxPsxVdoAihUJOy1GpBU8Y0fYMXW9iKu9BdJXM3bvbTz-a7kP50NlWwIAJjHG2og0EqumNyuGk6WP-m5fBBmUxAYE7TptNYRwqInsRp6VN3otH0hJW6pTlUeYO5EnF69xi1XA=w224-h405-k-no,https://streetviewpixels-pa.googleapis.com/v1/thumbnail?panoid=LK5WJPbUn7T7jALpJn7_vA&cb_client=maps_sv.tactile.gps&w=224&h=298&yaw=243.8606&pitch=0&thumbfov=100,https://lh3.googleusercontent.com/a-/ALV-UjWvpHXEhi8fZMG7BPWFBh2DqiPTiEB8D82QTr3MVz8e_nCiqjY=w36-h36-p-rp-mo-br100,https://lh3.googleusercontent.com/a/ACg8ocIk6S9ujkYDFOajEiPkY7bYp-g6M6eiCXsctptCM-74dTMrGw=w36-h36-p-rp-mo-br100,https://lh3.googleusercontent.com/a/ACg8ocJvwwA05D1it9TcY3a-j_k38Z08z_U_ItJYcxAkA3I8FPSzFQ=w36-h36-p-rp-mo-br100,https://lh3.googleusercontent.com/gps-cs-s/AHRPTWnIAx-NekDxEXK6Ylh-p4s88QQAoC6hujbtthqtn_YbssBGIimK7p1SfWLLooHjpy9whhIAX-srcgioI61KIoeQR5tfKeM5nYMQCJgj3DSD5Z3PnZPxe5NZuUlcBNhMAC9XVb4jNA=w156-h114-p-k-no,https://lh3.googleusercontent.com/gps-cs-s/AHRPTWnlFRnaTzP1i-A8Xw1N8kZfgQP8w_igMk2RXQHOXyrc1T3zpDf7eHrZLq0vT9DBDd74EG6iBK0nZjKKQJ-Y0SjDasusvB_K1Y132Cm8zMH02wdwPuhl8w7ZovBKtdCjDRzXUJk=w156-h114-p-k-no,https://lh3.googleusercontent.com/gps-cs-s/AHRPTWl2gXWII7XpHXl53bDHeLminbPoF6JxdjXpsvaPFpL6z9JKboCg0c0ohljyEPvnZnhQi6cX1JmHC_Q6IH8ywhtlSsvDzaowtjvzzYMcbumHRiTAo2kHxRT-87lCvNGU3kQ-zj5x=w156-h114-p-k-no",36.8182094,10.1784098,contact@mynds-team.com,https://www.facebook.com/profile.php?id=100093965944186,Not Available,https://www.instagram.com/m.y.n.d.s/,Not Available,Not Available,"Accessibility,,Assisted listening devices,,Wheelchair-accessible car park,,Wheelchair-accessible entrance,,Wheelchair-accessible seating,,Wheelchair-accessible toilet,    Service options,,Online appointments,,On-site services,    Amenities,,Gender-neutral toilets,    Planning,,Appointment required,    Parking,,Free multi-storey car park"
Aftercode,https://www.google.com/maps/place/Aftercode/data=!4m7!3m6!1s0x1302999f3dc47bbb:0x66b6992d2a679b96!8m2!3d36.4631015!4d10.7445528!16s%2Fg%2F11rg1vkq2v!19sChIJu3vEPZ-ZAhMRlptnKi2ZtmY?authuser=0&hl=en&rclk=1,https://lh3.googleusercontent.com/gps-cs-s/AHRPTWkkBG5EJYTp0KRKizP4UCGdxyh9w-uo78jID9dnEN0wx4nsjrMP7qqckSskNKho6KOSxAKb0JUS_HGtZ6dfL4OaG-Zl_hIEEAqFFuwAwBFC8zh_k25ye-PB9oqFqiq_mpiBulc7=w408-h544-k-no,5.0,Not Available,Software company,"نهج الجامعة العربية، Nabeul, Dar Chaabane Al Fehri 8011","Monday, 8 AM to 6 PM,Thursday, 8 AM to 6 PM,Friday, 8 AM to 6 PM,Saturday, 8 AM to 1 PM,Sunday, Closed",Not Available,http://www.aftercode.tn/,24 201 201,"https://lh3.googleusercontent.com/gps-cs-s/AHRPTWkkBG5EJYTp0KRKizP4UCGdxyh9w-uo78jID9dnEN0wx4nsjrMP7qqckSskNKho6KOSxAKb0JUS_HGtZ6dfL4OaG-Zl_hIEEAqFFuwAwBFC8zh_k25ye-PB9oqFqiq_mpiBulc7=w32-h32-p-k-no,https://lh3.googleusercontent.com/gps-cs-s/AHRPTWkkBG5EJYTp0KRKizP4UCGdxyh9w-uo78jID9dnEN0wx4nsjrMP7qqckSskNKho6KOSxAKb0JUS_HGtZ6dfL4OaG-Zl_hIEEAqFFuwAwBFC8zh_k25ye-PB9oqFqiq_mpiBulc7=w408-h544-k-no,https://lh3.googleusercontent.com/gps-cs-s/AHRPTWkkBG5EJYTp0KRKizP4UCGdxyh9w-uo78jID9dnEN0wx4nsjrMP7qqckSskNKho6KOSxAKb0JUS_HGtZ6dfL4OaG-Zl_hIEEAqFFuwAwBFC8zh_k25ye-PB9oqFqiq_mpiBulc7=w224-h298-k-no,https://lh3.googleusercontent.com/gps-cs-s/AHRPTWnXhBKATQM-KFM5uRPJDdhWJx_9WtjwDKatJ8sqmHh9fp5mVuEKGMHRenPQlrz62CBPIvbwvDWXeVfZ1Gqo6LELnoip4eBiABfRDazYa3TsSDeRRXqdJv3RM6g21dbnFTGaPWLKEw=w224-h298-k-no,https://lh3.googleusercontent.com/gps-cs-s/AHRPTWk2U-pnskidqnq4AfLXfsDr0OYqGHLPVR7StsShVxiwxvemjpycdVUeQf3yruOtQ96mAFHTtIrSuymKXY4ysFePHXF6up9DGGR-8gmsox_vpbvizm2-MSBnoKP7nNl5o9199HY8=w529-h298-k-no,https://streetviewpixels-pa.googleapis.com/v1/thumbnail?panoid=a_WLL3GX20qUz_msm_SJmA&cb_client=maps_sv.tactile.gps&w=224&h=298&yaw=224.64659&pitch=0&thumbfov=100,https://lh3.googleusercontent.com/a-/ALV-UjU3VVFPOcYckUEGSzpAMuJrfrv4gDGkkqhYwH7eKfjFt5YVIi1B=w36-h36-p-rp-mo-br100,https://lh3.googleusercontent.com/a-/ALV-UjUqS4tn4fgR7sXKH6QDdujs4S1VEk5jOV_SDGnMupIPqdMYA2KR=w36-h36-p-rp-mo-br100,https://lh3.googleusercontent.com/a-/ALV-UjU5A18CjbajXF2UpNpEv-1pd13AadCWST5aNf57LPWUK5HjHZ8=w36-h36-p-rp-mo-br100,https://lh3.googleusercontent.com/gps-cs-s/AHRPTWn4K1rMNMTJmwSqeaDbnvxkwdlevLp36avpiXIIW-phh6W0HVR2_-Vz-I6mI1gk3DS7gqhywEYkYy215ZSyOVUMtgJbpbQYXs_5F6nN-Y_x0UeudOGHBJfZY24zLTQWy7ri0AMLEw=w156-h114-p-k-no,https://lh3.googleusercontent.com/gps-cs-s/AHRPTWm7lPlkH1R9N3F86nX1KxSSoNS1mAZO10XhnAHGCDfAeFUIZUT6sUui3LXq8-ZXdinwZ43YhXdnVNACa1-2a5nWWZ8wB2-d-KPN0AnfSnzs_HQCnqcQrZafCFzLz82gHorHESmo=w156-h114-p-k-no",36.4631015,10.7445528,contact@aftercode.tn,https://www.facebook.com/aftercode.tn/,Not Available,https://www.instagram.com/aftercode_agency/,Not Available,https://www.linkedin.com/in/after-code-55760a194/,Not Available
E-SKILLS - WEB AND MOBILE DEVELOPMENT AGENCY,https://www.google.com/maps/place/E-SKILLS+-+WEB+AND+MOBILE+DEVELOPMENT+AGENCY/data=!4m7!3m6!1s0x12fd350bba791f03:0x554206200e48e58e!8m2!3d36.8530523!4d10.2049546!16s%2Fg%2F11sp92jb9m!19sChIJAx95ugs1_RIRjuVIDiAGQlU?authuser=0&hl=en&rclk=1,https://lh3.googleusercontent.com/gps-cs-s/AHRPTWnOL2fZ_X91cJPUsDfz_f3Fu_zjOawakBfNj-AFmIXVDCnfIdrAA-4zVbTgXxUMaBRoK1kNqCFaRiRPDcmznZ3oXeOcGte9C4CixjHXCOaLOpZJr0C9857vwj6q2cLYloR2sqxpZFIt9A0d=w408-h510-k-no,5.0,Not Available,Website designer,"22 Rue de l'artisanat, Ariana 2035","Monday, 9 AM to 5 PM,Thursday, 9 AM to 5 PM,Friday, 9 AM to 5 PM,Saturday, Closed,Sunday, Closed",Not Available,https://eskills.agency/,52 838 318,"https://lh3.googleusercontent.com/gps-cs-s/AHRPTWnOL2fZ_X91cJPUsDfz_f3Fu_zjOawakBfNj-AFmIXVDCnfIdrAA-4zVbTgXxUMaBRoK1kNqCFaRiRPDcmznZ3oXeOcGte9C4CixjHXCOaLOpZJr0C9857vwj6q2cLYloR2sqxpZFIt9A0d=w32-h32-p-k-no,https://lh3.googleusercontent.com/gps-cs-s/AHRPTWnOL2fZ_X91cJPUsDfz_f3Fu_zjOawakBfNj-AFmIXVDCnfIdrAA-4zVbTgXxUMaBRoK1kNqCFaRiRPDcmznZ3oXeOcGte9C4CixjHXCOaLOpZJr0C9857vwj6q2cLYloR2sqxpZFIt9A0d=w408-h510-k-no,https://lh3.googleusercontent.com/gps-cs-s/AHRPTWnOL2fZ_X91cJPUsDfz_f3Fu_zjOawakBfNj-AFmIXVDCnfIdrAA-4zVbTgXxUMaBRoK1kNqCFaRiRPDcmznZ3oXeOcGte9C4CixjHXCOaLOpZJr0C9857vwj6q2cLYloR2sqxpZFIt9A0d=w238-h298-k-no,https://lh3.googleusercontent.com/gps-cs-s/AHRPTWm6KUwB-JB0-1b1Z6egAfwsn64sKtDMJmgkQBwgQ7iG0WvFYA_-2YOts-EhCMdsQlMvuct8_y_RYzgk2OdQZEroIdH8rEk66ZxhuhtcBcZFDvgOYCZ7M3H3ueSS4opahGY44y9IqnYyLav3=w238-h298-k-no,https://lh3.googleusercontent.com/a/ACg8ocJ8IOg_Y1UgjyJ4swM2L-mmP5B8wMX0yU4YzEyFP47uDR0HWA=w36-h36-p-rp-mo-br100,https://lh3.googleusercontent.com/a-/ALV-UjWl4WUXw7iqA1WPeMTTCrhyupHiubIbnRFMbZWEtNHZUsMycKhX=w36-h36-p-rp-mo-br100,https://lh3.googleusercontent.com/a/ACg8ocKY27dTC4mk_ezpRbf4ZMVlb2pfyLmH7i5sFctGL1iMV_QZ7g=w36-h36-p-rp-mo-br100,https://lh3.googleusercontent.com/gps-cs-s/AHRPTWmXcHwf7z9cUZ6RuEwHUNEphXwKZ01OSZi4QV7zeqN7kiyyirIjpTN0BVv_ofB64qXDQP8mUFXslS5Q1lEkPpQlH9ujQiNE_CjfqL2GOIQBbZADT_XhozNXqh054PVoGYObUos7dQ=w156-h114-p-k-no,https://lh3.googleusercontent.com/gps-cs-s/AHRPTWl0ViOrxlnKTe8-DX6qu-zzowfdItLMZ6swvSU0-X1yFmlqoffvdocissu9ng-tQGQRsj4HZL-F7V2aFm94U5V5xTxRJ-JoD5DR_4Ak5gS7mWKHdPQBnvx5Vo8sqc5uVF5qXideYg=w156-h114-p-k-no,https://lh3.googleusercontent.com/gps-cs-s/AHRPTWkgbHV0V3XkXpB3eB26cnvSifT5JzpSD9fqNvb_qNGwO-sxwNFQYWbLn0ZkZ7qVZVYdzcYuKZzRzkrovJmuQ9P7ZnTVrQ8wjBSIKCdvqXEyncLacTW4-oxlVMEFhMvBeWLoUFA=w156-h114-p-k-no,https://lh3.googleusercontent.com/gps-cs-s/AHRPTWlLmBTvKEByr-nvH6edk66ifJEY-kePUGLPW_zHDukqT911p5kZ34J-EDASZo9_ajfR-RttbMYp-0ShdTHh6LdtK136C2ezcvuvSp2MBryRPXGnbw1hIpKLPixJXT0ckX4R7gdinA=w156-h114-p-k-no",36.8530523,10.2049546,dhiaguedri@eskills.agency,https://facebook.com/eskillsagency,Not Available,https://instagram.com/eskills_tn,Not Available,https://www.linkedin.com/company/eskillstn/,"Accessibility,,Wheelchair-accessible seating,,Wheelchair-accessible toilet,    Service options,,Online appointments,,On-site services,    Planning,,Appointment required,    Parking,,On-site parking"
AISYSNEXT,https://www.google.com/maps/place/AISYSNEXT/data=!4m7!3m6!1s0xa5d205a528628cef:0xd71c67ce7268a2a2!8m2!3d36.8376952!4d10.2371005!16s%2Fg%2F11lctx072k!19sChIJ74xiKKUF0qURoqJocs5nHNc?authuser=0&hl=en&rclk=1,https://lh3.googleusercontent.com/a/ACg8ocJzrHEgqs_xy_aNl7-vvQAEzVNbwQG-CHlXgD68ljAdruRi1w=w36-h36-p-rp-mo-br100,4.9,Not Available,Software company,"Bloc C, A-29, Lac Malären, Tunis 1053","Monday, 8:30 AM to 5:30 PM,Thursday, 8:30 AM to 5:30 PM,Friday, 8:30 AM to 5:30 PM,Saturday, 9 AM to 1 PM,Sunday, Closed",Not Available,http://aisysnext.com/,27 797 980,"https://lh3.googleusercontent.com/a/ACg8ocJzrHEgqs_xy_aNl7-vvQAEzVNbwQG-CHlXgD68ljAdruRi1w=w36-h36-p-rp-mo-br100,https://lh3.googleusercontent.com/a/ACg8ocIdO4ga3JLTfyub0uJJpp4jl8gzVHaM8Ur8f9lm7QxY7Oyq8g=w36-h36-p-rp-mo-br100,https://lh3.googleusercontent.com/a-/ALV-UjVDjRqIhQj_bn4ZfIx_mmGZ2hB15ddqJU6uFXbT-UOYJ3C50s0U=w36-h36-p-rp-mo-br100,https://lh3.googleusercontent.com/gps-cs-s/AHRPTWnFPGtTV0OX3oLgtQQ6NFRz2vfDFI2Uemlys3zCuqU9Emw7ECH1fjb7t6UYZPM4LpXi2lH1As2ZMQrH12R_f_GZN3mkyTbEB2kQF9rQbqYP2eOHgOh43DGgtYfzXdNMkgwLHhyiTg=w156-h114-p-k-no,https://lh3.googleusercontent.com/gps-cs-s/AHRPTWl-ikUWXkk70QDrqS35-TZYIwsgrG6QPhK_0S8WPzo8pU4_JcB7S06uGucvDbE3LohNqWOlVKZfncL1_APjuG_47k9Fs8ftMmmw9g6Oh44td8wYv9iQasz0RrpWn5JcK0GspDl1jw=w156-h114-p-k-no,https://lh3.googleusercontent.com/gps-cs-s/AHRPTWkhOy25m1P14DzW2RS67xH4Y4OCrigmyJrkB0h3AcNlVrVA8rj4vsmuGYMRLerSDiDFpLTWJxDeWwiyocJ3gLqkubNAawHeeCJzk95HyuK8-qd8usu4NrvyhW8JJFQDN3dFx8e5=w156-h114-p-k-no",36.8376952,10.2371005,contact@aisysnext.com,https://www.facebook.com/aisysnext,Not Available,https://www.instagram.com/aisysnext,Not Available,https://www.linkedin.com/company/aisysnext-internationnal,"Accessibility,,Wheelchair-accessible seating,    From the business,,Identifies as women-owned,    Service options,,Online appointments,,On-site services,    Planning,,Appointment required"
DCI Websolutions,https://www.google.com/maps/place/DCI+Websolutions/data=!4m7!3m6!1s0x12fd34ec809f027f:0x9f2f17ef7cb8b516!8m2!3d46.952891!4d-42.2811849!16s%2Fg%2F11bzz02qx5!19sChIJfwKfgOw0_RIRFrW4fO8XL58?authuser=0&hl=en&rclk=1,https://lh3.googleusercontent.com/a-/ALV-UjX6jHLmLOTHJR71a9yMldkCJnVtLLep5mDXrDNfqOOeDCQVkABtCQ=w36-h36-p-rp-mo-br100,5.0,Not Available,Website designer,Not Available,"Monday, 8 AM to 8 PM,Thursday, 8 AM to 8 PM,Friday, 8 AM to 8 PM,Saturday, 8 AM to 12 PM,Sunday, 8 AM to 12 PM",Not Available,https://www.dci-websolutions.com/,+1 418-262-5167,"https://lh3.googleusercontent.com/gps-cs-s/AHRPTWnUPEfFWxAjjN0wx3RU19R75R51QuFy-e7dP_LMQ8IxguZANxgs-sKudCHezx5kZG0zPNsV55M__Py7ll9GPniJBTlrxhpVaZbUk7-0SFPuDD7qOV2fLyrgOl7vxXwZb4iRe9Ll=w32-h32-p-k-no,https://lh3.googleusercontent.com/gps-cs-s/AHRPTWnUPEfFWxAjjN0wx3RU19R75R51QuFy-e7dP_LMQ8IxguZANxgs-sKudCHezx5kZG0zPNsV55M__Py7ll9GPniJBTlrxhpVaZbUk7-0SFPuDD7qOV2fLyrgOl7vxXwZb4iRe9Ll=w648-h240-k-no,https://lh3.googleusercontent.com/gps-cs-s/AHRPTWnUPEfFWxAjjN0wx3RU19R75R51QuFy-e7dP_LMQ8IxguZANxgs-sKudCHezx5kZG0zPNsV55M__Py7ll9GPniJBTlrxhpVaZbUk7-0SFPuDD7qOV2fLyrgOl7vxXwZb4iRe9Ll=w805-h298-k-no,https://lh3.googleusercontent.com/gps-cs-s/AHRPTWkH5KyJAfWAigHV69CQO9FLWPqq-aWaSJ7rhLWy4H_HMy9OpFIcJTzornqgyiol097ql8rP75Zdb89234pFxjGZAvT51y6XwFJndMbjMDMav43cPr_7kTGq9PhKzIDihqupyoTI=w420-h298-k-no,https://lh3.googleusercontent.com/a-/ALV-UjX6jHLmLOTHJR71a9yMldkCJnVtLLep5mDXrDNfqOOeDCQVkABtCQ=w36-h36-p-rp-mo-br100,https://lh3.googleusercontent.com/a-/ALV-UjVMuaxWdl8gEo6nU3shUZWsZfNtbKNRO8LDp7IXUjfUBe40EH0V=w36-h36-p-rp-mo-br100,https://lh3.googleusercontent.com/a-/ALV-UjXbmppb_FACaXL3jwfFsKirzyhkqwqxK-Xp0twagYdQ2sLSNem7Qg=w36-h36-p-rp-mo-br100,https://lh3.googleusercontent.com/gps-cs-s/AHRPTWlAFV2H34WkkBsHlwUGb1eg9Rqr54lyV8lHhwSHf7zQUpzQK5C1koSEjgS6g55TQf9vz-hbJMARWuRfISdYSaLKUNED7MNSTkK1_Aen9MmCvCurusjHBs4vJrFJGYFxCIZXqUq6nQ=w156-h114-p-k-no,https://lh3.googleusercontent.com/gps-cs-s/AHRPTWnxLuFrl26uTTXNxbNBJo60bc4I-OjBoTvx4AakvBPBOUZquo94slQk7d_t8cknRTWrMDCXcT-SJ9OvLePet5-hLG6Tp2onOb_yqKUc5q3qemCmTfr8QNWMGPySaYhy04XtHK2Gig=w156-h114-p-k-no",46.952891,-42.2811849,contact@dci-websolutions.com,https://www.facebook.com/dachi.club.informatique2014,Not Available,Not Available,https://www.youtube.com/watch?v=eXRjPSqlIsA,https://www.linkedin.com/company/11101260/,Not Available
Digital rise solutions | SEO | référencement naturel | Agence SEO Tunisie | سيو,https://www.google.com/maps/place/Digital+rise+solutions+%7C+SEO+%7C+r%C3%A9f%C3%A9rencement+naturel+%7C+Agence+SEO+Tunisie+%7C+%D8%B3%D9%8A%D9%88%E2%80%AD/data=!4m7!3m6!1s0x12fdc56894569dfd:0x984d0d124496d953!8m2!3d35.6563556!4d10.0843537!16s%2Fg%2F11sjjy7jqw!19sChIJ_Z1WlGjF_RIRU9mWRBINTZg?authuser=0&hl=en&rclk=1,https://lh3.googleusercontent.com/gps-cs-s/AHRPTWlitS19ojHs2bec4nrtAUbvVeCiy2v8I7jB_-nktCWDi1L3TXbOTP1Gf9f_yAhYg68As0yNEz99yNbp6QX5-DUbmhEQgWdgvHWxsaaLhL0usJJLWoNdgpHwgqcyJE94ZCb3rTM=w426-h240-k-no,5.0,Not Available,Internet marketing service,"hassan hlel, Kairouan 3100","Monday, 8 AM to 6 PM,Thursday, 8 AM to 6 PM,Friday, 8 AM to 6 PM,Saturday, 8 AM to 6 PM,Sunday, Closed",Not Available,https://digital-rise-solutions.com/,22 105 514,"https://lh3.googleusercontent.com/gps-cs-s/AHRPTWlitS19ojHs2bec4nrtAUbvVeCiy2v8I7jB_-nktCWDi1L3TXbOTP1Gf9f_yAhYg68As0yNEz99yNbp6QX5-DUbmhEQgWdgvHWxsaaLhL0usJJLWoNdgpHwgqcyJE94ZCb3rTM=w32-h32-p-k-no,https://lh3.googleusercontent.com/gps-cs-s/AHRPTWlitS19ojHs2bec4nrtAUbvVeCiy2v8I7jB_-nktCWDi1L3TXbOTP1Gf9f_yAhYg68As0yNEz99yNbp6QX5-DUbmhEQgWdgvHWxsaaLhL0usJJLWoNdgpHwgqcyJE94ZCb3rTM=w426-h240-k-no,https://lh3.googleusercontent.com/gps-cs-s/AHRPTWlitS19ojHs2bec4nrtAUbvVeCiy2v8I7jB_-nktCWDi1L3TXbOTP1Gf9f_yAhYg68As0yNEz99yNbp6QX5-DUbmhEQgWdgvHWxsaaLhL0usJJLWoNdgpHwgqcyJE94ZCb3rTM=w529-h298-k-no,https://lh3.googleusercontent.com/gps-cs-s/AHRPTWlKqp7qXTS-BX3mE_capZPUyTotXorLqSkxz1tKATGyxSNW5KZVh-ZfkYsMfvb0I_l54LPAzc5FamzHkvnbF3hYFSdbZbhuy26IC1Amm4cgMlyQJEUr8VFjb0uUjHFISoTc6zWwnw=w397-h298-k-no,https://lh3.googleusercontent.com/gps-cs-s/AHRPTWnfhczH7iqCpE_DXapIE3rRhGXUaYAAr3su875L1DRjt_-VIfeGg77cv7BkkhMyDuXmymFe7RrAMfNSTRblwWW5_MyToUghoQd4PUcDtwrU6jT-T8XAUkKiAwzqOemPclN4HO0zYw=w224-h398-k-no,https://lh3.googleusercontent.com/gps-cs-s/AHRPTWl6J28ClIQooiVnrIXaSg8KyaIK8FtoaXLR13dzBCHO1bs6JJqxAe9TOs_Dj29SQNVPXY8Anqb7n6DRFoqKnLzXY2s6pKIbQ5fJp3FeMwL0GZjQOND1DVEIMp9fQ6SbGofTzxe0QA=w373-h298-k-no,https://lh3.googleusercontent.com/a-/ALV-UjXe3sV2wYV1PP9HQZG8b0KQ7LvNOzpUAqcUo3j6JaXKGCHQjOc=w36-h36-p-rp-mo-br100,https://lh3.googleusercontent.com/a/ACg8ocLpENsCmEmrY8EbsUTsFkBz-tpCnnUFDQPoO-spkFglYIDjzA=w36-h36-p-rp-mo-br100,https://lh3.googleusercontent.com/a-/ALV-UjV3PHiylXAmsqf91PBvs1toUibcDdxICoLd1a27TsmIVFRz704=w36-h36-p-rp-mo-ba12-br100,https://lh3.googleusercontent.com/gps-cs-s/AHRPTWly7KIXfN8EQZn2wMal9XwfTHivaKWrAOvwjAu-0QwJI6aPw_oDCerF6QdfyRVxWV5ZQGdCmExDVQzAg2MGEUTCgKzoyleCT2YzZTbfosh6YmpKl0xFkmxSq9zDpLaQTvZC8SJT=w156-h114-p-k-no,https://lh3.googleusercontent.com/gps-cs-s/AHRPTWn2R8dx2BzaL9IWVmkSRwO62WxXgmFYN6_aw0tECAgeSC_JRSlxZDtnKDBMrjZgmQJavZBbRGO6pVsE893xZStvHNY8ztrOyFw0z6-Ohloe_G4Y7dRwKbrHjdfm4wa6kVwt28NV=w156-h114-p-k-no",35.6563556,10.0843537,amira@digitalrisesolutions.com,https://www.facebook.com/share/1CBYdb6KLA/,Not Available,https://www.instagram.com/digital_rise_solutions/,https://www.youtube.com/@DIGITALRISESOLUTIONS,https://www.linkedin.com/company/92480443,"Accessibility,,Wheelchair-accessible entrance,,Wheelchair-accessible seating,,Wheelchair-accessible toilet,    From the business,,Identifies as women-owned,    Service options,,Online appointments,,On-site services,    Planning,,Appointment required"
Silkdev - Global Website Design Company,https://www.google.com/maps/place/Silkdev+-+Global+Website+Design+Company/data=!4m7!3m6!1s0x60d2f1b03434cd51:0x325495a3d7fd64ed!8m2!3d37.1549076!4d9.7937072!16s%2Fg%2F11kq4m3dw1!19sChIJUc00NLDx0mAR7WT916OVVDI?authuser=0&hl=en&rclk=1,https://lh3.googleusercontent.com/gps-cs-s/AHRPTWloDrFlEqHI9UKTnOyBbLZjR5TPlA-ccuSztsKzUJ_zq03fJY2HskG2j2Oc8NWqpG16pgNsTNiA80lSyS8QGnyM6fSZSaWVtxR8bg9SIbALK7snxvNuG75f25strvGxpJBV3JFq=w408-h306-k-no,5.0,Not Available,Design agency,"bureau 5, centre aziza, 1ere etage, Av. de l’Indépendance, Menzel Bourguiba 7050","Monday, 8 AM to 5 PM,Thursday, 8 AM to 5 PM,Friday, 8 AM to 5 PM,Saturday, Closed,Sunday, Closed",Not Available,https://silkdev.com.tn/,92 018 279,"https://lh3.googleusercontent.com/gps-cs-s/AHRPTWloDrFlEqHI9UKTnOyBbLZjR5TPlA-ccuSztsKzUJ_zq03fJY2HskG2j2Oc8NWqpG16pgNsTNiA80lSyS8QGnyM6fSZSaWVtxR8bg9SIbALK7snxvNuG75f25strvGxpJBV3JFq=w32-h32-p-k-no,https://lh3.googleusercontent.com/gps-cs-s/AHRPTWloDrFlEqHI9UKTnOyBbLZjR5TPlA-ccuSztsKzUJ_zq03fJY2HskG2j2Oc8NWqpG16pgNsTNiA80lSyS8QGnyM6fSZSaWVtxR8bg9SIbALK7snxvNuG75f25strvGxpJBV3JFq=w408-h306-k-no,https://lh3.googleusercontent.com/gps-cs-s/AHRPTWloDrFlEqHI9UKTnOyBbLZjR5TPlA-ccuSztsKzUJ_zq03fJY2HskG2j2Oc8NWqpG16pgNsTNiA80lSyS8QGnyM6fSZSaWVtxR8bg9SIbALK7snxvNuG75f25strvGxpJBV3JFq=w397-h298-k-no,https://lh3.googleusercontent.com/gps-cs-s/AHRPTWnenkryagP4wYzFiyqBZg2n-8lnZm1yUFQ6kKzBeNvv6MS8LjyVBeX9pbf9dpsy8Y3iKa05voyuVWH-YDiOfh2c65miIiqmxxqqcjsS4esabx7utrylbIJ-nKgHuqT4NYgwrBXgLQ=w397-h298-k-no,https://lh3.googleusercontent.com/a/ACg8ocKs72W7qUHLANkU3tvP5vRC-gSyqf_bCKfh2aC_i0CoXCkpUA=w36-h36-p-rp-mo-br100,https://lh3.googleusercontent.com/a-/ALV-UjVd9IRuGXipclCNizzGMVBuAqr_HAQ-0kdOCpg-28zAUwWbYf16-g=w36-h36-p-rp-mo-br100,https://lh3.googleusercontent.com/a-/ALV-UjWr7P2pNevju6Ur1eN9MT4d2lMkqabpL6t_PRB7yW_wRhSwre0YFQ=w36-h36-p-rp-mo-ba12-br100,https://lh3.googleusercontent.com/gps-cs-s/AHRPTWmCngDpo4WpdcLKl9j3BlncpU5sI3GqdgHCWRA4ClVR1b36qoklN6Hzdo-kgkOmAWmLCmZFhjUfoCCTbwktFPUXLHE6pHsQp6IBkqNvqA24Gi6v63VeaC8EiZ0-sW-1IsEVqWQx=w156-h114-p-k-no,https://lh3.googleusercontent.com/gps-cs-s/AHRPTWnCyJOHEXba5mTNT2Hx1LFIcSEipRffbwHjLy6hGU0KZcILYEiH-d5OyW2nohslnPwAc7_I1cxoE0_Yz_1hweFmGCc4vw6n7wx6PI9crVaIIzjex4m_a-wt95J6bOGdPI_c-f4o=w156-h114-p-k-no",37.1549076,9.7937072,contact@silkdev.com.tn,https://www.facebook.com/silkdevcorp,Not Available,https://www.instagram.com/silk.dev,Not Available,https://www.linkedin.com/company/silkdev,"Service options,,Online appointments,,On-site services,    Planning,,Appointment required"
DEVEOO : Agence web Tunisie,https://www.google.com/maps/place/DEVEOO+:+Agence+web+Tunisie/data=!4m7!3m6!1s0x12fd35e8dae69101:0x61da3dc6ad479da4!8m2!3d36.8377243!4d10.2369256!16s%2Fg%2F11kl_3ds_c!19sChIJAZHm2ug1_RIRpJ1HrcY92mE?authuser=0&hl=en&rclk=1,https://lh3.googleusercontent.com/gps-cs-s/AHRPTWnpmIIT8axlM6vEu8A_v7aiKyUEFsjADaauokGbq_XQfkYC7nZwYwaPB0y1HvIFDhnjSjgKHaQd82uw_XlmJw4qxQR01MzwX_sPk0gucEsXduk6X4rqoswUNXm2h-P1Jsu-lcUG3Q=w408-h244-k-no,4.8,Not Available,Internet marketing service,"Bloc C, A-28, Lac Malären, Tunis 1053","Monday, 9 AM to 6 PM,Thursday, 9 AM to 6 PM,Friday, 9 AM to 6 PM,Saturday, Closed,Sunday, Closed",Not Available,https://www.deveoo.com/,29 801 298,"https://lh3.googleusercontent.com/gps-cs-s/AHRPTWnpmIIT8axlM6vEu8A_v7aiKyUEFsjADaauokGbq_XQfkYC7nZwYwaPB0y1HvIFDhnjSjgKHaQd82uw_XlmJw4qxQR01MzwX_sPk0gucEsXduk6X4rqoswUNXm2h-P1Jsu-lcUG3Q=w32-h32-p-k-no,https://lh3.googleusercontent.com/gps-cs-s/AHRPTWnpmIIT8axlM6vEu8A_v7aiKyUEFsjADaauokGbq_XQfkYC7nZwYwaPB0y1HvIFDhnjSjgKHaQd82uw_XlmJw4qxQR01MzwX_sPk0gucEsXduk6X4rqoswUNXm2h-P1Jsu-lcUG3Q=w408-h244-k-no,https://lh3.googleusercontent.com/gps-cs-s/AHRPTWnpmIIT8axlM6vEu8A_v7aiKyUEFsjADaauokGbq_XQfkYC7nZwYwaPB0y1HvIFDhnjSjgKHaQd82uw_XlmJw4qxQR01MzwX_sPk0gucEsXduk6X4rqoswUNXm2h-P1Jsu-lcUG3Q=w496-h298-k-no,https://lh3.googleusercontent.com/gps-cs-s/AHRPTWl2a99JCMO7fivcnuNp0C9N00NdC7n6aAWZjHMxJ_alqKIOxRi97h_trPwYBPPa6gDh1v6w3_oa45k-TXEL_7D_tdaFmqK8g9LJ68-_wQ0TYAxpKP7HrP_xPEp0CA9DbRTTElp4=w447-h298-k-no,https://lh3.googleusercontent.com/a-/ALV-UjWc0Dvv75447ySgqmCt7yAUUBmCBBZ54erBHgnDm0l0t-UyFRur9g=w36-h36-p-rp-mo-ba12-br100,https://lh3.googleusercontent.com/a/ACg8ocKm_gDK9mjHlvyLmV9s51gyogt8lQX7gE6B0E-lH46TtTt_=w36-h36-p-rp-mo-br100,https://lh3.googleusercontent.com/a/ACg8ocJSRcUyys7nwTUICp99Y8_h1kdGjil0m1RW8uSLQDY99qzW7Q=w36-h36-p-rp-mo-br100,https://lh3.googleusercontent.com/gps-cs-s/AHRPTWlydzDiXnk4PWMZr-Nwm8sq3Rjij1CCpO7hMVFo4KW5oK-c-FCZpd6bSLfhnvgdasMhqoHdbZ_17NG2WGVtAtXXc15G6vmWmtlMm93pAjssa1ehVpNmabyOCOP6txqDGxEL07V9-BpSe8vR=w156-h114-p-k-no,https://lh3.googleusercontent.com/gps-cs-s/AHRPTWmxeJ39mRa1g-URRibsb1_Ltb9sG3PjvD2A5I-3imASf3mOoA7vCoc0kdv7P6dnH3W2ZNIU1qkFU124IDKdFjMqmtZ8HH9AA-uXMkzaqWchXCqw_7Tt-2eUWZLhryka73oBDjO1=w156-h114-p-k-no",36.8377243,10.2369256,Not Available,https://www.facebook.com/deveooagency,Not Available,https://www.instagram.com/deveooagency/,Not Available,https://www.linkedin.com/company/deveoo,Not Available
Hannibal advanced solutions : Agence Web Tunisie,https://www.google.com/maps/place/Hannibal+advanced+solutions+:+Agence+Web+Tunisie/data=!4m7!3m6!1s0x12fd357c19ed1859:0x356ee846af24433b!8m2!3d36.8154575!4d10.1857342!16s%2Fg%2F11ymn9g9y6!19sChIJWRjtGXw1_RIRO0Mkr0bobjU?authuser=0&hl=en&rclk=1,https://streetviewpixels-pa.googleapis.com/v1/thumbnail?panoid=dch_gcqilJ5E6-3g3NgIGQ&cb_client=search.gws-prod.gps&w=408&h=240&yaw=235.54387&pitch=0&thumbfov=100,5.0,Not Available,Website designer,Tunis 1000,"Monday, 8:30 AM to 6 PM,Thursday, 8:30 AM to 6 PM,Friday, 8:30 AM to 6 PM,Saturday, Closed,Sunday, Closed",Not Available,http://hannibaladvanced.com/,29 316 499,"https://streetviewpixels-pa.googleapis.com/v1/thumbnail?panoid=dch_gcqilJ5E6-3g3NgIGQ&cb_client=search.gws-prod.gps&w=86&h=86&yaw=235.54387&pitch=0&thumbfov=100,https://streetviewpixels-pa.googleapis.com/v1/thumbnail?panoid=dch_gcqilJ5E6-3g3NgIGQ&cb_client=search.gws-prod.gps&w=408&h=240&yaw=235.54387&pitch=0&thumbfov=100,https://streetviewpixels-pa.googleapis.com/v1/thumbnail?panoid=dch_gcqilJ5E6-3g3NgIGQ&cb_client=maps_sv.tactile.gps&w=224&h=298&yaw=235.54387&pitch=0&thumbfov=100,https://lh3.googleusercontent.com/gps-cs-s/AHRPTWmDdTwtzRELVjlSTFiFqatqR6-qpyA__e06BiHgEM9mN_A9Kpz5OUpYrMg2dxpS2-6isNPy-fonEoldlLZKlVvvQ5-3_hayWOatw2c7s-uYrkdw-Yjuf-x0xiP_sO3FfYm-zamD_FkLKOX0=w397-h298-k-no,https://lh3.googleusercontent.com/a-/ALV-UjXuA3t82huTzPCwxou_wggt5VnxUIu5Xt-qUnTbcwEKzXbChgm7=w36-h36-p-rp-mo-br100,https://lh3.googleusercontent.com/a-/ALV-UjXe24InoJPuszXA5pLg53E1bOZe1-ZbWi21uF4XaTWbceDB6Vo=w36-h36-p-rp-mo-br100,https://lh3.googleusercontent.com/a-/ALV-UjW3GX1qkk714MY1mF5HD_S0W0S1VnSO3MOFG6S31_K9pqMZaBM=w36-h36-p-rp-mo-br100",36.8154575,10.1857342,contact@hannibaladvanced.com,https://www.facebook.com/profile.php?id=61571023165350,Not Available,https://www.instagram.com/hannibaladvanced,https://www.youtube.com/@hannibaladvanced,https://www.linkedin.com/in/hannibal-advanced-03476138a/,Not Available
Ikigai Agence de communication Tunisie,https://www.google.com/maps/place/Ikigai+Agence+de+communication+Tunisie/data=!4m7!3m6!1s0x12fd3589b8a47033:0xa1a796bb4f30080!8m2!3d36.8438581!4d10.1980601!16s%2Fg%2F11ll3396_f!19sChIJM3CkuIk1_RIRgADztGt5Ggo?authuser=0&hl=en&rclk=1,https://lh3.googleusercontent.com/gps-cs-s/AHRPTWlzTX2UxB3wX1vwPXlcNq2PA8NPdY_L_X_4OACEYSZ0mt-l2cAVhI_e7j61MQaGYWihGSPyU81pIUrJ7c2Wsil8wDwipWYDke0llx0qhoCcB-3vbW3q5dWsBeak6RcYDhFc1iMMvg=w408-h271-k-no,4.7,Not Available,Marketing agency,"إقامة إيناس، Bloc A-1 3ème étage, Tunis 1082","Monday, Open 24 hours,Thursday, Open 24 hours,Friday, Open 24 hours,Saturday, Open 24 hours,Sunday, Open 24 hours",Not Available,https://ikigai.tn/,90 601 300,"https://lh3.googleusercontent.com/gps-cs-s/AHRPTWlzTX2UxB3wX1vwPXlcNq2PA8NPdY_L_X_4OACEYSZ0mt-l2cAVhI_e7j61MQaGYWihGSPyU81pIUrJ7c2Wsil8wDwipWYDke0llx0qhoCcB-3vbW3q5dWsBeak6RcYDhFc1iMMvg=w32-h32-p-k-no,https://lh3.googleusercontent.com/gps-cs-s/AHRPTWlzTX2UxB3wX1vwPXlcNq2PA8NPdY_L_X_4OACEYSZ0mt-l2cAVhI_e7j61MQaGYWihGSPyU81pIUrJ7c2Wsil8wDwipWYDke0llx0qhoCcB-3vbW3q5dWsBeak6RcYDhFc1iMMvg=w408-h271-k-no,https://lh3.googleusercontent.com/gps-cs-s/AHRPTWlzTX2UxB3wX1vwPXlcNq2PA8NPdY_L_X_4OACEYSZ0mt-l2cAVhI_e7j61MQaGYWihGSPyU81pIUrJ7c2Wsil8wDwipWYDke0llx0qhoCcB-3vbW3q5dWsBeak6RcYDhFc1iMMvg=w448-h298-k-no,https://lh3.googleusercontent.com/gps-cs-s/AHRPTWnKLLE4gmnzutJ8pajf3UYMfNKZdjFlg3HJV_UZW2hVupE5rA8lG5P5tmnMKedrNDUdLVNlSGs2NkUYMy3pxnvPF58YmNWmfz4ZzfXZhsc03RYqi_icwkO9EpFUPoe5jhqAAj9i=w529-h298-k-no,https://lh3.googleusercontent.com/gps-cs-s/AHRPTWmoezLpWJbqWOOC5THQLdH3U7lZnIr2-qyn8EHl2iivmvh3_UNUh9K-pd6m78LSJEkWNQuphlNMv708ZQkgY9Rn-6Zq0DxxKkk_LXNHQitAHjFr93Roki78p60njOMPugns-NY=w529-h298-k-no,https://lh3.googleusercontent.com/gps-cs-s/AHRPTWkE9itS_QmA_UosVf4gfN5c7hTURH39ZxbuEBavRMlVAQn3eAeJU4P5_2VxCYS1qZL7bxsbfecfkMjFq3Qh8q1bxSUmyWqTFLuGqVk_r0O7aSdJjK1VidOS0eEknIvOAfcQpdVT=w529-h298-k-no,https://streetviewpixels-pa.googleapis.com/v1/thumbnail?panoid=pAmQl-arLe_xNRdA2fZNxA&cb_client=maps_sv.tactile.gps&w=224&h=298&yaw=33.59757&pitch=0&thumbfov=100,https://lh3.googleusercontent.com/a/ACg8ocLkpxH9yMUcTHYMffOlkCzRiwk34sltpjhL0NpKHN4dqp6jWg=w36-h36-p-rp-mo-br100,https://lh3.googleusercontent.com/a-/ALV-UjUZCtGQq3WpKOcTncgXRIW9lLIzv-Wxm5GmzKIu77Vc3vBjJs8ZQQ=w36-h36-p-rp-mo-br100,https://lh3.googleusercontent.com/a-/ALV-UjV_Xa7Dm04wCZAStMWikEEoDT8RYtHEJODvuvBgfJicY5OFfqAa=w36-h36-p-rp-mo-br100,https://lh3.googleusercontent.com/gps-cs-s/AHRPTWnIAx-NekDxEXK6Ylh-p4s88QQAoC6hujbtthqtn_YbssBGIimK7p1SfWLLooHjpy9whhIAX-srcgioI61KIoeQR5tfKeM5nYMQCJgj3DSD5Z3PnZPxe5NZuUlcBNhMAC9XVb4jNA=w156-h114-p-k-no,https://lh3.googleusercontent.com/gps-cs-s/AHRPTWnlFRnaTzP1i-A8Xw1N8kZfgQP8w_igMk2RXQHOXyrc1T3zpDf7eHrZLq0vT9DBDd74EG6iBK0nZjKKQJ-Y0SjDasusvB_K1Y132Cm8zMH02wdwPuhl8w7ZovBKtdCjDRzXUJk=w156-h114-p-k-no,https://lh3.googleusercontent.com/gps-cs-s/AHRPTWm4xbRkU2JArhxaTAMvu_Ew8VEcC8spfNZfXoAUZanS9js98efwdklm1QIH5MHxgnD05WWFnoQCDhBTOERUDhYWFoo2e0LhHBzCc8Sj-J9HTfhE9g8H57qyj8pnprTV_WoCVqTfwg=w156-h114-p-k-no",36.8438581,10.1980601,contact@ikigai.tn,https://www.facebook.com/ikigai.tn,https://twitter.com/ikigai_tunisie,https://www.instagram.com/ikigai.agency.tn/,https://www.youtube.com/@ikigai.tunisia,https://www.linkedin.com/company/ikigai-agence-de-communication-tunisie,"Accessibility,,Wheelchair-accessible car park,,Wheelchair-accessible entrance,,Wheelchair-accessible seating,,Wheelchair-accessible toilet,    Service options,,Online appointments,,On-site services,    Amenities,,Gender-neutral toilets,    Planning,,Appointment required"
Zahou Tech,https://www.google.com/maps/place/Zahou+Tech/data=!4m7!3m6!1s0x12fd33ed8f274d7f:0x737a48fa8053c1a9!8m2!3d36.8229118!4d10.1937563!16s%2Fg%2F11rk24vrrh!19sChIJf00nj-0z_RIRqcFTgPpIenM?authuser=0&hl=en&rclk=1,https://lh3.googleusercontent.com/gps-cs-s/AHRPTWl5kRQOWbhWRqdecAyOoBnL4SFonko-pAmB_lAEx63bS1sRZlipxXugb1Rs8RQ-ycLUZhiyqz1ewedCh-492YFb8ZZ4qrWw1mOldrKe90WBa27-WOEnf0lYFD-TsE0lelNiBmfaHvGi4yAT=w408-h725-k-no,5.0,Not Available,Marketing agency,"Bloc A Bureau A8, Immeuble Zitouna Palace, Rue Omar Kaddeh, Tunis","Monday, 8 AM to 5 PM,Thursday, 8 AM to 5 PM,Friday, 8 AM to 5 PM,Saturday, Closed,Sunday, Closed",Not Available,https://zahou-tech.com/,99 655 495,"https://lh3.googleusercontent.com/gps-cs-s/AHRPTWl5kRQOWbhWRqdecAyOoBnL4SFonko-pAmB_lAEx63bS1sRZlipxXugb1Rs8RQ-ycLUZhiyqz1ewedCh-492YFb8ZZ4qrWw1mOldrKe90WBa27-WOEnf0lYFD-TsE0lelNiBmfaHvGi4yAT=w32-h32-p-k-no,https://lh3.googleusercontent.com/gps-cs-s/AHRPTWl5kRQOWbhWRqdecAyOoBnL4SFonko-pAmB_lAEx63bS1sRZlipxXugb1Rs8RQ-ycLUZhiyqz1ewedCh-492YFb8ZZ4qrWw1mOldrKe90WBa27-WOEnf0lYFD-TsE0lelNiBmfaHvGi4yAT=w408-h725-k-no,https://lh3.googleusercontent.com/gps-cs-s/AHRPTWl5kRQOWbhWRqdecAyOoBnL4SFonko-pAmB_lAEx63bS1sRZlipxXugb1Rs8RQ-ycLUZhiyqz1ewedCh-492YFb8ZZ4qrWw1mOldrKe90WBa27-WOEnf0lYFD-TsE0lelNiBmfaHvGi4yAT=w224-h398-k-no,https://lh3.googleusercontent.com/gps-cs-s/AHRPTWmyv1Eg-EnxLtcUU7AjuQLdwKcso36mwzOckgPAOzoCeqHKpvUj_bS6-o-lBHG1Zqu1Erqj4NeuMIosWnuJHpHXP2bkfQ_PfwDMlTYsBmCsGS0id2QsSx7lj944HGrn4x6W0SW3dhFcj7UK=w224-h398-k-no,https://lh3.googleusercontent.com/gps-cs-s/AHRPTWkPBngLbQQAA5AxQj7n-hLOlUx3TYeANUn5wOjG1qZq8OD34s_RX7AzIQ1_kkaOV-AXyVeb7IgDlepgDq8v4inylYzTDfnpqLFwdbMlL1XlqL8c70LJL7E1cqIBdLOPJS0Io_K5VtQ6Dj-D=w224-h403-k-no,https://streetviewpixels-pa.googleapis.com/v1/thumbnail?panoid=0pBMlDR5Ce7o06iPFsBkCw&cb_client=maps_sv.tactile.gps&w=224&h=298&yaw=162.40479&pitch=0&thumbfov=100,https://lh3.googleusercontent.com/a/ACg8ocLljZUBT_YOALiCPMpImgEVjUnYQon7WtDWIYc4sprFr4AdNQ=w36-h36-p-rp-mo-br100,https://lh3.googleusercontent.com/a/ACg8ocKgIq8fGCjxp1l6J4ZD1mjDKZBxMxquMcf6up6GjQWTAQDoiw=w36-h36-p-rp-mo-br100,https://lh3.googleusercontent.com/a/ACg8ocIdkS5Ghsl4gpTDdr6iB-nNUfUiU50ChFVhZlhjyN3-1KW3ew=w36-h36-p-rp-mo-br100,https://lh3.googleusercontent.com/gps-cs-s/AHRPTWnhFyCexwjcfddKkeuvI9SPKFmqG8wxHMzYdsvyymsltQ_3-uhZnXwiCFM-WgS3L19Pc2LsMU1m_YzUPn7jHQhO-NgNSm4niN0lbG2QrWZbLDep-AT1x4_MJCQS44JzpUAlZhE=w156-h114-p-k-no,https://lh3.googleusercontent.com/gps-cs-s/AHRPTWmPLkptoQM53xSuPoQriqoeNXG43-kL0i04oUH8_Ua4gpP3C1trAUM86i38ANv2N2AVnn-LXV3kp6z4EQlqGP2MWEwkfOP8rcRevnOGThqTZ1zIhr8EGZLZeLMPBomwMCJUrH8=w156-h114-p-k-no",36.8229118,10.1937563,contact@zahou-tech.com,https://www.facebook.com/zahouTech,Not Available,https://www.instagram.com/zahou_tech/,Not Available,https://www.linkedin.com/company/36974641,"From the business,,Identifies as women-owned,    Service options,,Online appointments,,On-site services"
TANIT WEB,https://www.google.com/maps/place/TANIT+WEB/data=!4m7!3m6!1s0x12fd3489bc0a13f5:0x14579de40e68a49e!8m2!3d36.818762!4d10.1853171!16s%2Fg%2F11_f3480_!19sChIJ9RMKvIk0_RIRnqRoDuSdVxQ?authuser=0&hl=en&rclk=1,https://lh3.googleusercontent.com/gps-cs-s/AHRPTWmpd_aBfpBhXUYORahc4ewj_PvASace8tNZ2jgXUNXGxtPMsUwYCqDN0DeNv6FTJML3ioRlTixtKrIWIX6NbZcaE7AMfiE5eLDwtjrBhefB8ZcYyCncHYFjYvecx82AH8JFJzCJQXKy97WX=w564-h240-k-no,4.0,Not Available,Software company,"Narimen, Chott Mariem, Tunis 1073","Monday, 8 AM to 5 PM,Thursday, 8 AM to 5 PM,Friday, 8 AM to 5 PM,Saturday, Closed,Sunday, Closed",Not Available,https://www.tanitweb.com/,71 900 906,"https://lh3.googleusercontent.com/gps-cs-s/AHRPTWmpd_aBfpBhXUYORahc4ewj_PvASace8tNZ2jgXUNXGxtPMsUwYCqDN0DeNv6FTJML3ioRlTixtKrIWIX6NbZcaE7AMfiE5eLDwtjrBhefB8ZcYyCncHYFjYvecx82AH8JFJzCJQXKy97WX=w32-h32-p-k-no,https://lh3.googleusercontent.com/gps-cs-s/AHRPTWmpd_aBfpBhXUYORahc4ewj_PvASace8tNZ2jgXUNXGxtPMsUwYCqDN0DeNv6FTJML3ioRlTixtKrIWIX6NbZcaE7AMfiE5eLDwtjrBhefB8ZcYyCncHYFjYvecx82AH8JFJzCJQXKy97WX=w564-h240-k-no,https://lh3.googleusercontent.com/gps-cs-s/AHRPTWmpd_aBfpBhXUYORahc4ewj_PvASace8tNZ2jgXUNXGxtPMsUwYCqDN0DeNv6FTJML3ioRlTixtKrIWIX6NbZcaE7AMfiE5eLDwtjrBhefB8ZcYyCncHYFjYvecx82AH8JFJzCJQXKy97WX=w701-h298-k-no,https://lh3.googleusercontent.com/a/ACg8ocI-uP550zejvdH_rtwLK3FTUYMHC47P-xzkKu8K7jmJPLlJ_Q=w36-h36-p-rp-mo-br100,https://lh3.googleusercontent.com/a/ACg8ocI9cKDrB7dFDVCa0FpWkM1IG9qJ3cRZAUa2J7FEp6eDszTxgw=w36-h36-p-rp-mo-br100,https://lh3.googleusercontent.com/a-/ALV-UjV9VhgG5NcJERdkCk8NpdvRDJq5g2d3MUtvsvLMeWFHstgfZNWF=w36-h36-p-rp-mo-br100,https://lh3.googleusercontent.com/gps-cs-s/AHRPTWnzSEiRQMUCH_CuokTPjbrydGAG4MGqeWtKY1q0Rn8ymR6I_f50NtYoItGwqh0hmNdKNjuiZVXcc9bKbGiHorFEjohE-Z_IOdLp3Wog1Vv2MoExvahhdpaLcQcjocD2G1_dC1v_og=w156-h114-p-k-no,https://lh3.googleusercontent.com/gps-cs-s/AHRPTWkEi6Y3Orl7h18g5-Fw-AAmHuGRk47_pt2rZ57eRFcjz7S77HhvvWU86VHMUP7aDEARBeloNmBcAjs_w-pzthhB69fXYAGWOstqShCRW0VG3udZuFTXRnqMAV34iqolKuPDcXyNmg=w156-h114-p-k-no",36.818762,10.1853171,Contact@tanitweb.com,https://www.facebook.com/tanitweb,https://twitter.com/tanitweb,https://www.instagram.com/tanitweb/,Not Available,https://www.linkedin.com/company/tanitweb/,Not Available
"Media Web Services : Agence Web Tunisie - Agence Web Kairouan, Site Web, Application Mobile, Shooting et Vidéo - MWS Services","https://www.google.com/maps/place/Media+Web+Services+:+Agence+Web+Tunisie+-+Agence+Web+Kairouan,+Site+Web,+Application+Mobile,+Shooting+et+Vid%C3%A9o+-+MWS+Services/data=!4m7!3m6!1s0x12fddaa8edc968c1:0x3939d5bd0e3d4534!8m2!3d36.80306!4d10.1451332!16s%2Fg%2F11c2n_4v35!19sChIJwWjJ7aja_RIRNEU9Dr3VOTk?authuser=0&hl=en&rclk=1",https://lh3.googleusercontent.com/gps-cs-s/AHRPTWkorDYi4tWU160-lWSCHTai6-n5JWcShVVrryPl_5TOUgrvvn8vG7VKNgi-dTA6JwvIXxtWh8g8cynE0jlSD8ngEgY_vxVsZc75qzIoTFYPYXleQaYnc0b-DBqSwrpjn0dLaa4N4A=w408-h272-k-no,4.8,Not Available,Computer support and services,"67 Rue Menzel Bourguiba, Ariana 7050","Monday, 7 AM to 7 PM,Thursday, 7 AM to 7 PM,Friday, 7 AM to 7 PM,Saturday, 7 AM to 3 PM,Sunday, Closed",Not Available,http://mws-services.com/,22 225 951,"https://lh3.googleusercontent.com/gps-cs-s/AHRPTWkorDYi4tWU160-lWSCHTai6-n5JWcShVVrryPl_5TOUgrvvn8vG7VKNgi-dTA6JwvIXxtWh8g8cynE0jlSD8ngEgY_vxVsZc75qzIoTFYPYXleQaYnc0b-DBqSwrpjn0dLaa4N4A=w32-h32-p-k-no,https://lh3.googleusercontent.com/gps-cs-s/AHRPTWkorDYi4tWU160-lWSCHTai6-n5JWcShVVrryPl_5TOUgrvvn8vG7VKNgi-dTA6JwvIXxtWh8g8cynE0jlSD8ngEgY_vxVsZc75qzIoTFYPYXleQaYnc0b-DBqSwrpjn0dLaa4N4A=w408-h272-k-no,https://lh3.googleusercontent.com/gps-cs-s/AHRPTWkorDYi4tWU160-lWSCHTai6-n5JWcShVVrryPl_5TOUgrvvn8vG7VKNgi-dTA6JwvIXxtWh8g8cynE0jlSD8ngEgY_vxVsZc75qzIoTFYPYXleQaYnc0b-DBqSwrpjn0dLaa4N4A=w447-h298-k-no,https://lh3.googleusercontent.com/gps-cs-s/AHRPTWkt3Ucvw2lpV3-0SHcYPn-DJtmNTd_cGnmx2Y1zF35WMBoSxidrEyDGmR_kKtLkyzbulEZ-8kV4LP0LHJ_PU_fYH2sXYZ-mxcszUuULsAG7T3LGifNAQld1PIbq6m1OMA5D5UXB=w525-h298-k-no,https://lh3.googleusercontent.com/a/ACg8ocKvtYHNFCWpGcnaQWjnTa4HQ8dcf313hsdzTp9OyQ14AXkv6g=w36-h36-p-rp-mo-br100,https://lh3.googleusercontent.com/a-/ALV-UjWDNxkp-BYZIlYsZDVhIGt0RFTvmAlk7mm0H7-l14U2epZCNwgV=w36-h36-p-rp-mo-br100,https://lh3.googleusercontent.com/a-/ALV-UjUCQWNJ7pvG5JgnyELm8gelwQW0g5JWYvjGExDsEaqjnE1gSYg=w36-h36-p-rp-mo-br100,https://lh3.googleusercontent.com/gps-cs-s/AHRPTWmcE9WPXHYtCWMnw86vC3hCmmumWZsfJFDNn3OoVivi-eCCUu8b-Ym5iWcqUsAVuc60DeQv73-8Oag6kYUnI1NGuuF_sZ6u6I0gFuC9OdDQetBuSrTUNfd4y3gNnsDd19b_cLfqzQ=w156-h114-p-k-no,https://lh3.googleusercontent.com/gps-cs-s/AHRPTWnzSEiRQMUCH_CuokTPjbrydGAG4MGqeWtKY1q0Rn8ymR6I_f50NtYoItGwqh0hmNdKNjuiZVXcc9bKbGiHorFEjohE-Z_IOdLp3Wog1Vv2MoExvahhdpaLcQcjocD2G1_dC1v_og=w156-h114-p-k-no",36.80306,10.1451332,contact@mws-services.com,https://www.facebook.com/MWSservices/,Not Available,Not Available,https://www.youtube.com/@MEDIAWEBSERVICES,https://www.linkedin.com/company/media-web-services/?viewAsMember=true,"Service options,,Online appointments"
Agence Web THE ROAD,https://www.google.com/maps/place/Agence+Web+THE+ROAD/data=!4m7!3m6!1s0x12fd353b213149f7:0x2495627ab611c978!8m2!3d36.8064948!4d10.1815316!16s%2Fg%2F11vx1jz9dd!19sChIJ90kxITs1_RIReMkRtnpilSQ?authuser=0&hl=en&rclk=1,https://streetviewpixels-pa.googleapis.com/v1/thumbnail?panoid=7gbO1-tvWIm551vqQldUcw&cb_client=search.gws-prod.gps&w=408&h=240&yaw=252.61525&pitch=0&thumbfov=100,5.0,Not Available,Website designer,"THE DOT, Tunis 1053","Monday, Open 24 hours,Thursday, Open 24 hours,Friday, Open 24 hours,Saturday, Open 24 hours,Sunday, Open 24 hours",Not Available,https://www.theroad.tn/,94 337 199,"https://streetviewpixels-pa.googleapis.com/v1/thumbnail?panoid=7gbO1-tvWIm551vqQldUcw&cb_client=search.gws-prod.gps&w=86&h=86&yaw=252.61525&pitch=0&thumbfov=100,https://streetviewpixels-pa.googleapis.com/v1/thumbnail?panoid=7gbO1-tvWIm551vqQldUcw&cb_client=search.gws-prod.gps&w=408&h=240&yaw=252.61525&pitch=0&thumbfov=100,https://streetviewpixels-pa.googleapis.com/v1/thumbnail?panoid=7gbO1-tvWIm551vqQldUcw&cb_client=maps_sv.tactile.gps&w=224&h=298&yaw=252.61525&pitch=0&thumbfov=100,https://lh3.googleusercontent.com/gps-cs-s/AHRPTWkccuy9t2yJX6bPthJFBuzaY-Ewot31XWI8I9-Ox0ZKLCJZZSpfEFfFmE5G9cjMRBUClvTfOlwqBMf0mJJU-BjBbmTL34eXXdX3nbsQYW06zgXtGb8zoRJWuXAGkrehjfhjIoGw=w529-h298-k-no,https://lh3.googleusercontent.com/a-/ALV-UjXWQdUvji89bill7hmXg3D4ms4fTBZFrTXYyhi9eVJdyJQZnQs=w36-h36-p-rp-mo-br100,https://lh3.googleusercontent.com/a-/ALV-UjVQeU3lXMhmrBLRc5BKxWc-tmZaXgPrVtocshoRnEetiNZEHaWv=w36-h36-p-rp-mo-br100,https://lh3.googleusercontent.com/a/ACg8ocKXUoS-f5BWG8KBJkhMeHBQHdtcD9NeOCIgQVBJueQfBn78MA=w36-h36-p-rp-mo-br100",36.8064948,10.1815316,contact@theroad.tn,https://www.facebook.com/theroadagencedigitale/,Not Available,https://www.instagram.com/theroadagence/,Not Available,https://www.linkedin.com/company/83515781,"Service options,,Online appointments,,On-site services"
Devmix,https://www.google.com/maps/place/Devmix/data=!4m7!3m6!1s0x12fd35a7f4877625:0x2acdab8651792255!8m2!3d36.8470077!4d10.196017!16s%2Fg%2F11h5nsm391!19sChIJJXaH9Kc1_RIRVSJ5UYarzSo?authuser=0&hl=en&rclk=1,https://streetviewpixels-pa.googleapis.com/v1/thumbnail?panoid=53wrrwjvg7mF2eKmCPWlIQ&cb_client=search.gws-prod.gps&w=408&h=240&yaw=26.102932&pitch=0&thumbfov=100,4.5,Not Available,Software company,"Bureau A-4.2, Yasmine Tower, Bd de la Terre, Tunis 1082","Monday, 8:30 AM to 5 PM,Thursday, 8:30 AM to 5 PM,Friday, 8:30 AM to 5 PM,Saturday, Closed,Sunday, Closed",Not Available,https://devmix.tn/,31 402 372,"https://streetviewpixels-pa.googleapis.com/v1/thumbnail?panoid=53wrrwjvg7mF2eKmCPWlIQ&cb_client=search.gws-prod.gps&w=86&h=86&yaw=26.102932&pitch=0&thumbfov=100,https://streetviewpixels-pa.googleapis.com/v1/thumbnail?panoid=53wrrwjvg7mF2eKmCPWlIQ&cb_client=search.gws-prod.gps&w=408&h=240&yaw=26.102932&pitch=0&thumbfov=100,https://streetviewpixels-pa.googleapis.com/v1/thumbnail?panoid=53wrrwjvg7mF2eKmCPWlIQ&cb_client=maps_sv.tactile.gps&w=224&h=298&yaw=26.102932&pitch=0&thumbfov=100,https://lh3.googleusercontent.com/gps-cs-s/AHRPTWkssW7-m7LqPIRWa_97GPPoXbw8fUvbYHC63AKoySOMn1ghrrbkcWjW12m47SojkoKh-3WLJRuVR_n7xikKKV7ZuSbMB9EtsPf1YD2ThXBGTZ9BA1FEwnVRaW2ryvw_Jn4ZwNeV=w298-h298-k-no,https://lh3.googleusercontent.com/a-/ALV-UjX-Xhc95mkteGUmIpdCrXlfg3Mk507ypmidOsYLRhPXqnjkgPuN=w36-h36-p-rp-mo-br100,https://lh3.googleusercontent.com/a/ACg8ocKrWjnX-ZsmOAt9PcwEVPwIrpfi1TDvYungjGXLfmGU-BBwig=w36-h36-p-rp-mo-br100,https://lh3.googleusercontent.com/a/ACg8ocIPTCutN7Y39omjoS0xwbZjS7VlzLoslBIpwVsqxv697iuZ1Q=w36-h36-p-rp-mo-ba12-br100,https://lh3.googleusercontent.com/gps-cs-s/AHRPTWnnDwqFEP8A7AdwyWla7Dp1YNnmF9uP_DJk29eYLtQJhvPCrS84Z1B18cTy19XE2QXztY1BCL0E3uCroHYcCngOQOxLEVEEeCrx-1NLloFQbCwP_9KuuH9Q5s4YU-XrsIJmIf0g=w156-h114-p-k-no,https://lh3.googleusercontent.com/gps-cs-s/AHRPTWnjZSI1iWu8Hp3b_99kDZ_8pusGZLSeXs3lt5Uo5-vo2wvt9lSJMolC7fbA4vJF59v4rZ5R7fDcn-tsPi9aPqiyx088XSTtOlgfcj4MYZUT2y_uqR9KebS4jP2JIBC4gY7CR3_RGi9RB86r=w156-h114-p-k-no,https://lh3.googleusercontent.com/gps-cs-s/AHRPTWnpmIIT8axlM6vEu8A_v7aiKyUEFsjADaauokGbq_XQfkYC7nZwYwaPB0y1HvIFDhnjSjgKHaQd82uw_XlmJw4qxQR01MzwX_sPk0gucEsXduk6X4rqoswUNXm2h-P1Jsu-lcUG3Q=w156-h114-p-k-no,https://lh3.googleusercontent.com/gps-cs-s/AHRPTWnzSEiRQMUCH_CuokTPjbrydGAG4MGqeWtKY1q0Rn8ymR6I_f50NtYoItGwqh0hmNdKNjuiZVXcc9bKbGiHorFEjohE-Z_IOdLp3Wog1Vv2MoExvahhdpaLcQcjocD2G1_dC1v_og=w156-h114-p-k-no",36.8470077,10.196017,Not Available,Not Available,Not Available,Not Available,Not Available,Not Available,"Service options,,Online appointments,,On-site services,    Planning,,Appointment required"
iBrand Tunisia,https://www.google.com/maps/place/iBrand+Tunisia/data=!4m7!3m6!1s0x13026d18bd03da63:0x708a89bd33be76b2!8m2!3d35.7749883!4d10.8248982!16s%2Fg%2F11fnpm2w5w!19sChIJY9oDvRhtAhMRsna-M72JinA?authuser=0&hl=en&rclk=1,https://lh3.googleusercontent.com/gps-cs-s/AHRPTWkuZ8q7QtnD1mMrFZkRrl6Tu8VNNse2-FwtrH-rDTwHu6_SupO7qmGjhkuFTYxVXIJ7IsUVcCvQsSEPbNXrvY3r8hTJQgLA-Kf1FD1jVWLTvpRCPh_DUeTQOI835Z4OeFBGKRABmA=w426-h240-k-no,5.0,Not Available,Marketing agency,"Rue d'Alger, Monastir","Monday, 8:30 AM to 5 PM,Thursday, 8:30 AM to 5 PM,Friday, 8:30 AM to 5 PM,Saturday, Closed,Sunday, Closed",Not Available,http://www.ibrandtunisia.tn/,51 656 969,"https://lh3.googleusercontent.com/gps-cs-s/AHRPTWkuZ8q7QtnD1mMrFZkRrl6Tu8VNNse2-FwtrH-rDTwHu6_SupO7qmGjhkuFTYxVXIJ7IsUVcCvQsSEPbNXrvY3r8hTJQgLA-Kf1FD1jVWLTvpRCPh_DUeTQOI835Z4OeFBGKRABmA=w32-h32-p-k-no,https://lh3.googleusercontent.com/gps-cs-s/AHRPTWkuZ8q7QtnD1mMrFZkRrl6Tu8VNNse2-FwtrH-rDTwHu6_SupO7qmGjhkuFTYxVXIJ7IsUVcCvQsSEPbNXrvY3r8hTJQgLA-Kf1FD1jVWLTvpRCPh_DUeTQOI835Z4OeFBGKRABmA=w426-h240-k-no,https://lh3.googleusercontent.com/gps-cs-s/AHRPTWkuZ8q7QtnD1mMrFZkRrl6Tu8VNNse2-FwtrH-rDTwHu6_SupO7qmGjhkuFTYxVXIJ7IsUVcCvQsSEPbNXrvY3r8hTJQgLA-Kf1FD1jVWLTvpRCPh_DUeTQOI835Z4OeFBGKRABmA=w529-h298-k-no,https://lh3.googleusercontent.com/gps-cs-s/AHRPTWlWmnPCSIovRiO3sXYZ7NhXmcqLhCRZLPKeC724OjPdO3QeVIgPm4_d7LQXfNF0ZjnOdqYV7mlMQZS_ksTJjuQ7Rn1lH5kZzO8kN63GRGXaGDGQ31Pndrbum1sFK1dTVBJDb229=w529-h298-k-no,https://streetviewpixels-pa.googleapis.com/v1/thumbnail?panoid=_ZhUeCoBZ_HpfTsgsTr5TQ&cb_client=maps_sv.tactile.gps&w=224&h=298&yaw=309.96283&pitch=0&thumbfov=100,https://lh3.googleusercontent.com/a-/ALV-UjUzmqh66l3BKLVMUKmvc4u_HycLiaWuRRZ4ARVa11yG-KXe77G6=w36-h36-p-rp-mo-ba12-br100,https://lh3.googleusercontent.com/a/ACg8ocJRg9d0gkTLNPqVwQZ2h_rIRv2bvx4lD6ajbZ8OwsoFVT2cfno=w36-h36-p-rp-mo-br100,https://lh3.googleusercontent.com/a/ACg8ocIDEhs2nrHirRLQgbVmorddj8LDcXAff3WfIAxomduz9Prnyw=w36-h36-p-rp-mo-br100,https://lh3.googleusercontent.com/gps-cs-s/AHRPTWlL9215LQ02b9Y344urO_4EQLVkMEVlqxD2M8GuDR8N4eqRKuoG7-k-Rqhy9vw_qBbBJ9RtPeQIhn62rq0mJ39g06t0Rod45tnA9b7o1ddGjZJvs_HyKd3Gx65E17nzTFK6sdkZPw=w156-h114-p-k-no,https://lh3.googleusercontent.com/gps-cs-s/AHRPTWn5r14D8xJHW1X7YqOJf-zg5x1AkC-AhSg_2EoW7OvzMGyE629G5tLnJED2o6i_UA2yZpQKu6WfVtgcR1qRnS2ILRiiR_tDxQyrQ22tn3Rc5uGKRrhjMNL3nwkK9K7HBe2LyYeZ=w156-h114-p-k-no,https://lh3.googleusercontent.com/gps-cs-s/AHRPTWlfXXwzSGpQlbUuOMgkgfFOUG1fxKx8K1Gb-cPlnr7iu19qy7rTWfpa0PJmBzbP2FyMgqCcdAulZb3UHuEJjdA8wiYwHXINKfc59Wj_yWNCOdKRvQ9tnfgJklY5kb74tdDcYTBiQQ=w156-h114-p-k-no,https://lh3.googleusercontent.com/gps-cs-s/AHRPTWm7QlwgsOBVjIS9wgDKL-mlBf08yNOPidqObci-SFpaB6gpa0jNa6eObS7tMvWCG40K83jHA9RCtY4dq0qxD2jrDdOFDQq3Kii22B9cJdqn4h7kIhO86M8CWe5xGxIHWup9rqA=w156-h114-p-k-no",35.7749883,10.8248982,contact@ibrandtunisia.tn,https://www.facebook.com/ibrandtunisiaofficiel,Not Available,https://www.instagram.com/ibrandtunisia/,https://www.youtube.com/channel/UCIgoLIvdOV4rltgFF4WWpCg,https://www.linkedin.com/company/83001500/,"Accessibility,,Wheelchair-accessible seating,,Wheelchair-accessible toilet,    Service options,,Online appointments,,On-site services,    Planning,,Appointment required"
Medius,https://www.google.com/maps/place/Medius/data=!4m7!3m6!1s0x12fd4bb4756b32ef:0x9b5b5e93ea63be5c!8m2!3d36.8314208!4d10.232271!16s%2Fg%2F11j2ns1wzx!19sChIJ7zJrdbRL_RIRXL5j6pNeW5s?authuser=0&hl=en&rclk=1,https://lh3.googleusercontent.com/gps-cs-s/AHRPTWliCC9OnIJWfJT50EiSJNoAxbMdki0Fruss9noFNJEt9MjLtE65dqsiUmG5zklEgzUG-Bu7PRZptspnKbFIfNW0Xo2hZzywOKN_3TlnkIp1eXza5hEYAz4YuKUKibWhp1M8pA0=w408-h306-k-no,4.9,Not Available,Software company,"Rue du Lac Biwa, Tunis","Monday, 9 AM to 6 PM,Thursday, 9 AM to 6 PM,Friday, 9 AM to 6 PM,Saturday, Closed,Sunday, Closed",Not Available,https://www.expensya.com/,+33 1 85 09 28 40,"https://lh3.googleusercontent.com/gps-cs-s/AHRPTWliCC9OnIJWfJT50EiSJNoAxbMdki0Fruss9noFNJEt9MjLtE65dqsiUmG5zklEgzUG-Bu7PRZptspnKbFIfNW0Xo2hZzywOKN_3TlnkIp1eXza5hEYAz4YuKUKibWhp1M8pA0=w32-h32-p-k-no,https://lh3.googleusercontent.com/gps-cs-s/AHRPTWliCC9OnIJWfJT50EiSJNoAxbMdki0Fruss9noFNJEt9MjLtE65dqsiUmG5zklEgzUG-Bu7PRZptspnKbFIfNW0Xo2hZzywOKN_3TlnkIp1eXza5hEYAz4YuKUKibWhp1M8pA0=w408-h306-k-no,https://lh3.googleusercontent.com/gps-cs-s/AHRPTWnTQB9jPnPs4fhR_FvH6EAXhs2sxSYSDoewq2bih-mSbXU10VFfHLXRkoMQDSx_PCzrX9-w4Gf0LcHc8C-TWZg3GWQHd3Z5_6D9OJ5aWXR6isDqJ5uxT3FrXBdcF3j_AhYt56Eq=w360-h480-k-no,https://lh3.googleusercontent.com/a-/ALV-UjUQufuLuoJTHmP_jF7lNvUQhuRVKmpnGkJFjJGbbHf2LJ36y7mNLA=w36-h36-p-rp-mo-ba12-br100,https://lh3.googleusercontent.com/a-/ALV-UjWaLo5NVpvgLSe70Wjz5ekg_FUELN0pGO5qHm3VI_rWIzCjVFaL=w36-h36-p-rp-mo-ba12-br100,https://lh3.googleusercontent.com/a/ACg8ocIGPYzOczW4ZrNfC5zyVQ3jstt3HyAt_A2xXls2zxbp4YX3Mw=w36-h36-p-rp-mo-br100",36.8314208,10.232271,info.france@medius.com,https://www.facebook.com/ExpensyaFR/,https://twitter.com/Expensya,https://www.instagram.com/expensya/,Not Available,https://www.linkedin.com/company/expensya,"Accessibility,,Wheelchair-accessible car park,,Wheelchair-accessible entrance"
Kaoun,https://www.google.com/maps/place/Kaoun/data=!4m7!3m6!1s0x12fd35fff0c2f0bd:0x9420e251dd86ad27!8m2!3d36.8343719!4d10.2999422!16s%2Fg%2F11g0htz5j7!19sChIJvfDC8P81_RIRJ62G3VHiIJQ?authuser=0&hl=en&rclk=1,https://lh3.googleusercontent.com/gps-cs-s/AHRPTWkhQUgxh_S_EAhJjjMMdX0GYA7agk8a0rHd_1DamdJThpVkdzyczwK7oXyu-AO9IRQHtKXnUfxV1vqdN6fv5EBIK26pQkQBLloNo6F_sE33Mk3KSK7d8Y8IIxIiPs3cj8n6oDpJ=w408-h408-k-no,4.8,Not Available,Software company,"Lac III, Tunis 2015","Monday, 9 AM to 6 PM,Thursday, 9 AM to 6 PM,Friday, 9 AM to 6 PM,Saturday, Closed,Sunday, Closed",Not Available,https://www.kaoun.com/,31 334 400,"https://lh3.googleusercontent.com/gps-cs-s/AHRPTWkhQUgxh_S_EAhJjjMMdX0GYA7agk8a0rHd_1DamdJThpVkdzyczwK7oXyu-AO9IRQHtKXnUfxV1vqdN6fv5EBIK26pQkQBLloNo6F_sE33Mk3KSK7d8Y8IIxIiPs3cj8n6oDpJ=w32-h32-p-k-no,https://lh3.googleusercontent.com/gps-cs-s/AHRPTWkhQUgxh_S_EAhJjjMMdX0GYA7agk8a0rHd_1DamdJThpVkdzyczwK7oXyu-AO9IRQHtKXnUfxV1vqdN6fv5EBIK26pQkQBLloNo6F_sE33Mk3KSK7d8Y8IIxIiPs3cj8n6oDpJ=w408-h408-k-no,https://lh3.googleusercontent.com/gps-cs-s/AHRPTWkhQUgxh_S_EAhJjjMMdX0GYA7agk8a0rHd_1DamdJThpVkdzyczwK7oXyu-AO9IRQHtKXnUfxV1vqdN6fv5EBIK26pQkQBLloNo6F_sE33Mk3KSK7d8Y8IIxIiPs3cj8n6oDpJ=w360-h360-k-no,https://lh3.googleusercontent.com/a/ACg8ocIxEb8V9MFlxx2XOGafeXpLljXaQNer7PXN5DlByo1UykC00FI=w36-h36-p-rp-mo-ba12-br100,https://lh3.googleusercontent.com/a-/ALV-UjXoahyamu91LtWgzGqXryz7y9LfvNXEbZTmUZzm8zK7O34lD9UD=w36-h36-p-rp-mo-br100,https://lh3.googleusercontent.com/a-/ALV-UjXAuTGWGKC9pgBXJhx-gM7zie86Bl-SAxJqz2Ejnb20PdZDPV_R5w=w36-h36-p-rp-mo-ba12-br100",36.8343719,10.2999422,foulen@gmail.com,https://www.facebook.com/flouci,Not Available,https://www.instagram.com/flouci__/,Not Available,https://tn.linkedin.com/company/flouci,"Accessibility,,Wheelchair-accessible car park,,Wheelchair-accessible entrance"
Winit Tunisia - Erp - Sap Partner,https://www.google.com/maps/place/Winit+Tunisia+-+Erp+-+Sap+Partner/data=!4m7!3m6!1s0x12fd4bc82fc7889d:0x847480120b6bf8c5!8m2!3d36.8477534!4d10.2671394!16s%2Fg%2F11h2whyz9d!19sChIJnYjHL8hL_RIRxfhrCxKAdIQ?authuser=0&hl=en&rclk=1,https://lh3.googleusercontent.com/gps-cs-s/AHRPTWmtURcqXObwMyivpGCFHzmuYUbSxAPPlwfGtN8eI6oIFCebpIYAU7M7P08UMcmHlAFLkf3Q1ONm6JP49-RdwT9Staqw8qaM4Cnx_nOKLob6ly5yUCI8tE36BjfFZpVmA1gF9KxRQw=w408-h252-k-no,5.0,Not Available,Information services,"App B11, Imm MOLKA, 1053 Avenue De La Bourse، Tunis","Monday, 8 AM to 6 PM,Thursday, 8 AM to 6 PM,Friday, 8 AM to 6 PM,Saturday, Closed,Sunday, Closed",Not Available,https://www.winit.com.tn/,22 595 515,"https://lh3.googleusercontent.com/gps-cs-s/AHRPTWmtURcqXObwMyivpGCFHzmuYUbSxAPPlwfGtN8eI6oIFCebpIYAU7M7P08UMcmHlAFLkf3Q1ONm6JP49-RdwT9Staqw8qaM4Cnx_nOKLob6ly5yUCI8tE36BjfFZpVmA1gF9KxRQw=w32-h32-p-k-no,https://lh3.googleusercontent.com/gps-cs-s/AHRPTWmtURcqXObwMyivpGCFHzmuYUbSxAPPlwfGtN8eI6oIFCebpIYAU7M7P08UMcmHlAFLkf3Q1ONm6JP49-RdwT9Staqw8qaM4Cnx_nOKLob6ly5yUCI8tE36BjfFZpVmA1gF9KxRQw=w408-h252-k-no,https://lh3.googleusercontent.com/gps-cs-s/AHRPTWmtURcqXObwMyivpGCFHzmuYUbSxAPPlwfGtN8eI6oIFCebpIYAU7M7P08UMcmHlAFLkf3Q1ONm6JP49-RdwT9Staqw8qaM4Cnx_nOKLob6ly5yUCI8tE36BjfFZpVmA1gF9KxRQw=w360-h222-k-no,https://lh3.googleusercontent.com/a/ACg8ocLmXa9fRblQXcdQtpy_EJSrCVcVYaAXmAto-qpOCMpreb4PFA=w36-h36-p-rp-mo-br100,https://lh3.googleusercontent.com/a-/ALV-UjU1QTEBSxJr_HABTyotWhXs8S0ua_K6IZ_R6n5QmFzNIq1ccjBf=w36-h36-p-rp-mo-br100,https://lh3.googleusercontent.com/a/ACg8ocIZxXbX-QU5wC2ZT7joE5nifXODNt6nFJIuMRagzFC_Kjq7dg=w36-h36-p-rp-mo-br100",36.8477534,10.2671394,AbdelkrimBenFarhat@winit.com.tn,https://www.facebook.com/WinitTunisia,https://twitter.com/WixFrance,Not Available,Not Available,Not Available,"Accessibility,,Wheelchair-accessible entrance"
Ingenius IT - Société informatique Tunisie,https://www.google.com/maps/place/Ingenius+IT+-+Soci%C3%A9t%C3%A9+informatique+Tunisie/data=!4m7!3m6!1s0x12fd33056c5828d5:0xc0061a0f77167288!8m2!3d36.857604!4d10.1581233!16s%2Fg%2F11krgxmqpr!19sChIJ1ShYbAUz_RIRiHIWdw8aBsA?authuser=0&hl=en&rclk=1,https://lh3.googleusercontent.com/gps-cs-s/AHRPTWmdLD1yAyBwJ5fSqDy2hTDQUhAc1s003te6QVzPv1CWPbqMwbmRFKhK2RkgvXo82M7NYcLgoxOlO-yIQMNJL2pN0XGYRqwasPOTw1tP-EVsbc8m4XA9pc-KqBgkEufP176srr8Y=w408-h306-k-no,4.8,Not Available,Computer security service,"ENNASR 2, immeuble L'ALKAZAR, Appartement d5-2, Ariana 2037","Monday, 8 AM to 10 PM,Thursday, 8 AM to 10 PM,Friday, 8 AM to 10 PM,Saturday, 8 AM to 5 PM,Sunday, Closed",Not Available,https://ingeniusit.com/,92 682 923,"https://lh3.googleusercontent.com/gps-cs-s/AHRPTWmdLD1yAyBwJ5fSqDy2hTDQUhAc1s003te6QVzPv1CWPbqMwbmRFKhK2RkgvXo82M7NYcLgoxOlO-yIQMNJL2pN0XGYRqwasPOTw1tP-EVsbc8m4XA9pc-KqBgkEufP176srr8Y=w32-h32-p-k-no,https://lh3.googleusercontent.com/gps-cs-s/AHRPTWmdLD1yAyBwJ5fSqDy2hTDQUhAc1s003te6QVzPv1CWPbqMwbmRFKhK2RkgvXo82M7NYcLgoxOlO-yIQMNJL2pN0XGYRqwasPOTw1tP-EVsbc8m4XA9pc-KqBgkEufP176srr8Y=w408-h306-k-no,https://lh3.googleusercontent.com/gps-cs-s/AHRPTWnT-jp7z5e2E-eEXljT9CpmBNxupsgd3OjkVIIIXgebcidbBj_npxwDAEaCOqXeRNJF9jLXVqpNvpcTTpeHd2n0aFlF9eibHggY984wkiEYGvhjF4JtmEZ_N49QKtEh4V5mPw_6=w360-h480-k-no,https://lh3.googleusercontent.com/a/ACg8ocKiwky2cumZ2pbjoS29YlEHCcObDfKMuwooL244SgLeG1rCCw=w36-h36-p-rp-mo-br100,https://lh3.googleusercontent.com/a-/ALV-UjWdq-lJp1eFdj353XuGdmGo8iw-oQ-qrCk-Raj1443qeeXJgPM=w36-h36-p-rp-mo-br100,https://lh3.googleusercontent.com/a-/ALV-UjVHqbDc1NAKV_N1C-Qy9UuJUYaENsoIV0sBB18VQ6FSQMCEc5Q=w36-h36-p-rp-mo-br100",36.857604,10.1581233,contact@ingeniusit.com,Not Available,Not Available,Not Available,Not Available,Not Available,Not Available
eDonec,https://www.google.com/maps/place/eDonec/data=!4m7!3m6!1s0x12e2cb6a9493066f:0xa37b6a9be588ff8e!8m2!3d36.8600178!4d10.2599801!16s%2Fg%2F11fs0g6t1r!19sChIJbwaTlGrL4hIRjv-I5Ztqe6M?authuser=0&hl=en&rclk=1,https://lh3.googleusercontent.com/a-/ALV-UjUFb2EcKQniARGh5KgvsZ4ispvuXdMUorKUEHMcOiOQlj1oV5ob=w36-h36-p-rp-mo-br100,5.0,Not Available,Software company,"2ᵉ étage, 6 Rue de l’environnement, Tunis 2045","Monday, 9 AM to 5 PM,Thursday, 9 AM to 5 PM,Friday, 9 AM to 5 PM,Saturday, Closed,Sunday, Closed",Not Available,Not Available,25 652 424,"https://lh3.googleusercontent.com/a-/ALV-UjUFb2EcKQniARGh5KgvsZ4ispvuXdMUorKUEHMcOiOQlj1oV5ob=w36-h36-p-rp-mo-br100,https://lh3.googleusercontent.com/a-/ALV-UjU09OhfY5b1GsdirVz08XWNcmFHfFqexbisDfAT_moA1wTUtcm5=w36-h36-p-rp-mo-br100,https://lh3.googleusercontent.com/a/ACg8ocL--j6sujJg0XX6RxeRwAfbdeVTLb_RN3ISMy6Yppl_ojbS2A=w36-h36-p-rp-mo-ba12-br100",36.8600178,10.2599801,Not Available,Not Available,Not Available,Not Available,Not Available,Not Available,Not Available
Digital rise solutions | SEO | référencement naturel | Agence SEO Tunisie | سيو,https://www.google.com/maps/place/Digital+rise+solutions+%7C+SEO+%7C+r%C3%A9f%C3%A9rencement+naturel+%7C+Agence+SEO+Tunisie+%7C+%D8%B3%D9%8A%D9%88%E2%80%AD/data=!4m7!3m6!1s0x12fdc56894569dfd:0x984d0d124496d953!8m2!3d35.6563556!4d10.0843537!16s%2Fg%2F11sjjy7jqw!19sChIJ_Z1WlGjF_RIRU9mWRBINTZg?authuser=0&hl=en&rclk=1,https://lh3.googleusercontent.com/gps-cs-s/AHRPTWlitS19ojHs2bec4nrtAUbvVeCiy2v8I7jB_-nktCWDi1L3TXbOTP1Gf9f_yAhYg68As0yNEz99yNbp6QX5-DUbmhEQgWdgvHWxsaaLhL0usJJLWoNdgpHwgqcyJE94ZCb3rTM=w426-h240-k-no,5.0,Not Available,Internet marketing service,"hassan hlel, Kairouan 3100","Monday, 8 AM to 6 PM,Thursday, 8 AM to 6 PM,Friday, 8 AM to 6 PM,Saturday, 8 AM to 6 PM,Sunday, Closed",Not Available,https://digital-rise-solutions.com/,22 105 514,"https://lh3.googleusercontent.com/gps-cs-s/AHRPTWlitS19ojHs2bec4nrtAUbvVeCiy2v8I7jB_-nktCWDi1L3TXbOTP1Gf9f_yAhYg68As0yNEz99yNbp6QX5-DUbmhEQgWdgvHWxsaaLhL0usJJLWoNdgpHwgqcyJE94ZCb3rTM=w32-h32-p-k-no,https://lh3.googleusercontent.com/gps-cs-s/AHRPTWlitS19ojHs2bec4nrtAUbvVeCiy2v8I7jB_-nktCWDi1L3TXbOTP1Gf9f_yAhYg68As0yNEz99yNbp6QX5-DUbmhEQgWdgvHWxsaaLhL0usJJLWoNdgpHwgqcyJE94ZCb3rTM=w426-h240-k-no,https://lh3.googleusercontent.com/gps-cs-s/AHRPTWkoGV8f48IaA467z2ta_0xHBsroUuiCTefO3G-ntRMfPX14ydIq8AS7p-UbGDAT6wxJwGkctozY3h5MRpIoUpPQy8wIFalYL015qgLyh67fEbFLlhIA9fq-_-aXEuY6VcbHkyy-=w360-h640-k-no,https://lh3.googleusercontent.com/a-/ALV-UjXe3sV2wYV1PP9HQZG8b0KQ7LvNOzpUAqcUo3j6JaXKGCHQjOc=w36-h36-p-rp-mo-br100,https://lh3.googleusercontent.com/a/ACg8ocLpENsCmEmrY8EbsUTsFkBz-tpCnnUFDQPoO-spkFglYIDjzA=w36-h36-p-rp-mo-br100,https://lh3.googleusercontent.com/a-/ALV-UjV3PHiylXAmsqf91PBvs1toUibcDdxICoLd1a27TsmIVFRz704=w36-h36-p-rp-mo-ba12-br100",35.6563556,10.0843537,amira@digital-rise-solutions.com,https://www.facebook.com/share/1CBYdb6KLA/,Not Available,https://www.instagram.com/digital_rise_solutions/,https://www.youtube.com/@DIGITALRISESOLUTIONS,https://www.linkedin.com/company/92480443,"Accessibility,,Wheelchair-accessible entrance,,Wheelchair-accessible seating,,Wheelchair-accessible toilet"
Devlopy,https://www.google.com/maps/place/Devlopy/data=!4m7!3m6!1s0x12fd3507a16309ad:0x2fd99f7f347e8289!8m2!3d36.8404523!4d10.2456471!16s%2Fg%2F11fnx1m4ds!19sChIJrQljoQc1_RIRiYJ-NH-f2S8?authuser=0&hl=en&rclk=1,https://lh3.googleusercontent.com/a/ACg8ocLiYKY4zr6NLrOwZo3JesRxJA3NDbn-vkalZs4quY38wq-hhg=w36-h36-p-rp-mo-br100,5.0,Not Available,Software company,"Rue des Lacs de Mazurie, Tunis 1053","Monday, 9 AM to 7 PM,Thursday, 9 AM to 7 PM,Friday, 9 AM to 7 PM,Saturday, 9 AM to 3:30 PM,Sunday, Closed",Not Available,https://devlopy.tn/,93 013 083,https://lh3.googleusercontent.com/a/ACg8ocLiYKY4zr6NLrOwZo3JesRxJA3NDbn-vkalZs4quY38wq-hhg=w36-h36-p-rp-mo-br100,36.8404523,10.2456471,Contact@devlopy.tn,https://www.facebook.com/devlopy,Not Available,https://www.instagram.com/devlopy/,Not Available,https://www.linkedin.com/company/devlopy,Not Available
EcoVadis Tunisia,https://www.google.com/maps/place/EcoVadis+Tunisia/data=!4m7!3m6!1s0x12fd34c5c697cccf:0x1155cfa0bc8b2bea!8m2!3d36.8464469!4d10.2010702!16s%2Fg%2F11hcxgps6q!19sChIJz8yXxsU0_RIR6iuLvKDPVRE?authuser=0&hl=en&rclk=1,https://lh3.googleusercontent.com/gps-cs-s/AHRPTWkKKapw3yKZNhqRTIr_34bzdDEz7HqEdvBoQpaJCtdXtPX75Y4xWyfBV2BsChIC9qSG-4CeP3NyZJxCd6xrqLEr2tra4vhYmUjIperihP6N1b0YUNoyVTdDm-mP3tChOfvu8uOSzQ=w558-h240-k-no,5.0,Not Available,Software company,Tunis,"Monday, 8 AM to 5:30 PM,Thursday, 8 AM to 5:30 PM,Friday, 8 AM to 5:30 PM,Saturday, Closed,Sunday, Closed",Not Available,http://www.ecovadis.com/,Not Available,"https://lh3.googleusercontent.com/gps-cs-s/AHRPTWkKKapw3yKZNhqRTIr_34bzdDEz7HqEdvBoQpaJCtdXtPX75Y4xWyfBV2BsChIC9qSG-4CeP3NyZJxCd6xrqLEr2tra4vhYmUjIperihP6N1b0YUNoyVTdDm-mP3tChOfvu8uOSzQ=w32-h32-p-k-no,https://lh3.googleusercontent.com/gps-cs-s/AHRPTWkKKapw3yKZNhqRTIr_34bzdDEz7HqEdvBoQpaJCtdXtPX75Y4xWyfBV2BsChIC9qSG-4CeP3NyZJxCd6xrqLEr2tra4vhYmUjIperihP6N1b0YUNoyVTdDm-mP3tChOfvu8uOSzQ=w558-h240-k-no,https://lh3.googleusercontent.com/gps-cs-s/AHRPTWkzG6vER3tykJv7KNyZnwdRp8b0fA2S-sePHLFrcW15WkVpvue1QHnONHxKBx4K-4gz4c2yQ1CYaNg4SzYh6SbUB6i2cPoX1fj0hrNWhVVcfDp1R5FxjzJaH6BfGmSy81H1tTqH-w=w360-h120-k-no,https://lh3.googleusercontent.com/a-/ALV-UjXuXBS_cYUj926INyjJFjJJsbYHP4jrlFvBJb4UbK_xwuliPBkU=w36-h36-p-rp-mo-ba12-br100,https://lh3.googleusercontent.com/a-/ALV-UjVKZJ2UesF1ZZF3mIWuF60XWM5-rQ2XM485Q7u0VciZqpX9ygaJCg=w36-h36-p-rp-mo-ba12-br100",36.8464469,10.2010702,Not Available,https://www.facebook.com/ecovadis/,Not Available,https://www.instagram.com/ecovadis/,https://www.youtube.com/ecovadis/,https://www.linkedin.com/company/ecovadis/,Not Available
Logidas - Éditeur d'ERP,https://www.google.com/maps/place/Logidas+-+%C3%89diteur+d%27ERP/data=!4m7!3m6!1s0x12fd353d9bf06b45:0xa21ae7e4e1d8e4d2!8m2!3d36.8352354!4d10.2294441!16s%2Fg%2F11bwpyhrsr!19sChIJRWvwmz01_RIR0uTY4eTnGqI?authuser=0&hl=en&rclk=1,https://lh3.googleusercontent.com/gps-cs-s/AHRPTWnxtJLcQlZxCRTk7k-66j7Xk9HnlhPvzW8MX8dW6d0sy5TrpGqvCQtt4kJPPG894oCQrCwhq9dOFT-tosJkmZTiqf6-C4k4M-mL-c2nQVxrrcsPXDwVhtpKAOXEtAO31BzPYQ5Umw=w408-h306-k-no,4.3,Not Available,Software company,"Rue du Lac Malaren, Immeuble ayam, Les Berges du Lac 1053 Tunis, Tunis 1053","Monday, 8 AM to 5 PM,Thursday, 8 AM to 5 PM,Friday, 8 AM to 5 PM,Saturday, Closed,Sunday, Closed",Not Available,http://www.logidas.com/,71 960 626,"https://lh3.googleusercontent.com/gps-cs-s/AHRPTWnxtJLcQlZxCRTk7k-66j7Xk9HnlhPvzW8MX8dW6d0sy5TrpGqvCQtt4kJPPG894oCQrCwhq9dOFT-tosJkmZTiqf6-C4k4M-mL-c2nQVxrrcsPXDwVhtpKAOXEtAO31BzPYQ5Umw=w32-h32-p-k-no,https://lh3.googleusercontent.com/gps-cs-s/AHRPTWnxtJLcQlZxCRTk7k-66j7Xk9HnlhPvzW8MX8dW6d0sy5TrpGqvCQtt4kJPPG894oCQrCwhq9dOFT-tosJkmZTiqf6-C4k4M-mL-c2nQVxrrcsPXDwVhtpKAOXEtAO31BzPYQ5Umw=w408-h306-k-no,https://lh3.googleusercontent.com/gps-cs-s/AHRPTWkQ40DJeczMf4e2yoCeGez64M_eHlrTItov3bKM_WM6kzUxtZF7Y8P3cO7J4qp1xg-Qqi0qZheuPuzoOU8iU904jAVgHcIsx667zwB_6NhrsMh1xta5Xl_Mbk2GN6MMTtAn5y3C2A=w360-h480-k-no,https://lh3.googleusercontent.com/a/ACg8ocKm362oyAkahy3KJdPtYRGmZIcSSC2hYxvHwMB4D7GUMDlluw=w36-h36-p-rp-mo-br100,https://lh3.googleusercontent.com/a-/ALV-UjVSZHBE1h79ayRiAuzYAZlez5CezVzOlct9va_hBJxZq--psTut=w36-h36-p-rp-mo-ba12-br100,https://lh3.googleusercontent.com/a/ACg8ocIoY42XHjHt_2A0BxFz1jMySXPPmOGFlHR6BqlaFSGMQKLfV7A=w36-h36-p-rp-mo-br100",36.8352354,10.2294441,Not Available,Not Available,Not Available,Not Available,Not Available,Not Available,Not Available
Campion-Tech,https://www.google.com/maps/place/Campion-Tech/data=!4m7!3m6!1s0x12fd347de5d3fe77:0x6e40c0e44c4e0a35!8m2!3d36.8166478!4d10.1765218!16s%2Fg%2F11hynjrm0d!19sChIJd_7T5X00_RIRNQpOTOTAQG4?authuser=0&hl=en&rclk=1,https://streetviewpixels-pa.googleapis.com/v1/thumbnail?panoid=_lpLdXAOc3rrAVzsxWTpUQ&cb_client=search.gws-prod.gps&w=408&h=240&yaw=86.20244&pitch=0&thumbfov=100,5.0,Not Available,Software company,"21 Av. Des Etats Unis, Tunis 1002","Monday, 8:30 AM to 5:30 PM,Thursday, 8:30 AM to 5:30 PM,Friday, 8:30 AM to 5:30 PM,Saturday, 8:30 AM to 5:30 PM,Sunday, Closed",Not Available,http://campion-tech.com/page/about-us,25 004 924,"https://streetviewpixels-pa.googleapis.com/v1/thumbnail?panoid=_lpLdXAOc3rrAVzsxWTpUQ&cb_client=search.gws-prod.gps&w=86&h=86&yaw=86.20244&pitch=0&thumbfov=100,https://streetviewpixels-pa.googleapis.com/v1/thumbnail?panoid=_lpLdXAOc3rrAVzsxWTpUQ&cb_client=search.gws-prod.gps&w=408&h=240&yaw=86.20244&pitch=0&thumbfov=100,https://streetviewpixels-pa.googleapis.com/v1/thumbnail?panoid=_lpLdXAOc3rrAVzsxWTpUQ&cb_client=search.gws-prod.gps&w=360&h=120&yaw=86.20244&pitch=0&thumbfov=100,https://lh3.googleusercontent.com/a-/ALV-UjV7z2rU0EH8BRpBJuxmbql-MkhKNJUphBjh9-zdeSp3UOGKxAmrLQ=w36-h36-p-rp-mo-br100,https://lh3.googleusercontent.com/a-/ALV-UjUXrDWWqCJzCpGJEJADOg3EhIo6u-8R54j7rn-QgCxsK_a4u8Gz=w36-h36-p-rp-mo-br100,https://lh3.googleusercontent.com/a/ACg8ocKKCfASKb7G_UjLsQc4gDrF4ABZpBTrHQd9VPOA4NPqAwgHRQ=w36-h36-p-rp-mo-br100",36.8166478,10.1765218,contact@campion-tech.com,https://www.facebook.com/profile.php?id=100063234939936,Not Available,Not Available,https://www.youtube.com/@campion-tech8638,https://www.linkedin.com/company/campion-tech,Not Available
IT-Labs Tunisia,https://www.google.com/maps/place/IT-Labs+Tunisia/data=!4m7!3m6!1s0x12fd348a036a8653:0x22fe75b942ea905b!8m2!3d36.8482401!4d10.2754804!16s%2Fg%2F1q5ccgmj8!19sChIJU4ZqA4o0_RIRW5DqQrl1_iI?authuser=0&hl=en&rclk=1,https://lh3.googleusercontent.com/a-/ALV-UjUnhEckLBR_Lql6NM6lr3w8kRTQbQR7w7wn7EFSs-pe87o-kb-a=w36-h36-p-rp-mo-ba12-br100,3.7,Not Available,Business management consultant,"Omega Center, Tunis 1053","Monday, 8:30 AM to 5:30 PM,Thursday, 8:30 AM to 5:30 PM,Friday, 8:30 AM to 5:30 PM,Saturday, Closed,Sunday, Closed",Not Available,Not Available,+33 1 83 62 33 09,"https://lh3.googleusercontent.com/a-/ALV-UjUnhEckLBR_Lql6NM6lr3w8kRTQbQR7w7wn7EFSs-pe87o-kb-a=w36-h36-p-rp-mo-ba12-br100,https://lh3.googleusercontent.com/a-/ALV-UjVOzfiA6h6I4TqD59_XY0oIrbUSqbSzCNyST91_USX8GavuBh-A=w36-h36-p-rp-mo-ba12-br100,https://lh3.googleusercontent.com/a/ACg8ocIDhz8lfTUYkViQncheIucGGjtsXJGows7sspUI9iLFYQR7nA=w36-h36-p-rp-mo-br100",36.8482401,10.2754804,Not Available,Not Available,Not Available,Not Available,Not Available,Not Available,Not Available
TIMSOFT Group,https://www.google.com/maps/place/TIMSOFT+Group/data=!4m7!3m6!1s0x12fd3368344d27ef:0x751869f4d2c293b!8m2!3d36.832981!4d10.2386543!16s%2Fg%2F11bzzwzqst!19sChIJ7ydNNGgz_RIROyksTZ-GUQc?authuser=0&hl=en&rclk=1,https://lh3.googleusercontent.com/gps-cs-s/AHRPTWn95gMjt_XpCOyVodQm6vOc229YjyPPM_PzFYejNl1Ufi6kjtczf6Qi4uHqs_ktEIQhnuQzu6VxCdMCdZxvE5jTqCPRbGgpqhj5C2cxm--nIQYt_TBKt3RBLtqJhxDVWoIa9jQ=w565-h240-k-no,4.6,Not Available,Software company,"IMM, Les Arcades, Rue Lac Loch Ness, Tunis 1053 Les berges du lac 1, Tunis 1053","Monday, 8:30 AM to 5:30 PM,Thursday, 8:30 AM to 5:30 PM,Friday, 8:30 AM to 5:30 PM,Saturday, Closed,Sunday, Closed",Not Available,https://timsoft-group.com/,70 860 870,"https://lh3.googleusercontent.com/gps-cs-s/AHRPTWn95gMjt_XpCOyVodQm6vOc229YjyPPM_PzFYejNl1Ufi6kjtczf6Qi4uHqs_ktEIQhnuQzu6VxCdMCdZxvE5jTqCPRbGgpqhj5C2cxm--nIQYt_TBKt3RBLtqJhxDVWoIa9jQ=w32-h32-p-k-no,https://lh3.googleusercontent.com/gps-cs-s/AHRPTWn95gMjt_XpCOyVodQm6vOc229YjyPPM_PzFYejNl1Ufi6kjtczf6Qi4uHqs_ktEIQhnuQzu6VxCdMCdZxvE5jTqCPRbGgpqhj5C2cxm--nIQYt_TBKt3RBLtqJhxDVWoIa9jQ=w565-h240-k-no,https://lh3.googleusercontent.com/gps-cs-s/AHRPTWn95gMjt_XpCOyVodQm6vOc229YjyPPM_PzFYejNl1Ufi6kjtczf6Qi4uHqs_ktEIQhnuQzu6VxCdMCdZxvE5jTqCPRbGgpqhj5C2cxm--nIQYt_TBKt3RBLtqJhxDVWoIa9jQ=w360-h152-k-no,https://lh3.googleusercontent.com/a-/ALV-UjVX2cQ7yVmvMFTp9WmVvkLa66Y7Y8zeKSbFhUIQsDYSt7T7mxvK=w36-h36-p-rp-mo-ba12-br100,https://lh3.googleusercontent.com/a-/ALV-UjWw27GBloei3RFkxUVrk6uIHcgA5LBQ9NJHdmIsimVUBJbETSC-ew=w36-h36-p-rp-mo-ba12-br100,https://lh3.googleusercontent.com/a-/ALV-UjVpQp_M7bfUnawFlFTUuLFxm-N0bIsPpMYq_Bn4uBZKf0qK6y4ckQ=w36-h36-p-rp-mo-br100",36.832981,10.2386543,contact@timsoft-group.com,https://www.facebook.com/TIMSOFTGroup?locale=fr_FR,Not Available,https://www.instagram.com/timsoftgroup/,https://www.youtube.com/@timsoftgroup,https://www.linkedin.com/company/timsoftgroup/,Not Available
Faveod Tunisia,https://www.google.com/maps/place/Faveod+Tunisia/data=!4m7!3m6!1s0x12fd4ba2be51bee7:0x41b1d7c955942fe8!8m2!3d36.84556!4d10.2830073!16s%2Fg%2F11kqr_5kr9!19sChIJ575RvqJL_RIR6C-UVcnXsUE?authuser=0&hl=en&rclk=1,https://lh3.googleusercontent.com/gps-cs-s/AHRPTWm9MeDMK6ID1cDt7YJvUrlg7tyY3oWtVO_ilyuuAAVlblyDb1uR8ATqNwuWTIls5Cdogyer5-pdpt6KCYmKHs3rTA6wZ4crVjTxN9_2ntpUlvRjdxZSj154viAXP1MR1dtq3IdO=w578-h240-k-no,5.0,Not Available,Software company,"immeuble Lac d'or, 08 rue d'île de failaka, Tunis","Monday, 8 AM to 5 PM,Thursday, 8 AM to 5 PM,Friday, 8 AM to 5 PM,Saturday, Closed,Sunday, Closed",Not Available,http://www.faveod.com/,Not Available,"https://lh3.googleusercontent.com/gps-cs-s/AHRPTWm9MeDMK6ID1cDt7YJvUrlg7tyY3oWtVO_ilyuuAAVlblyDb1uR8ATqNwuWTIls5Cdogyer5-pdpt6KCYmKHs3rTA6wZ4crVjTxN9_2ntpUlvRjdxZSj154viAXP1MR1dtq3IdO=w32-h32-p-k-no,https://lh3.googleusercontent.com/gps-cs-s/AHRPTWm9MeDMK6ID1cDt7YJvUrlg7tyY3oWtVO_ilyuuAAVlblyDb1uR8ATqNwuWTIls5Cdogyer5-pdpt6KCYmKHs3rTA6wZ4crVjTxN9_2ntpUlvRjdxZSj154viAXP1MR1dtq3IdO=w578-h240-k-no,https://lh3.googleusercontent.com/gps-cs-s/AHRPTWm9MeDMK6ID1cDt7YJvUrlg7tyY3oWtVO_ilyuuAAVlblyDb1uR8ATqNwuWTIls5Cdogyer5-pdpt6KCYmKHs3rTA6wZ4crVjTxN9_2ntpUlvRjdxZSj154viAXP1MR1dtq3IdO=w360-h149-k-no,https://lh3.googleusercontent.com/a-/ALV-UjX92mA_kvTGYJGsRbxgDkjZXKdga-IY5dkJaQP-9IOXu5LVOXmx=w36-h36-p-rp-mo-br100",36.84556,10.2830073,jobs@faveod.com,Not Available,Not Available,Not Available,Not Available,https://www.linkedin.com/company/faveod/?originalSubdomain=fr,Not Available
INSTEAD,https://www.google.com/maps/place/INSTEAD/data=!4m7!3m6!1s0x12fd49f8770b77fb:0x11a9c7180a3a1a97!8m2!3d36.7668448!4d10.2691639!16s%2Fg%2F11df0p083x!19sChIJ-3cLd_hJ_RIRlxo6ChjHqRE?authuser=0&hl=en&rclk=1,https://lh3.googleusercontent.com/a-/ALV-UjXREJvcyMiV4au_1yjVNiah-JZ4ftDsXyBQJ0-CJ61GcQWKguyH=w36-h36-p-rp-mo-br100,5.0,Not Available,Software company,"15 Rue Amilcar, Rades 2040","Monday, 8:30 AM to 6 PM,Thursday, 8:30 AM to 6 PM,Friday, 8:30 AM to 6 PM,Saturday, Closed,Sunday, Closed",Not Available,http://insteadsoftware.com/,71 442 097,"https://lh3.googleusercontent.com/a-/ALV-UjXREJvcyMiV4au_1yjVNiah-JZ4ftDsXyBQJ0-CJ61GcQWKguyH=w36-h36-p-rp-mo-br100,https://lh3.googleusercontent.com/a/ACg8ocJRTDH4Xssm0YbBSnnJXFbBKZ7lXpxEEj2vnzX-WeXywzMWTg=w36-h36-p-rp-mo-ba12-br100,https://lh3.googleusercontent.com/a-/ALV-UjUFJ8GKOf2iq8hdnDCDtw66ky3rhLfCy25nQt9BGrGcT3oLLvU=w36-h36-p-rp-mo-br100",36.7668448,10.2691639,Not Available,https://www.facebook.com/insteadsoftware,Not Available,Not Available,Not Available,https://www.linkedin.com/company/11063597,Not Available
Oolab Tunisia,https://www.google.com/maps/place/Oolab+Tunisia/data=!4m7!3m6!1s0x12fd35bf332a4f0b:0x4dbd3e2bcd923a9a!8m2!3d36.8321748!4d10.177528!16s%2Fg%2F11n0ddn86_!19sChIJC08qM781_RIRmjqSzSs-vU0?authuser=0&hl=en&rclk=1,https://lh3.googleusercontent.com/gps-cs-s/AHRPTWmM12xmkazM-dKIC1QLzjxWdj46TMEi1rTXuSpE3IduuqH4C6ot37uxNe5xejIYXQ7NtvkN-Qls_-D-3kyo450jbVy49AjrWqZSlkUIvxfbNKEWpcS8txO4xAe7rouXPCc_ur6c=w960-h240-k-no,4.1,Not Available,Software company,"Rue El Mahrajene, Tunis 1082","Monday, 8:30 AM to 5:30 PM,Thursday, 8:30 AM to 5:30 PM,Friday, 8:30 AM to 5:30 PM,Saturday, Closed,Sunday, Closed",Not Available,https://www.oodrive.com/fr/,71 781 187,"https://lh3.googleusercontent.com/gps-cs-s/AHRPTWmM12xmkazM-dKIC1QLzjxWdj46TMEi1rTXuSpE3IduuqH4C6ot37uxNe5xejIYXQ7NtvkN-Qls_-D-3kyo450jbVy49AjrWqZSlkUIvxfbNKEWpcS8txO4xAe7rouXPCc_ur6c=w32-h32-p-k-no,https://lh3.googleusercontent.com/gps-cs-s/AHRPTWmM12xmkazM-dKIC1QLzjxWdj46TMEi1rTXuSpE3IduuqH4C6ot37uxNe5xejIYXQ7NtvkN-Qls_-D-3kyo450jbVy49AjrWqZSlkUIvxfbNKEWpcS8txO4xAe7rouXPCc_ur6c=w960-h240-k-no,https://lh3.googleusercontent.com/gps-cs-s/AHRPTWmJhqaAsY9XWr06HrWoyouLl1meX2_QoihsqzTqCkZXusY60-NO6kxsXTfFYBAQGRMuxqCrf7bTM1H2DiSnQkvSSsmK0FPIiqXJIpBDTc1evuTuAlJPGpte5V9sahB1FqSknd23=w360-h402-k-no,https://lh3.googleusercontent.com/a/ACg8ocLHc6NEfDP5oCnDtJ4QicVB9BVN5GO8O0jSpgFd7RG-J9dcxYzc=w36-h36-p-rp-mo-ba12-br100,https://lh3.googleusercontent.com/a/ACg8ocI_TEO5tCgsEheLsPUgBkIUqNQ2yBYSxwR6mIJ-QM9h8fGO=w36-h36-p-rp-mo-br100,https://lh3.googleusercontent.com/a/ACg8ocKwrmI4YBlSEHiKkCeLfrmEcC42h_I_urNXYujYsC641NmT3A=w36-h36-p-rp-mo-br100",36.8321748,10.177528,Not Available,Not Available,https://twitter.com/oodriveofficiel?lang=fr,Not Available,https://www.youtube.com/channel/UCE_BSEiHmDgKvCV0YvU0oPQ,https://www.linkedin.com/company/oodrive/?originalSubdomain=fr,"Accessibility,,Assistive hearing loop,,Wheelchair-accessible car park,,Wheelchair-accessible entrance,,Wheelchair-accessible seating,,Wheelchair-accessible toilet"
Accelya Group,https://www.google.com/maps/place/Accelya+Group/data=!4m7!3m6!1s0x12fd357a29b63495:0xdd8c614f67097d2b!8m2!3d36.8351101!4d10.1662627!16s%2Fg%2F11gx_zjf1l!19sChIJlTS2KXo1_RIRK30JZ09hjN0?authuser=0&hl=en&rclk=1,https://lh3.googleusercontent.com/gps-cs-s/AHRPTWm8j57ZOzDoZmduQbUMowqzKFfvLaXQ0Rd5SOGTmDZb-9xOYh8lcVNzTRnqgGL8vOSgzvzQFE3e9hS151nzwpWKHdG_MkW7XmSTuPxxDIxAMhbrh0-aVSjbsIzutJHsbNGaKpXO=w426-h240-k-no,5.0,Not Available,Software company,"116 Av. Jugurtha, Tunis 1002","Monday, 9 AM to 5 PM,Thursday, 9 AM to 5 PM,Friday, 9 AM to 5 PM,Saturday, Closed,Sunday, Closed",Not Available,http://www.accelya.com/,71 287 161,"https://lh3.googleusercontent.com/gps-cs-s/AHRPTWm8j57ZOzDoZmduQbUMowqzKFfvLaXQ0Rd5SOGTmDZb-9xOYh8lcVNzTRnqgGL8vOSgzvzQFE3e9hS151nzwpWKHdG_MkW7XmSTuPxxDIxAMhbrh0-aVSjbsIzutJHsbNGaKpXO=w32-h32-p-k-no,https://lh3.googleusercontent.com/gps-cs-s/AHRPTWm8j57ZOzDoZmduQbUMowqzKFfvLaXQ0Rd5SOGTmDZb-9xOYh8lcVNzTRnqgGL8vOSgzvzQFE3e9hS151nzwpWKHdG_MkW7XmSTuPxxDIxAMhbrh0-aVSjbsIzutJHsbNGaKpXO=w426-h240-k-no,https://lh3.googleusercontent.com/gps-cs-s/AHRPTWnXy8fZjm9bMPnAPz5R_WA4wDCVjGHKNF3pFR5CP2IvVgbsmbg4CEAck8ycC4USIg7zVMRvtJ6LhyQKW-f3BF-13XLh4i55MejKyie2GyjBzyvHViPdSnRZIbujcW8F4V-Wb_hl=w360-h504-k-no,https://lh3.googleusercontent.com/a-/ALV-UjUbBpkI7SSJXbtFaXiHDmS3mtL1xDuEt4S8JampCM62l37139in=w36-h36-p-rp-mo-ba12-br100",36.8351101,10.1662627,Not Available,Not Available,Not Available,Not Available,https://www.youtube.com/watch?v=WwJUm84jOdA,https://www.linkedin.com/company/accelya/,Not Available
Numeryx Tunisie,https://www.google.com/maps/place/Numeryx+Tunisie/data=!4m7!3m6!1s0x12fd354da3d0fe3d:0x11e942ac3c3e7452!8m2!3d36.850436!4d10.1974758!16s%2Fg%2F11fklc08q0!19sChIJPf7Qo001_RIRUnQ-PKxC6RE?authuser=0&hl=en&rclk=1,https://lh3.googleusercontent.com/gps-cs-s/AHRPTWlpEvVFT2K_aeInqC4Q5T4aJK1icfsjjyND_F70sXZVV0KSXrnJeNqzhlBraiaRcpbf0J070XDhfuTft86tYshTDZlc45rhPve2NT89PHHMMzJSnghdThmwr5wjJHW95Bb_g7Bh=w408-h272-k-no,4.5,Not Available,Business to business service,IMMEUBLE LLOYD 10ÉME ÉTAGE Bloc C-10 Angle de Rue Ahmed Hamza CENTRE URBAIN NORD، 1003,"Monday, 8 AM to 5 PM,Thursday, 8 AM to 5 PM,Friday, 8 AM to 5 PM,Saturday, Closed,Sunday, Closed",Not Available,https://www.numeryx.fr/,71 130 131,"https://lh3.googleusercontent.com/gps-cs-s/AHRPTWlpEvVFT2K_aeInqC4Q5T4aJK1icfsjjyND_F70sXZVV0KSXrnJeNqzhlBraiaRcpbf0J070XDhfuTft86tYshTDZlc45rhPve2NT89PHHMMzJSnghdThmwr5wjJHW95Bb_g7Bh=w32-h32-p-k-no,https://lh3.googleusercontent.com/gps-cs-s/AHRPTWlpEvVFT2K_aeInqC4Q5T4aJK1icfsjjyND_F70sXZVV0KSXrnJeNqzhlBraiaRcpbf0J070XDhfuTft86tYshTDZlc45rhPve2NT89PHHMMzJSnghdThmwr5wjJHW95Bb_g7Bh=w408-h272-k-no,https://streetviewpixels-pa.googleapis.com/v1/thumbnail?panoid=dhKFA09zULTEUZKMEhTjDA&cb_client=search.gws-prod.gps&w=211&h=120&yaw=192.74295&pitch=0&thumbfov=100,https://lh3.googleusercontent.com/gps-cs-s/AHRPTWl0T23sG7KxcW_re1fYtRKNRhJzyh_KgI5u51zirKIXxvJrcX2fto_TXm2rP4U9nCtAy9tZxRDXN6nvUNrY4bThKv0kxHjQWIM9hRKXhtdtLXfh7Sh0JAD2HxOMGxQpttIv3OooFQ=w140-h186-k-no,https://lh3.googleusercontent.com/a-/ALV-UjUyfT3P3i44E22aqbdckMFAch183phTWpgUaZfyGNriM2hruCHw=w36-h36-p-rp-mo-br100,https://lh3.googleusercontent.com/a/ACg8ocIDfpIDc_5eizgPYK7kkE2GA18Q3IUKKHOAMhIIEMxU92AGmQ=w36-h36-p-rp-mo-br100,https://lh3.googleusercontent.com/a-/ALV-UjVBInJzj8ZtlHxTtPNd80oG2Az-9dkMwJ-n-IjM0AYYb1lq-00h=w36-h36-p-rp-mo-br100",36.850436,10.1974758,contact@numeryx.fr,Not Available,Not Available,Not Available,https://www.youtube.com/watch?v=nOgJfWS6ViM,https://www.linkedin.com/company/numeryx/,Not Available
ZUM-IT,https://www.google.com/maps/place/ZUM-IT/data=!4m7!3m6!1s0x12fd3326e5915aff:0x10928a05249e5fdb!8m2!3d36.8072242!4d10.0728632!16s%2Fg%2F11mc0gqy10!19sChIJ_1qR5SYz_RIR21-eJAWKkhA?authuser=0&hl=en&rclk=1,https://lh3.googleusercontent.com/a/ACg8ocJ7zj27nGurHn8I5ECh2u9rKtGxWtkqpmr5rT0R3ksdbeAJEA=w36-h36-p-rp-mo-br100,5.0,Not Available,Business management consultant,Manouba,"Monday, 8 AM to 5 PM,Thursday, 8 AM to 5 PM,Friday, 8 AM to 5 PM,Saturday, Closed,Sunday, Closed",Not Available,https://www.zum-it.com/,71 602 410,https://lh3.googleusercontent.com/a/ACg8ocJ7zj27nGurHn8I5ECh2u9rKtGxWtkqpmr5rT0R3ksdbeAJEA=w36-h36-p-rp-mo-br100,36.8072242,10.0728632,contact@zum-it.com,Not Available,Not Available,Not Available,Not Available,https://www.linkedin.com/company/zum-it/,Not Available
Marquardt Tunisia,https://www.google.com/maps/place/Marquardt+Tunisia/data=!4m7!3m6!1s0x12fd2dfea35a794b:0x80537d1e59c0d1ce!8m2!3d36.7877112!4d10.0752856!16s%2Fg%2F12qg20rlh!19sChIJS3lao_4t_RIRztHAWR59U4A?authuser=0&hl=en&rclk=1,https://lh3.googleusercontent.com/gps-cs-s/AHRPTWlnjUDW9TGeR7Y8nDe5LxTp6vaeEseO5ghGw0Gv76Lbx_ykBPUbJSPnGMYzi3-TnDBO68f3A-Z2U0MmQ9wA1hugp6kkClm9NnUeYdtGOuizYjDtFPO4zQOy6HK8ekhPYhbAzyb2=w426-h240-k-no,4.8,Not Available,Construction company,"Q3QG+34M, Accès Marquardt Tunisie, Tunis","Monday, 7:30 AM to 4 PM,Thursday, 7:30 AM to 4 PM,Friday, 7:30 AM to 4 PM,Saturday, Closed,Sunday, Closed",Not Available,Not Available,31 333 100,"https://lh3.googleusercontent.com/gps-cs-s/AHRPTWlnjUDW9TGeR7Y8nDe5LxTp6vaeEseO5ghGw0Gv76Lbx_ykBPUbJSPnGMYzi3-TnDBO68f3A-Z2U0MmQ9wA1hugp6kkClm9NnUeYdtGOuizYjDtFPO4zQOy6HK8ekhPYhbAzyb2=w32-h32-p-k-no,https://lh3.googleusercontent.com/gps-cs-s/AHRPTWlnjUDW9TGeR7Y8nDe5LxTp6vaeEseO5ghGw0Gv76Lbx_ykBPUbJSPnGMYzi3-TnDBO68f3A-Z2U0MmQ9wA1hugp6kkClm9NnUeYdtGOuizYjDtFPO4zQOy6HK8ekhPYhbAzyb2=w426-h240-k-no,https://lh3.googleusercontent.com/gps-cs-s/AHRPTWkwbNgIPYio0xazAS7OiELYltIc_eYS8dXV72XAn30aj4jxdc-H_LyWkcUwnfN6-74yMtL1rfOwHtmMlIYar7JhTkTF08MYqiSpb0-mf6K0x5BLC8xQ7UJon-Hh_BGcLDbn3Wt8=w360-h202-k-no,https://lh3.googleusercontent.com/a-/ALV-UjVIkmKzf3cd3r61n-e1azpxgRyq4bwXU7ZQ-3p5OQ1iMunnt3no=w36-h36-p-rp-mo-br100,https://lh3.googleusercontent.com/a-/ALV-UjW6GQqkQN6H-xHIQBH0LL5jHHKOtpOE26wcQFqIxiU68hLX2hA=w36-h36-p-rp-mo-br100,https://lh3.googleusercontent.com/a/ACg8ocINC66O7nlTbwO1Y87s4rlSAThSIU5kP0Xj4EhNtouIR0uLzg=w36-h36-p-rp-mo-br100",36.7877112,10.0752856,Not Available,Not Available,Not Available,Not Available,Not Available,Not Available,"Accessibility,,Wheelchair-accessible car park,,Wheelchair-accessible entrance"
Get'IT,https://www.google.com/maps/place/Get%27IT/data=!4m7!3m6!1s0x12fd3541c7fc19bf:0x92d38f8c7705b573!8m2!3d36.8353087!4d10.2421042!16s%2Fg%2F11g6xptt9t!19sChIJvxn8x0E1_RIRc7UFd4yP05I?authuser=0&hl=en&rclk=1,https://lh3.googleusercontent.com/a-/ALV-UjXFDzOdbBL21gzcL850nkw_cLU4Ek1S1xKGsD4wAJRvXrrSlmdA=w36-h36-p-rp-mo-ba12-br100,4.5,Not Available,Computer support and services,"R6PR+4RH, Rue du Lac Windemere, Tunis","Monday, 8:30 AM to 6 PM,Thursday, 8:30 AM to 6 PM,Friday, 8:30 AM to 6 PM,Saturday, Closed,Sunday, Closed",Not Available,Not Available,71 862 899,"https://lh3.googleusercontent.com/a-/ALV-UjXFDzOdbBL21gzcL850nkw_cLU4Ek1S1xKGsD4wAJRvXrrSlmdA=w36-h36-p-rp-mo-ba12-br100,https://lh3.googleusercontent.com/a/ACg8ocJEIWIylZFISIdY_It8OIowTAPyTHNCcivjDTR6c7roV4h8Yg=w36-h36-p-rp-mo-br100",36.8353087,10.2421042,Not Available,Not Available,Not Available,Not Available,Not Available,Not Available,Not Available
Lexa Technologies,https://www.google.com/maps/place/Lexa+Technologies/data=!4m7!3m6!1s0x12fd35727735859f:0xcccc1d1e139bca61!8m2!3d36.8494901!4d10.1981705!16s%2Fg%2F11ykxr0zy2!19sChIJn4U1d3I1_RIRYcqbEx4dzMw?authuser=0&hl=en&rclk=1,https://lh3.googleusercontent.com/gps-cs-s/AHRPTWmRxTDSU0bsn0efU61qPgC2DOslGYalL1YkH0U_Qv3kjGq7KBb32tB6NlMwK_0OtbM_MkSljsrapjc8mcgwHWmwvxMbiC0B3_Z6x7ktuYEyz-8zxBxEvtQQxlX7anumkTcX8cCuOWOHl1c=w408-h270-k-no,5.0,Not Available,Software company,"A1 immeuble Tamayouz 1082, Tunis","Monday, 8 AM to 6 PM,Thursday, 8 AM to 6 PM,Friday, 8 AM to 6 PM,Saturday, 8 AM to 6 PM,Sunday, Closed",Not Available,https://www.lexa.tn/,51 837 690,"https://lh3.googleusercontent.com/gps-cs-s/AHRPTWmRxTDSU0bsn0efU61qPgC2DOslGYalL1YkH0U_Qv3kjGq7KBb32tB6NlMwK_0OtbM_MkSljsrapjc8mcgwHWmwvxMbiC0B3_Z6x7ktuYEyz-8zxBxEvtQQxlX7anumkTcX8cCuOWOHl1c=w32-h32-p-k-no,https://lh3.googleusercontent.com/gps-cs-s/AHRPTWmRxTDSU0bsn0efU61qPgC2DOslGYalL1YkH0U_Qv3kjGq7KBb32tB6NlMwK_0OtbM_MkSljsrapjc8mcgwHWmwvxMbiC0B3_Z6x7ktuYEyz-8zxBxEvtQQxlX7anumkTcX8cCuOWOHl1c=w408-h270-k-no,https://lh3.googleusercontent.com/gps-cs-s/AHRPTWmRxTDSU0bsn0efU61qPgC2DOslGYalL1YkH0U_Qv3kjGq7KBb32tB6NlMwK_0OtbM_MkSljsrapjc8mcgwHWmwvxMbiC0B3_Z6x7ktuYEyz-8zxBxEvtQQxlX7anumkTcX8cCuOWOHl1c=w449-h298-k-no,https://lh3.googleusercontent.com/gps-cs-s/AHRPTWm9-1XjBc2tpH7EnoLMTXL8_D658XI_cZ_X7H31M6JTr4APWc8PpZUmBcxJ8urAM8JP1tWyad0BIchwA6D5EUdSjqH_g7QffhHx4tMCuWqvZPO3ciD3qRl-O2RY8j6PScar--8xQoXz0SY_=w348-h298-k-no,https://streetviewpixels-pa.googleapis.com/v1/thumbnail?panoid=7S70JWTmoSCKOIZ93DM4cw&cb_client=maps_sv.tactile.gps&w=224&h=298&yaw=193.19176&pitch=0&thumbfov=100,https://lh3.googleusercontent.com/a/ACg8ocILXR_rma8CE1Q-9UA_VTptbVlW0wwEbFsMT7RoZOBnpu1jVw=w36-h36-p-rp-mo-br100",36.8494901,10.1981705,info@lexa.tn,https://www.facebook.com/lexa.tn,Not Available,https://www.instagram.com/lexa.tn/,Not Available,https://www.linkedin.com/company/lexatechnologies,"Service options,,Online appointments,,On-site services,    Parking,,On-site parking,,Paid parking lot"
Medius,https://www.google.com/maps/place/Medius/data=!4m7!3m6!1s0x12fd4bb4756b32ef:0x9b5b5e93ea63be5c!8m2!3d36.8314208!4d10.232271!16s%2Fg%2F11j2ns1wzx!19sChIJ7zJrdbRL_RIRXL5j6pNeW5s?authuser=0&hl=en&rclk=1,https://lh3.googleusercontent.com/gps-cs-s/AHRPTWliCC9OnIJWfJT50EiSJNoAxbMdki0Fruss9noFNJEt9MjLtE65dqsiUmG5zklEgzUG-Bu7PRZptspnKbFIfNW0Xo2hZzywOKN_3TlnkIp1eXza5hEYAz4YuKUKibWhp1M8pA0=w408-h306-k-no,4.9,Not Available,Software company,"Rue du Lac Biwa, Tunis","Monday, 9 AM to 6 PM,Thursday, 9 AM to 6 PM,Friday, 9 AM to 6 PM,Saturday, Closed,Sunday, Closed",Not Available,https://www.expensya.com/,+33 1 85 09 28 40,"https://lh3.googleusercontent.com/gps-cs-s/AHRPTWliCC9OnIJWfJT50EiSJNoAxbMdki0Fruss9noFNJEt9MjLtE65dqsiUmG5zklEgzUG-Bu7PRZptspnKbFIfNW0Xo2hZzywOKN_3TlnkIp1eXza5hEYAz4YuKUKibWhp1M8pA0=w32-h32-p-k-no,https://lh3.googleusercontent.com/gps-cs-s/AHRPTWliCC9OnIJWfJT50EiSJNoAxbMdki0Fruss9noFNJEt9MjLtE65dqsiUmG5zklEgzUG-Bu7PRZptspnKbFIfNW0Xo2hZzywOKN_3TlnkIp1eXza5hEYAz4YuKUKibWhp1M8pA0=w408-h306-k-no,https://lh3.googleusercontent.com/gps-cs-s/AHRPTWliCC9OnIJWfJT50EiSJNoAxbMdki0Fruss9noFNJEt9MjLtE65dqsiUmG5zklEgzUG-Bu7PRZptspnKbFIfNW0Xo2hZzywOKN_3TlnkIp1eXza5hEYAz4YuKUKibWhp1M8pA0=w397-h298-k-no,https://lh3.googleusercontent.com/gps-cs-s/AHRPTWlse0o9bni1Cq9yDGs5p7dU97uxVPkPQNUbsn3LT4REcEbUKxZXvJgsOKLxxrE6eYOCR3S9PihB_cMCGoHC4dyzVmCEwCt5YNjZ1KQx8NbJNE2dwPrfFAfwJwXaJmUSYvrBcDQS=w224-h398-k-no,https://lh3.googleusercontent.com/a-/ALV-UjUQufuLuoJTHmP_jF7lNvUQhuRVKmpnGkJFjJGbbHf2LJ36y7mNLA=w36-h36-p-rp-mo-ba12-br100,https://lh3.googleusercontent.com/a-/ALV-UjWaLo5NVpvgLSe70Wjz5ekg_FUELN0pGO5qHm3VI_rWIzCjVFaL=w36-h36-p-rp-mo-ba12-br100,https://lh3.googleusercontent.com/a/ACg8ocIGPYzOczW4ZrNfC5zyVQ3jstt3HyAt_A2xXls2zxbp4YX3Mw=w36-h36-p-rp-mo-br100,https://lh3.googleusercontent.com/gps-cs-s/AHRPTWmUOSpYuJARzmg_Ugnma6UiNh6P1H2s7M_1FHTq9SITFhOjFv3tisCeQahBhs98q79J61qoVHE_CPyyePo3nuaDzd9_gT5-cmWU_3yKedmOdTtm_jY4JydKdhsEiYivM-zNS1NnWw=w156-h114-p-k-no,https://lh3.googleusercontent.com/gps-cs-s/AHRPTWmcD3kPwTU2D5RHezCWiYmKMtr1eJfi1mCbnWg2Kcwn0v_fM1AjM4n2OmfT1ICfGKChiCIUbj3LhLb3D7MGq5A6X7GJ46HQOVE8zZ04QevUIKPx0TdjCGx8D9vRsjUiWwDi8uck=w156-h114-p-k-no,https://lh3.googleusercontent.com/gps-cs-s/AHRPTWmtURcqXObwMyivpGCFHzmuYUbSxAPPlwfGtN8eI6oIFCebpIYAU7M7P08UMcmHlAFLkf3Q1ONm6JP49-RdwT9Staqw8qaM4Cnx_nOKLob6ly5yUCI8tE36BjfFZpVmA1gF9KxRQw=w156-h114-p-k-no",36.8314208,10.232271,info.france@medius.com,https://www.facebook.com/ExpensyaFR/,https://twitter.com/Expensya,https://www.instagram.com/expensya/,Not Available,https://www.linkedin.com/company/expensya,"Accessibility,,Wheelchair-accessible car park,,Wheelchair-accessible entrance"
Campion-Tech,https://www.google.com/maps/place/Campion-Tech/data=!4m7!3m6!1s0x12fd347de5d3fe77:0x6e40c0e44c4e0a35!8m2!3d36.8166478!4d10.1765218!16s%2Fg%2F11hynjrm0d!19sChIJd_7T5X00_RIRNQpOTOTAQG4?authuser=0&hl=en&rclk=1,https://streetviewpixels-pa.googleapis.com/v1/thumbnail?panoid=_lpLdXAOc3rrAVzsxWTpUQ&cb_client=search.gws-prod.gps&w=408&h=240&yaw=86.20244&pitch=0&thumbfov=100,5.0,Not Available,Software company,"21 Av. Des Etats Unis, Tunis 1002","Monday, 8:30 AM to 5:30 PM,Thursday, 8:30 AM to 5:30 PM,Friday, 8:30 AM to 5:30 PM,Saturday, 8:30 AM to 5:30 PM,Sunday, Closed",Not Available,http://campion-tech.com/page/about-us,25 004 924,"https://streetviewpixels-pa.googleapis.com/v1/thumbnail?panoid=_lpLdXAOc3rrAVzsxWTpUQ&cb_client=search.gws-prod.gps&w=86&h=86&yaw=86.20244&pitch=0&thumbfov=100,https://streetviewpixels-pa.googleapis.com/v1/thumbnail?panoid=_lpLdXAOc3rrAVzsxWTpUQ&cb_client=search.gws-prod.gps&w=408&h=240&yaw=86.20244&pitch=0&thumbfov=100,https://streetviewpixels-pa.googleapis.com/v1/thumbnail?panoid=_lpLdXAOc3rrAVzsxWTpUQ&cb_client=maps_sv.tactile.gps&w=224&h=298&yaw=86.20244&pitch=0&thumbfov=100,https://lh3.googleusercontent.com/a-/ALV-UjV7z2rU0EH8BRpBJuxmbql-MkhKNJUphBjh9-zdeSp3UOGKxAmrLQ=w36-h36-p-rp-mo-br100,https://lh3.googleusercontent.com/a-/ALV-UjUXrDWWqCJzCpGJEJADOg3EhIo6u-8R54j7rn-QgCxsK_a4u8Gz=w36-h36-p-rp-mo-br100,https://lh3.googleusercontent.com/a/ACg8ocKKCfASKb7G_UjLsQc4gDrF4ABZpBTrHQd9VPOA4NPqAwgHRQ=w36-h36-p-rp-mo-br100,https://lh3.googleusercontent.com/gps-cs-s/AHRPTWm66nrUwr7pbUJVmTRGzY-5DtLZ1_aMO4eLHC1pRtA75Ky1gPuY7A_euuOnlN0x3Rcp2w_ACzvnOUOgwH4DrqR5s4V00qxUOYcyrMPWtmCiwtYPFRrXJ-shaYfmWe5lDCfYuTaJ=w156-h114-p-k-no,https://lh3.googleusercontent.com/gps-cs-s/AHRPTWkuQoZSVA2uNYEjSm6_oHBANS5bd6BiXfemQlbTGX8N7pEpXq8-BRzA3Tozi6uxWR9ePWCUpUm6hefS8acd6QJKiW3SVj6zLff19YHRx4Zxh4dpIdv921YXyWdjaDfHsLRQDA_0=w156-h114-p-k-no",36.8166478,10.1765218,contact@campion-tech.com,https://www.facebook.com/profile.php?id=100063234939936,Not Available,Not Available,https://www.youtube.com/@campion-tech8638,https://www.linkedin.com/company/campion-tech,Not Available
Mint IT,https://www.google.com/maps/place/Mint+IT/data=!4m7!3m6!1s0x12fd3462c423a087:0xf7426d02d5a0e91f!8m2!3d36.8226638!4d10.1836816!16s%2Fg%2F11bx2lg3q3!19sChIJh6AjxGI0_RIRH-mg1QJtQvc?authuser=0&hl=en&rclk=1,https://lh3.googleusercontent.com/gps-cs-s/AHRPTWnL3ByjD3qn5WXw8VbS1HUWiXdqLbgZO3XlqCmPZU1Zg9_JEB9VobjUXf1L46qwf9tcFaRmgLQcGtDIXG-gt9dKF2ZBFgu8k2tSiOVyk0nwySlXuud7qA-id5TuIzTMm72QzL8=w408-h306-k-no,4.2,Not Available,Software company,"8 Rue du Royaume d'Arabie Saoudite, Tunis 1002","Monday, 9 AM to 6 PM,Thursday, 9 AM to 6 PM,Friday, 9 AM to 6 PM,Saturday, Closed,Sunday, Closed",Not Available,http://www.mintit.io/,71 891 743,"https://lh3.googleusercontent.com/gps-cs-s/AHRPTWnL3ByjD3qn5WXw8VbS1HUWiXdqLbgZO3XlqCmPZU1Zg9_JEB9VobjUXf1L46qwf9tcFaRmgLQcGtDIXG-gt9dKF2ZBFgu8k2tSiOVyk0nwySlXuud7qA-id5TuIzTMm72QzL8=w32-h32-p-k-no,https://lh3.googleusercontent.com/gps-cs-s/AHRPTWnL3ByjD3qn5WXw8VbS1HUWiXdqLbgZO3XlqCmPZU1Zg9_JEB9VobjUXf1L46qwf9tcFaRmgLQcGtDIXG-gt9dKF2ZBFgu8k2tSiOVyk0nwySlXuud7qA-id5TuIzTMm72QzL8=w408-h306-k-no,https://lh3.googleusercontent.com/gps-cs-s/AHRPTWnL3ByjD3qn5WXw8VbS1HUWiXdqLbgZO3XlqCmPZU1Zg9_JEB9VobjUXf1L46qwf9tcFaRmgLQcGtDIXG-gt9dKF2ZBFgu8k2tSiOVyk0nwySlXuud7qA-id5TuIzTMm72QzL8=w397-h298-k-no,https://lh3.googleusercontent.com/gps-cs-s/AHRPTWnJwUYfKj0ubV4nt7y2ANp547YVajv_oPeixfWcqmF1ZbD83s0e3yWbchyCJtGob6PxxEJC5kTCGGt6ZEi9MNfiWKVXPKXnuQcAX_Uxb8FNGbPre8-SZQq2dDFC3sCIQen-4nw=w783-h298-k-no,https://lh3.googleusercontent.com/a-/ALV-UjX84fcpUd7dTcy7CPXZYjzx-ggGH8NcgRfNuafPFn06xiKOEIp0hQ=w36-h36-p-rp-mo-ba12-br100,https://lh3.googleusercontent.com/a-/ALV-UjW5gCCvXVlSyC_HeNHx0BKZVEbwF70pW2zYwWz0PGHfcN09mSaKLA=w36-h36-p-rp-mo-ba12-br100,https://lh3.googleusercontent.com/a-/ALV-UjX9efL0I-_nyjC0v5Ob35NUjs7F_12RDvv7Rivto-JNHoBHzKAL=w36-h36-p-rp-mo-br100,https://lh3.googleusercontent.com/gps-cs-s/AHRPTWl4QQX_uYg2wo2ookFqVS-_5pGuKJRO-AwDCectAgO4TjZBxyh8GccnrZxCgh8Qc8YlwnhzZ9-g5G4dCfKvSrnVrRmjvdGaywmgArzevCEThYRRxw8H5bMg8BXZaku7gEA-N70Zgw=w156-h114-p-k-no",36.8226638,10.1836816,contact@mintit.io,Not Available,Not Available,Not Available,Not Available,https://www.linkedin.com/company/mint-it-io/,"Planning,,Appointment required"
Cynoia,https://www.google.com/maps/place/Cynoia/data=!4m7!3m6!1s0x12fd330709caac7d:0x5201e6dd3d8a5b91!8m2!3d36.8493508!4d10.27511!16s%2Fg%2F11fqksyd3h!19sChIJfazKCQcz_RIRkVuKPd3mAVI?authuser=0&hl=en&rclk=1,https://lh3.googleusercontent.com/gps-cs-s/AHRPTWmcD3kPwTU2D5RHezCWiYmKMtr1eJfi1mCbnWg2Kcwn0v_fM1AjM4n2OmfT1ICfGKChiCIUbj3LhLb3D7MGq5A6X7GJ46HQOVE8zZ04QevUIKPx0TdjCGx8D9vRsjUiWwDi8uck=w408-h306-k-no,4.8,Not Available,Software company,"Cité les pins, Rue de la fleur d'érable, Tunis 1053","Monday, 8 AM to 6 PM,Thursday, 8 AM to 6 PM,Friday, 8 AM to 6 PM,Saturday, Closed,Sunday, Closed",Not Available,https://cynoia.com/,Not Available,"https://lh3.googleusercontent.com/gps-cs-s/AHRPTWlrIWYGbkVRwDVzXVNIK0mTh1RQ2w67dZvAHMXHiCFF_NaiGsMBJsqk0zppT4I_HU6mHYwvNbqtMVfi2oI0QLFVy5GIm8fTjgZhQ1o0PDdyktEHdJ87MzLm9gJhnd4FQRxK_M6n=w262-h104-p-k-no,https://lh3.googleusercontent.com/gps-cs-s/AHRPTWnHPkPJj6Ttmo9yQR3u7Ow2omvWN4B8Qy0UOcOkR-RBMDwTQKCfae_AnkNZKwFUB6s_jBtTwkcYmDAwaBJPwZBWAkMRXaTnrly7-C5CWF4mOE7sC50jTLkXYGwYi62iDl3L-2wR=w262-h104-p-k-no,https://lh3.googleusercontent.com/gps-cs-s/AHRPTWng7nfSzoJgi0e4o1LfDdNEzwXKAliQsHu9R1CvNJXCtONJeFdKHEccXNNxM7TF7ZUEnqhKy3ofVO7WtMqocUcun2og5gxvu7olrcwG9KjIXOVhHEUxtZ_BDJ_jklJP4VhpA6GWyA=w262-h104-p-k-no,https://lh3.googleusercontent.com/gps-cs-s/AHRPTWkSXxleUGShVazZnPnvaG1XzjhsdgzndlrtrwbTXXf5drig1VhDp4wVJTxAj_WAGO8YhFwNnt3--NYMt_rfqH2s4xft46Mv5yThZt-gwLA8_9IRzRsvXoqEZZ-oMMrJI5QXvLFphQ=w262-h104-p-k-no,https://lh3.googleusercontent.com/gps-cs-s/AHRPTWnoeH-rkMmSF_yCIPsBrS8_-r0k_3VQKh_gnEXC2N_7WWZZJjGjOVYhu34vlbJvgjCMj0g410gnup2aUljvRxtelREYFbYnPmFJ1EKcs4TVATPn2MohPEGt_u9Na_N1tVipcXAI=w262-h104-p-k-no,https://lh3.googleusercontent.com/gps-cs-s/AHRPTWlZPwyYHhetsrIhPDoUBtFajkLSkMtH-mhEluGC9ytxxG_l00dL55DTYXBphDQYz4Gwj92Av3I-aLeLoHyA2f5HDP3xBrxAYEoloz97c1pf38BQBY1URSqZhuzzxz_J-FNAo78XUw=w262-h104-p-k-no,https://lh3.googleusercontent.com/gps-cs-s/AHRPTWmc6o_aKH9xGFrenz4VJRlW-8f43KZkfUoj52oXqgHcdVO4tL_QDajs0rRc_kRTJ87lclPAz3LgI0ndeIE5e8uFpVSVv0ew4bzkQx89LXLDRLBUvMvwjtI5DZJZ4OLspmIHMC4V=w262-h104-p-k-no,https://lh3.googleusercontent.com/gps-cs-s/AHRPTWkG2lCI_n7uxNH7wJfyc1ZGgQNDi1dsHxsIWQC1u6aRCp6qGSvG_ZWjdAnOzM9vo3LnEQRPt5ftfYrAJftljPd_NPvRosjYFh1Fm7k3el0J_oDEXosZVfCx7R6YmJqKvL793nhMZQ=w262-h104-p-k-no,https://lh3.googleusercontent.com/gps-cs-s/AHRPTWlCufwKU9iZSIdjL_V9i-5MV9NJBadjRYvKYYfQJZ-EupAjRU3_xZWivo1lacBh1d2ja0WNikCFLEP0kP7hO5-_4PDg1AIjqzCKxTgCgFtFbFC5XRGAmZqlD5BfML83gSLpxf_r=w262-h104-p-k-no,https://lh3.googleusercontent.com/gps-cs-s/AHRPTWm86EriL29BAP2Ov4E8a2uNTVAARDqouqAP58cutL9x44ueebKOFBAA5hc_gbfw005BtzUftf7YchctYnkfxBbnkfws4V20Wrvr0GQolf560d4bgIBEfLZWp__T3gBmxhGNTdAh=w262-h104-p-k-no,https://lh3.googleusercontent.com/gps-cs-s/AHRPTWmcD3kPwTU2D5RHezCWiYmKMtr1eJfi1mCbnWg2Kcwn0v_fM1AjM4n2OmfT1ICfGKChiCIUbj3LhLb3D7MGq5A6X7GJ46HQOVE8zZ04QevUIKPx0TdjCGx8D9vRsjUiWwDi8uck=w32-h32-p-k-no,https://lh3.googleusercontent.com/gps-cs-s/AHRPTWmcD3kPwTU2D5RHezCWiYmKMtr1eJfi1mCbnWg2Kcwn0v_fM1AjM4n2OmfT1ICfGKChiCIUbj3LhLb3D7MGq5A6X7GJ46HQOVE8zZ04QevUIKPx0TdjCGx8D9vRsjUiWwDi8uck=w408-h306-k-no,https://lh3.googleusercontent.com/gps-cs-s/AHRPTWlrGlXDNjuVeSnu8OT_fhcZifUmAlnl18J5VJgBeixQz7s60equqGIj5vlEf_CirebhI4dyZUt0RHZ6KtpFt9ZD30K4Gl3vDSlUc2QFiRnzuadHjd6DraG1nNMxpZJbqBt8jpFz-g=w397-h298-k-no,https://lh3.googleusercontent.com/gps-cs-s/AHRPTWlDimdi8bovCRlJI6ETq1eWjzIGEg2lGik1Fq23EwuFqZW1ndR6EMUA3xmYzyE0Fqbf4l25zo6MqlDLh9m_U0IwmyVc9wA1iFWSeXmImHdFX6q9Z-3YzHFGGDvYamP7qJtxFp4B=w224-h298-k-no,https://lh3.googleusercontent.com/a-/ALV-UjW2lWKlSo2nFFsepL6EufcGIv2ntzNTgJwntYSfsLo-gHodHaaf=w36-h36-p-rp-mo-br100,https://lh3.googleusercontent.com/a-/ALV-UjWM-4pIP7sq9m_5OOimx5CiNQZhVM_rbljx1c0ASjblRrm1Xz2f=w36-h36-p-rp-mo-br100,https://lh3.googleusercontent.com/a-/ALV-UjW7IQz9nu6PRmlrBSjhU8va5LPczipFNKDRUwMYbZK6cviQ6CjD=w36-h36-p-rp-mo-br100,https://lh3.googleusercontent.com/gps-cs-s/AHRPTWncSUXGYINyjc2dxnExYGx6HVly6hyte1MtiG1h4WjXeOYevKQJC4jttl_zJO4T7fWM3-ZBEqy3LpywF7Ds1PFtNZz4swut4oicAm1d85RsMpK8Td2cVOSzrKUD-80Yr37QrZjLBA=w156-h114-p-k-no,https://lh3.googleusercontent.com/gps-cs-s/AHRPTWn95gMjt_XpCOyVodQm6vOc229YjyPPM_PzFYejNl1Ufi6kjtczf6Qi4uHqs_ktEIQhnuQzu6VxCdMCdZxvE5jTqCPRbGgpqhj5C2cxm--nIQYt_TBKt3RBLtqJhxDVWoIa9jQ=w156-h114-p-k-no,https://lh3.googleusercontent.com/gps-cs-s/AHRPTWliCC9OnIJWfJT50EiSJNoAxbMdki0Fruss9noFNJEt9MjLtE65dqsiUmG5zklEgzUG-Bu7PRZptspnKbFIfNW0Xo2hZzywOKN_3TlnkIp1eXza5hEYAz4YuKUKibWhp1M8pA0=w156-h114-p-k-no,https://lh3.googleusercontent.com/gps-cs-s/AHRPTWlDjwSOLJOOU_zmbozTH0JKjD47h0YYCBMNnnQO8vbrT9dkF74m3nsrnFE5_hnNqTdYCnQOtvvzY-13qkurOwpODbinjZaO1KsYD8yGZwnt7rc6f17HM8prDbRfRmfg6ZGxakleCg=w156-h114-p-k-no",36.8493508,10.27511,Contact@cynoia.com,https://www.facebook.com/cynoia,Not Available,https://www.instagram.com/cynoiateam/,https://www.youtube.com/@cynoia,https://www.linkedin.com/company/cynoia/,"Service options,,Online appointments,,On-site services"
Logidas - Éditeur d'ERP,https://www.google.com/maps/place/Logidas+-+%C3%89diteur+d%27ERP/data=!4m7!3m6!1s0x12fd353d9bf06b45:0xa21ae7e4e1d8e4d2!8m2!3d36.8352354!4d10.2294441!16s%2Fg%2F11bwpyhrsr!19sChIJRWvwmz01_RIR0uTY4eTnGqI?authuser=0&hl=en&rclk=1,https://lh3.googleusercontent.com/gps-cs-s/AHRPTWnxtJLcQlZxCRTk7k-66j7Xk9HnlhPvzW8MX8dW6d0sy5TrpGqvCQtt4kJPPG894oCQrCwhq9dOFT-tosJkmZTiqf6-C4k4M-mL-c2nQVxrrcsPXDwVhtpKAOXEtAO31BzPYQ5Umw=w408-h306-k-no,4.3,Not Available,Software company,"Rue du Lac Malaren, Immeuble ayam, Les Berges du Lac 1053 Tunis, Tunis 1053","Monday, 8 AM to 5 PM,Thursday, 8 AM to 5 PM,Friday, 8 AM to 5 PM,Saturday, Closed,Sunday, Closed",Not Available,http://www.logidas.com/,71 960 626,"https://lh3.googleusercontent.com/gps-cs-s/AHRPTWnxtJLcQlZxCRTk7k-66j7Xk9HnlhPvzW8MX8dW6d0sy5TrpGqvCQtt4kJPPG894oCQrCwhq9dOFT-tosJkmZTiqf6-C4k4M-mL-c2nQVxrrcsPXDwVhtpKAOXEtAO31BzPYQ5Umw=w32-h32-p-k-no,https://lh3.googleusercontent.com/gps-cs-s/AHRPTWnxtJLcQlZxCRTk7k-66j7Xk9HnlhPvzW8MX8dW6d0sy5TrpGqvCQtt4kJPPG894oCQrCwhq9dOFT-tosJkmZTiqf6-C4k4M-mL-c2nQVxrrcsPXDwVhtpKAOXEtAO31BzPYQ5Umw=w408-h306-k-no,https://lh3.googleusercontent.com/gps-cs-s/AHRPTWkQ40DJeczMf4e2yoCeGez64M_eHlrTItov3bKM_WM6kzUxtZF7Y8P3cO7J4qp1xg-Qqi0qZheuPuzoOU8iU904jAVgHcIsx667zwB_6NhrsMh1xta5Xl_Mbk2GN6MMTtAn5y3C2A=w360-h480-k-no,https://lh3.googleusercontent.com/a/ACg8ocKm362oyAkahy3KJdPtYRGmZIcSSC2hYxvHwMB4D7GUMDlluw=w36-h36-p-rp-mo-br100,https://lh3.googleusercontent.com/a-/ALV-UjVSZHBE1h79ayRiAuzYAZlez5CezVzOlct9va_hBJxZq--psTut=w36-h36-p-rp-mo-ba12-br100,https://lh3.googleusercontent.com/a/ACg8ocIoY42XHjHt_2A0BxFz1jMySXPPmOGFlHR6BqlaFSGMQKLfV7A=w36-h36-p-rp-mo-br100,https://lh3.googleusercontent.com/gps-cs-s/AHRPTWkZOeY9KTZATiEhD34LZgHTL7Sm3H4XkHitBIqw-XCmhogZX-B7RmCdutsKLBE63ucveF9OLKGgFvU83xBTvp1XiZPID9-wp5My6SOuOmLGrUuRQwYFNaunrbmGXLIxT90jh4CG-g=w156-h114-p-k-no,https://lh3.googleusercontent.com/gps-cs-s/AHRPTWnBRRzRW1Px-WCEcJnZAawULLWkKNhwSesg4oQ3RNau20vXjoy-tlyKIkdU3CdYHu9u3ZsuTPifDHDIMPMGjlh-QwRpwbQYoMmk2H2emlTNDfwNY01gv-AwMz4NynNWus5MQmO_=w156-h114-p-k-no,https://lh3.googleusercontent.com/gps-cs-s/AHRPTWkJhyWH3YA1D8VR7lAIC0V7z_n1PzioiecT2_flF2XCiDiuk8FG8gBXoZ3PCZIg5tZO5iaTGEsAstA_k3sscVNXBHK_bTbI_n_GkRoEecSu4ax-fQjjezeHH_QXIL_QOy7XIvfqwg=w156-h114-p-k-no",36.8352354,10.2294441,Not Available,Not Available,Not Available,Not Available,Not Available,Not Available,Not Available
Ingenius IT - Société informatique Tunisie,https://www.google.com/maps/place/Ingenius+IT+-+Soci%C3%A9t%C3%A9+informatique+Tunisie/data=!4m7!3m6!1s0x12fd33056c5828d5:0xc0061a0f77167288!8m2!3d36.857604!4d10.1581233!16s%2Fg%2F11krgxmqpr!19sChIJ1ShYbAUz_RIRiHIWdw8aBsA?authuser=0&hl=en&rclk=1,https://lh3.googleusercontent.com/gps-cs-s/AHRPTWmdLD1yAyBwJ5fSqDy2hTDQUhAc1s003te6QVzPv1CWPbqMwbmRFKhK2RkgvXo82M7NYcLgoxOlO-yIQMNJL2pN0XGYRqwasPOTw1tP-EVsbc8m4XA9pc-KqBgkEufP176srr8Y=w408-h306-k-no,4.8,Not Available,Computer security service,"ENNASR 2, immeuble L'ALKAZAR, Appartement d5-2, Ariana 2037","Monday, 8 AM to 10 PM,Thursday, 8 AM to 10 PM,Friday, 8 AM to 10 PM,Saturday, 8 AM to 5 PM,Sunday, Closed",Not Available,https://ingeniusit.com/,92 682 923,"https://lh3.googleusercontent.com/gps-cs-s/AHRPTWmdLD1yAyBwJ5fSqDy2hTDQUhAc1s003te6QVzPv1CWPbqMwbmRFKhK2RkgvXo82M7NYcLgoxOlO-yIQMNJL2pN0XGYRqwasPOTw1tP-EVsbc8m4XA9pc-KqBgkEufP176srr8Y=w32-h32-p-k-no,https://lh3.googleusercontent.com/gps-cs-s/AHRPTWmdLD1yAyBwJ5fSqDy2hTDQUhAc1s003te6QVzPv1CWPbqMwbmRFKhK2RkgvXo82M7NYcLgoxOlO-yIQMNJL2pN0XGYRqwasPOTw1tP-EVsbc8m4XA9pc-KqBgkEufP176srr8Y=w408-h306-k-no,https://lh3.googleusercontent.com/gps-cs-s/AHRPTWmdLD1yAyBwJ5fSqDy2hTDQUhAc1s003te6QVzPv1CWPbqMwbmRFKhK2RkgvXo82M7NYcLgoxOlO-yIQMNJL2pN0XGYRqwasPOTw1tP-EVsbc8m4XA9pc-KqBgkEufP176srr8Y=w397-h298-k-no,https://lh3.googleusercontent.com/gps-cs-s/AHRPTWnT-jp7z5e2E-eEXljT9CpmBNxupsgd3OjkVIIIXgebcidbBj_npxwDAEaCOqXeRNJF9jLXVqpNvpcTTpeHd2n0aFlF9eibHggY984wkiEYGvhjF4JtmEZ_N49QKtEh4V5mPw_6=w224-h298-k-no,https://lh3.googleusercontent.com/gps-cs-s/AHRPTWkpVkXpONjbqvn6eK54BULuzkUQXhJEUlm-Stz_EXexRdl1lqdOFlkuSwFf_x2eY8WDX1f4NvZsh_VUPXtMKoAJ103wwBhd3vrWb6cRn1DNBaHzLgeu7JleKad9YEz75RASYLI5=w224-h398-k-no,https://lh3.googleusercontent.com/a/ACg8ocKiwky2cumZ2pbjoS29YlEHCcObDfKMuwooL244SgLeG1rCCw=w36-h36-p-rp-mo-br100,https://lh3.googleusercontent.com/a-/ALV-UjWdq-lJp1eFdj353XuGdmGo8iw-oQ-qrCk-Raj1443qeeXJgPM=w36-h36-p-rp-mo-br100,https://lh3.googleusercontent.com/a-/ALV-UjVHqbDc1NAKV_N1C-Qy9UuJUYaENsoIV0sBB18VQ6FSQMCEc5Q=w36-h36-p-rp-mo-br100,https://lh3.googleusercontent.com/gps-cs-s/AHRPTWkk8HsfUKYVgQVBlgtQ7fCBBBIz8qxyeE_3lSfPmdHq8pVle4Lto-C1kU6VpqNtPPoduZLTYztIJxSXCDDqIAdowj6nBvLwkYY_VUYwcWzu8p5yoB14Z_AUZvN3YW9BSBfhR38=w156-h114-p-k-no,https://lh3.googleusercontent.com/gps-cs-s/AHRPTWkSsNHKhmoapIlZGZiu_h_9eQuKHQ-ODNNNef1yJlth-XqoqE6HT-QC_uwt1fk8gZLW6wzk9ecZiGc6hCilXLTcMeE16J-ClOV0yeGfjWjbrHDQkUlFdN-NuU4H53rRE4IFeoqkWTE41juc=w156-h114-p-k-no",36.857604,10.1581233,contact@ingeniusit.com,Not Available,Not Available,Not Available,Not Available,Not Available,"Service options,,Online appointments,,On-site services,    Amenities,,Gender-neutral toilets"
Oolab Tunisia,https://www.google.com/maps/place/Oolab+Tunisia/data=!4m7!3m6!1s0x12fd35bf332a4f0b:0x4dbd3e2bcd923a9a!8m2!3d36.8321748!4d10.177528!16s%2Fg%2F11n0ddn86_!19sChIJC08qM781_RIRmjqSzSs-vU0?authuser=0&hl=en&rclk=1,https://lh3.googleusercontent.com/gps-cs-s/AHRPTWmM12xmkazM-dKIC1QLzjxWdj46TMEi1rTXuSpE3IduuqH4C6ot37uxNe5xejIYXQ7NtvkN-Qls_-D-3kyo450jbVy49AjrWqZSlkUIvxfbNKEWpcS8txO4xAe7rouXPCc_ur6c=w960-h240-k-no,4.1,Not Available,Software company,"Rue El Mahrajene, Tunis 1082","Monday, 8:30 AM to 5:30 PM,Thursday, 8:30 AM to 5:30 PM,Friday, 8:30 AM to 5:30 PM,Saturday, Closed,Sunday, Closed",Not Available,https://www.oodrive.com/fr/,71 781 187,"https://lh3.googleusercontent.com/gps-cs-s/AHRPTWmM12xmkazM-dKIC1QLzjxWdj46TMEi1rTXuSpE3IduuqH4C6ot37uxNe5xejIYXQ7NtvkN-Qls_-D-3kyo450jbVy49AjrWqZSlkUIvxfbNKEWpcS8txO4xAe7rouXPCc_ur6c=w32-h32-p-k-no,https://lh3.googleusercontent.com/gps-cs-s/AHRPTWmM12xmkazM-dKIC1QLzjxWdj46TMEi1rTXuSpE3IduuqH4C6ot37uxNe5xejIYXQ7NtvkN-Qls_-D-3kyo450jbVy49AjrWqZSlkUIvxfbNKEWpcS8txO4xAe7rouXPCc_ur6c=w960-h240-k-no,https://lh3.googleusercontent.com/gps-cs-s/AHRPTWmM12xmkazM-dKIC1QLzjxWdj46TMEi1rTXuSpE3IduuqH4C6ot37uxNe5xejIYXQ7NtvkN-Qls_-D-3kyo450jbVy49AjrWqZSlkUIvxfbNKEWpcS8txO4xAe7rouXPCc_ur6c=w1192-h298-k-no,https://lh3.googleusercontent.com/gps-cs-s/AHRPTWmJhqaAsY9XWr06HrWoyouLl1meX2_QoihsqzTqCkZXusY60-NO6kxsXTfFYBAQGRMuxqCrf7bTM1H2DiSnQkvSSsmK0FPIiqXJIpBDTc1evuTuAlJPGpte5V9sahB1FqSknd23=w266-h298-k-no,https://lh3.googleusercontent.com/a/ACg8ocLHc6NEfDP5oCnDtJ4QicVB9BVN5GO8O0jSpgFd7RG-J9dcxYzc=w36-h36-p-rp-mo-ba12-br100,https://lh3.googleusercontent.com/a/ACg8ocI_TEO5tCgsEheLsPUgBkIUqNQ2yBYSxwR6mIJ-QM9h8fGO=w36-h36-p-rp-mo-br100,https://lh3.googleusercontent.com/a/ACg8ocKwrmI4YBlSEHiKkCeLfrmEcC42h_I_urNXYujYsC641NmT3A=w36-h36-p-rp-mo-br100",36.8321748,10.177528,Not Available,Not Available,https://twitter.com/oodriveofficiel?lang=fr,Not Available,https://www.youtube.com/channel/UCE_BSEiHmDgKvCV0YvU0oPQ,https://www.linkedin.com/company/oodrive/?originalSubdomain=fr,"Accessibility,,Assistive hearing loop,,Wheelchair-accessible car park,,Wheelchair-accessible entrance,,Wheelchair-accessible seating,,Wheelchair-accessible toilet,    Parking,,Free of charge street parking,,Free parking lot"
Swiver,https://www.google.com/maps/place/Swiver/data=!4m7!3m6!1s0x12fd35efb88d17d7:0xaada2b66f643d4d0!8m2!3d36.8477616!4d10.1958769!16s%2Fg%2F11h79tpvt1!19sChIJ1xeNuO81_RIR0NRD9mYr2qo?authuser=0&hl=en&rclk=1,https://lh3.googleusercontent.com/gps-cs-s/AHRPTWkbPSJtQOVIsOZSj8Yx0kjmkXpwx_vtfkpiw2PyYgjUXWBdVXcQ8IwqbIOogK_VH06SuRGe-qzeFvXCMctrK5lbqro4JYUwpV7BO-xAo4hXLzvmH6Lgf-A50QXQhj936dwMoJ0P=w426-h240-k-no,4.7,Not Available,Software company,"bureau 1-4 - 1 ère étage Immeuble, New Tower, Tunis 1082","Monday, 8 AM to 3 PM,Thursday, 8 AM to 3:30 PM,Friday, 8 AM to 3 PM,Saturday, Closed,Sunday, Closed",Not Available,https://swiver.io/,36 018 000,"https://lh3.googleusercontent.com/gps-cs-s/AHRPTWkbPSJtQOVIsOZSj8Yx0kjmkXpwx_vtfkpiw2PyYgjUXWBdVXcQ8IwqbIOogK_VH06SuRGe-qzeFvXCMctrK5lbqro4JYUwpV7BO-xAo4hXLzvmH6Lgf-A50QXQhj936dwMoJ0P=w32-h32-p-k-no,https://lh3.googleusercontent.com/gps-cs-s/AHRPTWkbPSJtQOVIsOZSj8Yx0kjmkXpwx_vtfkpiw2PyYgjUXWBdVXcQ8IwqbIOogK_VH06SuRGe-qzeFvXCMctrK5lbqro4JYUwpV7BO-xAo4hXLzvmH6Lgf-A50QXQhj936dwMoJ0P=w426-h240-k-no,https://lh3.googleusercontent.com/gps-cs-s/AHRPTWkbPSJtQOVIsOZSj8Yx0kjmkXpwx_vtfkpiw2PyYgjUXWBdVXcQ8IwqbIOogK_VH06SuRGe-qzeFvXCMctrK5lbqro4JYUwpV7BO-xAo4hXLzvmH6Lgf-A50QXQhj936dwMoJ0P=w529-h298-k-no,https://lh3.googleusercontent.com/gps-cs-s/AHRPTWnbryYIt9eYGQUuTnzjaq129J88KMPqBZ5rnnFQutFw0A4cfGbghDlKTl8bEwrLcQRGCXbH2y89kcN8UILV1vUHX6uJSYnlgfUzpzt1jB10tuiiHRhq_Qj_muieY6DiZEMF-rNUyQ=w529-h298-k-no,https://lh3.googleusercontent.com/gps-cs-s/AHRPTWnq7FGbX9-GKwfDD0xhTbEpdPP5sO02lfOXKLEqepTYjvoGJYLV5uwwjWgeRHbR7r368HYPPYQG6IlNDfZmlOnvuzW1jrVlthH4Cmp-1G7DVJ66Bb6sFORudLrd2FFJKyltI1m24A=w529-h298-k-no,https://lh3.googleusercontent.com/gps-cs-s/AHRPTWkUvLZAeRpVno5lOmz9olqJH0cfF6aCO_PL0mszCj8AvXiaWE-kpJkmatzWRfImQg5ie0ZtVNPhfAz5_OxE3BXB845kennqwYPUUI7VTpbHMeHhDa3VZwjIdLAmMxzwcr7CQW2Y=w447-h298-k-no,https://streetviewpixels-pa.googleapis.com/v1/thumbnail?panoid=uUrNKe9wyNvDz45hQm0E7g&cb_client=maps_sv.tactile.gps&w=224&h=298&yaw=111.37862&pitch=0&thumbfov=100,https://lh3.googleusercontent.com/a-/ALV-UjXEeNKjpzhJMGR3EUJnV0_NfTa7hN3_ION-jJ89Zaxdcvp_tsNVAA=w36-h36-p-rp-mo-ba12-br100,https://lh3.googleusercontent.com/a-/ALV-UjX6_xbNKU7uyApE95s3VmGG_OgTBSWrPRey0RPN-ked5ZMXQ8Ynqw=w36-h36-p-rp-mo-br100,https://lh3.googleusercontent.com/a/ACg8ocKaK7aRO0B_woGao9G5D1CBfuIaWd_rELWpIL-6KkftIXEczg=w36-h36-p-rp-mo-br100,https://lh3.googleusercontent.com/gps-cs-s/AHRPTWmPtjYZSuuEF1FfrXhLAe_08FqaeUW8E3k3PW7NHT5HbDg5tDjHR1_FSDPw9T8Rv9igI62nRHy1NFWA3JUG_cYK0LUisrUle5a2N2xz2JTjn-Vx7aLpOyloS9ccq6zowC244pTUwGK1IqSV=w156-h114-p-k-no",36.8477616,10.1958769,info@swiver.io,//facebook.com/swiver.io,Not Available,//instagram.com/swiver.io,https://www.youtube.com/@swiver4400,https://www.linkedin.com/in/expert-seo-tunisie/,"Accessibility,,Wheelchair-accessible car park,,Wheelchair-accessible entrance,,Wheelchair-accessible seating,,Wheelchair-accessible toilet,    From the business,,Identifies as women-owned"
Prodware Tunisia,https://www.google.com/maps/place/Prodware+Tunisia/data=!4m7!3m6!1s0x12fd348efb78fab1:0x5156afc28691f2be!8m2!3d36.824395!4d10.1846616!16s%2Fg%2F11b6gqvx65!19sChIJsfp4-440_RIRvvKRhsKvVlE?authuser=0&hl=en&rclk=1,https://streetviewpixels-pa.googleapis.com/v1/thumbnail?panoid=jhWFnyVl4-YH-UZfF4LNHg&cb_client=search.gws-prod.gps&w=408&h=240&yaw=241.83846&pitch=0&thumbfov=100,5.0,Not Available,Software company,"2ème étage، 44 Rue Ibn Charaf, Tunis 1002","Monday, 8:30 AM to 6 PM,Thursday, 8:30 AM to 6 PM,Friday, 8:30 AM to 6 PM,Saturday, Closed,Sunday, Closed",Not Available,https://sinopesoft.com/,70 297 062,"https://streetviewpixels-pa.googleapis.com/v1/thumbnail?panoid=jhWFnyVl4-YH-UZfF4LNHg&cb_client=search.gws-prod.gps&w=86&h=86&yaw=241.83846&pitch=0&thumbfov=100,https://streetviewpixels-pa.googleapis.com/v1/thumbnail?panoid=jhWFnyVl4-YH-UZfF4LNHg&cb_client=search.gws-prod.gps&w=408&h=240&yaw=241.83846&pitch=0&thumbfov=100,https://streetviewpixels-pa.googleapis.com/v1/thumbnail?panoid=jhWFnyVl4-YH-UZfF4LNHg&cb_client=maps_sv.tactile.gps&w=224&h=298&yaw=241.83846&pitch=0&thumbfov=100,https://lh3.googleusercontent.com/a-/ALV-UjXRH3LyBJrCByEeBKrlmXpul5TML0crHlNKfILTLiAQDayTw5lE=w36-h36-p-rp-mo-br100,https://lh3.googleusercontent.com/gps-cs-s/AHRPTWmuMr0X-OfbxD0BWAbr7ABpELO_S5beoI56YoTnXcgMollMHGzrZ3mKFMWQVP9bSGObCOTbx5xqoEMWzBGrKqSPx6u4bjIMSh1lJ9XX7mK5QeG4XR5G78FG6SbVuYM8KwvNm3uRfg=w156-h114-p-k-no",36.824395,10.1846616,Not Available,Not Available,Not Available,Not Available,Not Available,Not Available,Not Available
STEPS,https://www.google.com/maps/place/STEPS/data=!4m7!3m6!1s0x12fd4ab16f91054b:0x721bd0c126b87ddb!8m2!3d36.8313958!4d10.3083047!16s%2Fg%2F11dzdsqpsy!19sChIJSwWRb7FK_RIR2324JsHQG3I?authuser=0&hl=en&rclk=1,https://lh3.googleusercontent.com/gps-cs-s/AHRPTWnr1aTjXvvITOsaSRhmniDRRWArxfg6jYV52jFmhP1_DxxNsYelvquRDK9lrpZcaWzL4WMvYGenGipPA-zv7nRvNfOr9gRAiNcFrY2_wy41qan8pvKohp5T3lE38nC2DnO-8aERJw=w792-h240-k-no,4.9,Not Available,Software company,"Résidence NET GLASS , Z.I kheireddine, 2015","Monday, 8 AM to 5 PM,Thursday, 8 AM to 5 PM,Friday, 8 AM to 5 PM,Saturday, Closed,Sunday, Closed",Not Available,https://www.steps.tn/,31 318 701,"https://lh3.googleusercontent.com/gps-cs-s/AHRPTWnr1aTjXvvITOsaSRhmniDRRWArxfg6jYV52jFmhP1_DxxNsYelvquRDK9lrpZcaWzL4WMvYGenGipPA-zv7nRvNfOr9gRAiNcFrY2_wy41qan8pvKohp5T3lE38nC2DnO-8aERJw=w32-h32-p-k-no,https://lh3.googleusercontent.com/gps-cs-s/AHRPTWnr1aTjXvvITOsaSRhmniDRRWArxfg6jYV52jFmhP1_DxxNsYelvquRDK9lrpZcaWzL4WMvYGenGipPA-zv7nRvNfOr9gRAiNcFrY2_wy41qan8pvKohp5T3lE38nC2DnO-8aERJw=w792-h240-k-no,https://lh3.googleusercontent.com/gps-cs-s/AHRPTWnr1aTjXvvITOsaSRhmniDRRWArxfg6jYV52jFmhP1_DxxNsYelvquRDK9lrpZcaWzL4WMvYGenGipPA-zv7nRvNfOr9gRAiNcFrY2_wy41qan8pvKohp5T3lE38nC2DnO-8aERJw=w983-h298-k-no,https://lh3.googleusercontent.com/a-/ALV-UjWOfj_PiuuZajEdQE3wXVr7qdHUXMMhHj4cuf4W-S-TnSJWxRqB=w36-h36-p-rp-mo-br100,https://lh3.googleusercontent.com/a/ACg8ocJ7T3I9Yemb6CBH5sm01kE26xRwj_7tacHE5ZMymZsx9jIhWdVs=w36-h36-p-rp-mo-ba12-br100,https://lh3.googleusercontent.com/a-/ALV-UjWq8Mh7lIatieCkt42NmREILz0Azi3VAv1bESxzET2KxytKakSO=w36-h36-p-rp-mo-br100,https://lh3.googleusercontent.com/gps-cs-s/AHRPTWkTFsxzcx-2GiZDRuS9KfgMwZDE8fdxWT40cixc62DRhxMRut-J0l-8-R5-EjV-4WXiCUEIS8P63QE92nD_V_6JDq6tuu-Je3VvCSxwOGquMjWTS6VaL1GQ0ECieOXOaFGrk0f68w=w156-h114-p-k-no,https://lh3.googleusercontent.com/gps-cs-s/AHRPTWlcK27a5V6B7EQvw3K90eDH_5esMAM2KBIOE_ItN8AdNa6Oy-GWhMx3YNgaA9L85ZyhhnxMYOVqrX9W6DItwn_Xgz97lDW5KjPHki0wL-S0lt2HHHVcWiaU8c5-ztusmYuC_kXWjQ=w156-h114-p-k-no,https://lh3.googleusercontent.com/gps-cs-s/AHRPTWlkDC98Zte9hNjg1N_FW40lwDEYwHOk7QCb0vkZlbmm6esxTVUwwvNe03f2u0WPjtBpqZzs0Cok6WXUIkrK5x3wuT1FUNEOnHyYcgloF7SYyPiXtglkxVQ9GShxQQs0KCgpfjR4=w156-h114-p-k-no,https://lh3.googleusercontent.com/gps-cs-s/AHRPTWnI2zk1lzyhO3fkGdfFUPxagnIcBqrvCPuT8iVhgd5mS2Eaq1VnEPEtSlwL_7zczzOsAgLn_DF8EDmqLlIzdyhnfjwxUAsayiB8zQBwL0nBE8Q9bndl2gdOYfDuKNZKvXTMUXi-9A=w156-h114-p-k-no",36.8313958,10.3083047,contact@steps.tn,https://www.facebook.com/Steps.tn/,http://twitter.com/intent/tweet?text=You Need to Think Twice about Data Strategy! https://steps.tn/you-need-to-think-twice-about-data-strategy/,https://www.instagram.com/stepstn/,Not Available,https://www.linkedin.com/company/stepstn/,Not Available
VERMEG Tunisia,https://www.google.com/maps/place/VERMEG+Tunisia/data=!4m7!3m6!1s0x12fd351432affb6b:0xa2369429e6a98662!8m2!3d36.8313079!4d10.2327599!16s%2Fg%2F1tk407c8!19sChIJa_uvMhQ1_RIRYoap5imUNqI?authuser=0&hl=en&rclk=1,https://lh3.googleusercontent.com/gps-cs-s/AHRPTWnIs34OU3N4Pnxj0uHAXGEFBFbM6Z3REqYiw_b-doamu_JmA0wYbEGDNEh4kUZ4s383KVXURI_HuzmOD6Cj4Cm505jh7LB7ORzzpPN3DMIbqGqFVg1IM_zGGUqYQ5dwoaQ0bwYGRQ=w408-h271-k-no,3.9,Not Available,Software company,"Rue du Lac Biwa, Tunis 1053","Monday, 8:30 AM to 6 PM,Thursday, 8:30 AM to 6 PM,Friday, 8:30 AM to 6 PM,Saturday, Closed,Sunday, Closed",Not Available,http://www.vermeg.com/,71 160 600,"https://lh3.googleusercontent.com/gps-cs-s/AHRPTWnIs34OU3N4Pnxj0uHAXGEFBFbM6Z3REqYiw_b-doamu_JmA0wYbEGDNEh4kUZ4s383KVXURI_HuzmOD6Cj4Cm505jh7LB7ORzzpPN3DMIbqGqFVg1IM_zGGUqYQ5dwoaQ0bwYGRQ=w32-h32-p-k-no,https://lh3.googleusercontent.com/gps-cs-s/AHRPTWnIs34OU3N4Pnxj0uHAXGEFBFbM6Z3REqYiw_b-doamu_JmA0wYbEGDNEh4kUZ4s383KVXURI_HuzmOD6Cj4Cm505jh7LB7ORzzpPN3DMIbqGqFVg1IM_zGGUqYQ5dwoaQ0bwYGRQ=w408-h271-k-no,https://lh3.googleusercontent.com/gps-cs-s/AHRPTWnIs34OU3N4Pnxj0uHAXGEFBFbM6Z3REqYiw_b-doamu_JmA0wYbEGDNEh4kUZ4s383KVXURI_HuzmOD6Cj4Cm505jh7LB7ORzzpPN3DMIbqGqFVg1IM_zGGUqYQ5dwoaQ0bwYGRQ=w447-h298-k-no,https://lh3.googleusercontent.com/gps-cs-s/AHRPTWkWqO01nzBQFwTSFE0SlzCC17ZO3BzGtPJz4az9pO679VVZF2U_JlTMrryEKUQLXcJeLyAkC8IWh12sx36092OHufVS-1-lsJmkmFFO2jq8ZSfq88aC8wB1pEZARjOGQR8ZbCyp=w224-h398-k-no,https://lh3.googleusercontent.com/a/ACg8ocLc16xYAb1ZuNssMvDmd7YyfIwAFYeLUGPMhVzeKsJ81Re2Uw=w36-h36-p-rp-mo-br100,https://lh3.googleusercontent.com/a-/ALV-UjWqdgETP0hIpHN4WpbKlaq6nKWRFK0VLqTEp0mVG5ujepTPuEz4=w36-h36-p-rp-mo-ba12-br100,https://lh3.googleusercontent.com/a-/ALV-UjU1GH0PBxeaQVni8TCOQ5n8uAMx6aK072UF0XeV2HVjPofdVws_RA=w36-h36-p-rp-mo-ba12-br100,https://lh3.googleusercontent.com/gps-cs-s/AHRPTWlR7d5N0zHNPOuOq5fYbRoxqokR_X2s8vXqZdkYdJvij0JJxt1dTOtG89XAHD3s-NGXV8QbU9s19kXHd8CEnADd5MGuY0VpcdVxS2qxgGzzw-Zdvd4CtCFmicMOYiA7FDPQtixd=w156-h114-p-k-no,https://lh3.googleusercontent.com/gps-cs-s/AHRPTWn95gMjt_XpCOyVodQm6vOc229YjyPPM_PzFYejNl1Ufi6kjtczf6Qi4uHqs_ktEIQhnuQzu6VxCdMCdZxvE5jTqCPRbGgpqhj5C2cxm--nIQYt_TBKt3RBLtqJhxDVWoIa9jQ=w156-h114-p-k-no,https://lh3.googleusercontent.com/gps-cs-s/AHRPTWnadJ7iXetOBS5cl6YZd0X_k1ksV89Bwl8YUs7KvcjSjjCT5hcn4x_csHRpb4MDPb5TsHNQI1VJjgbP5C6JYvNrlgH9K9IDhgPlpK532EktyIIOOWPV7p-JUr0_GBdjuDIh49-GrA=w156-h114-p-k-no,https://lh3.googleusercontent.com/gps-cs-s/AHRPTWkp7mWb9Uw5ho7aeVltNoxVvL0c9-IhuLGt4UdsXUuridrunIuKaqDQTc_ogjYMfGR0NTb6nyXAOs6zbwy6HldsDSH8EdMrSquincVSI7eFLJwTDJhBZaHGycKRUxqSiAZPkhc=w156-h114-p-k-no",36.8313079,10.2327599,communication@vermeg.com,https://www.facebook.com/Vermeg/,Not Available,Not Available,https://www.youtube.com/@vermeg5665,https://www.linkedin.com/company/vermeg,"Accessibility,,Wheelchair-accessible entrance"
CYBERESA,https://www.google.com/maps/place/CYBERESA/data=!4m7!3m6!1s0x12e2cb3448fbffff:0xffcf789998c7310c!8m2!3d36.8485801!4d10.2008475!16s%2Fg%2F1ygvsvbb9!19sChIJ___7SDTL4hIRDDHHmJl4z_8?authuser=0&hl=en&rclk=1,https://lh3.googleusercontent.com/gps-cs-s/AHRPTWlCr8rsS7PYVEPuBV89hvAWliesDBJkUld_bj-VssmX13kgqXH5UvwPPlQJuzQYXsMMtVNg04V1NNJ5hnYCYjak_0HKiKm3bHTmFnvGd2u-ydLnHqJpj7gtNSKiowBCWM3CPzAmYA=w408-h262-k-no,4.7,Not Available,Software company,"Golden Tower, Centre Urbain Nord, Bloc B, 7ème Etage , Appt7-8, Tunis 1082","Monday, 8:30 AM to 5:30 PM,Thursday, 8:30 AM to 5:30 PM,Friday, 8:30 AM to 5:30 PM,Saturday, 8:30 AM to 12:30 PM,Sunday, Closed",Not Available,http://www.cyberesa.net/,71 947 401,"https://lh3.googleusercontent.com/gps-cs-s/AHRPTWlCr8rsS7PYVEPuBV89hvAWliesDBJkUld_bj-VssmX13kgqXH5UvwPPlQJuzQYXsMMtVNg04V1NNJ5hnYCYjak_0HKiKm3bHTmFnvGd2u-ydLnHqJpj7gtNSKiowBCWM3CPzAmYA=w32-h32-p-k-no,https://lh3.googleusercontent.com/gps-cs-s/AHRPTWlCr8rsS7PYVEPuBV89hvAWliesDBJkUld_bj-VssmX13kgqXH5UvwPPlQJuzQYXsMMtVNg04V1NNJ5hnYCYjak_0HKiKm3bHTmFnvGd2u-ydLnHqJpj7gtNSKiowBCWM3CPzAmYA=w408-h262-k-no,https://lh3.googleusercontent.com/gps-cs-s/AHRPTWlCr8rsS7PYVEPuBV89hvAWliesDBJkUld_bj-VssmX13kgqXH5UvwPPlQJuzQYXsMMtVNg04V1NNJ5hnYCYjak_0HKiKm3bHTmFnvGd2u-ydLnHqJpj7gtNSKiowBCWM3CPzAmYA=w462-h298-k-no,https://lh3.googleusercontent.com/gps-cs-s/AHRPTWmMwRrpZyTQ4GzNHbuFsBa97BrKYSvXwUPYAKlcuItuu04QfGBV7ryIbb8qIshSsBrStpGi2QNmC8Bh9lexbCUaw-AhP8eCEGSc13fbApSBix3qyrcz8oqEDExA354ycTGOMUp1Wg=w298-h298-k-no,https://lh3.googleusercontent.com/a-/ALV-UjWAmvokvEkK3T-ZL_rfVZwTlwNnYADHE86-n58f_znr5xiWzzsxbA=w36-h36-p-rp-mo-ba12-br100,https://lh3.googleusercontent.com/a-/ALV-UjU43i8AD02kDNith0GieVFOYfkiZ0f9BdCJk8fS0uCBNDO_xb_8=w36-h36-p-rp-mo-br100,https://lh3.googleusercontent.com/a-/ALV-UjV-r4JbxeIJBisEOzGqfult8DMQSz-fgSemHwOAoKz33Q91qR80=w36-h36-p-rp-mo-br100,https://lh3.googleusercontent.com/gps-cs-s/AHRPTWnjw54-u2QlwghPGEuMr3pIWwJMucunIFdimUjS7EPoQEXnUXg8-V9YlbyWJpLun2hWz3mP1HnmqFy0_trMzYAlKGyhmh4iwYkCOk43Mq8Imf8GKoAuquSp5h8kftaUFVBz9kRbGw=w156-h114-p-k-no,https://lh3.googleusercontent.com/gps-cs-s/AHRPTWlYb6sBrlYmcAuhjyK9EgyfN7jSMaJMgcHeMCFRR4hW6FNdn6pog0m4B93FhaPD8h6tSivdufrrQlyGufi70bPtD1qBYZQt6wx8bUXYYZDcXJekvjxUACzGiLBU_nyDdYQLvkZlCw=w156-h114-p-k-no,https://lh3.googleusercontent.com/gps-cs-s/AHRPTWnsnTuDtDhWD5AJUpoAvsKrmxJ-kn2oeh_DEQ2Ic9yckH1QX4bU1dtPY4HZK97jYtqoqVEO4MAf12Ft1hgagOfA_KN2GuI1qMQLqem-XCP7Y1ifFFOWTsT3rywiSG44JuLNA6CoFQ=w156-h114-p-k-no",36.8485801,10.2008475,info@cyberesa.net,https://www.facebook.com/cyberesa.sarl/,Not Available,Not Available,Not Available,https://www.linkedin.com/company/cyberesa/,Not Available
Think Tank Business Solutions,https://www.google.com/maps/place/Think+Tank+Business+Solutions/data=!4m7!3m6!1s0x12fd34920e71b483:0x985d415d13001903!8m2!3d36.8274272!4d10.1884337!16s%2Fg%2F11g87htzp4!19sChIJg7RxDpI0_RIRAxkAE11BXZg?authuser=0&hl=en&rclk=1,https://lh3.googleusercontent.com/gps-cs-s/AHRPTWl5_d4khfvL-Fdj7_k7chkXfpC47iRvwR0CdQJA9rPHkSLE-Fso01ug6u9qF5P9pvGK-G8Ksl1TQfMqN_W-k9Xape4ocFy6ZADKVOikLlApPx9bvrKuBklugJOjD4gJQbQypbzd=w408-h306-k-no,4.3,Not Available,Software company,"Angle Rue Najachi, Rue Ibn Charaf, Tunis 1002","Monday, 8 AM to 6 PM,Thursday, 8 AM to 6 PM,Friday, 8 AM to 6 PM,Saturday, Closed,Sunday, Closed",Not Available,http://www.thinktank.de/,71 784 726,"https://lh3.googleusercontent.com/gps-cs-s/AHRPTWl5_d4khfvL-Fdj7_k7chkXfpC47iRvwR0CdQJA9rPHkSLE-Fso01ug6u9qF5P9pvGK-G8Ksl1TQfMqN_W-k9Xape4ocFy6ZADKVOikLlApPx9bvrKuBklugJOjD4gJQbQypbzd=w32-h32-p-k-no,https://lh3.googleusercontent.com/gps-cs-s/AHRPTWl5_d4khfvL-Fdj7_k7chkXfpC47iRvwR0CdQJA9rPHkSLE-Fso01ug6u9qF5P9pvGK-G8Ksl1TQfMqN_W-k9Xape4ocFy6ZADKVOikLlApPx9bvrKuBklugJOjD4gJQbQypbzd=w408-h306-k-no,https://lh3.googleusercontent.com/gps-cs-s/AHRPTWmPXx_YNFfWaeO14qNIRFpKTcfNduuZBckBp2Cq5OygGjjCZ8cweFuAMUtvVoPI1snCsHFInkGjWIJTPWotf1E1Gg6pG6Z8cC1owL2EJ3oso2lIiZULJ11Vrohsm1QNzeiVisqXZg=w360-h244-k-no,https://lh3.googleusercontent.com/a-/ALV-UjWufXYFpZ5uwCtt7FyW-WFX_YzCVZv8kVZavz30vqcVliYlzJWt=w36-h36-p-rp-mo-br100,https://lh3.googleusercontent.com/a/ACg8ocKEiBmd2ob0-BrAvd4eeRGvv0C51kEhTzNkd0fYO7Fdi5dgqno=w36-h36-p-rp-mo-br100,https://lh3.googleusercontent.com/a-/ALV-UjV3hpggnDy2fpVcBRGg7EMnF9LF5mdg-w-exvWreVzMrLfKMsI=w36-h36-p-rp-mo-br100,https://lh3.googleusercontent.com/gps-cs-s/AHRPTWnXCpIOFgBcyi71yye6waHi5s0ViznuxbC4yC0o3U1WBPXlyHbEicEi9RHlJdbcFd8Ag7vBXZUH3tr0qnNXznq_vLr8tshxFprzLp5m9AOinAwfoyhIU-eHv6XiCeedsvB6VB9K=w156-h114-p-k-no,https://lh3.googleusercontent.com/gps-cs-s/AHRPTWmYScIYw6AyP1n_oq859MgzcP-Otm04XBTDYtJ_Jwk3vrbrOxv0zZZKJaZaGNyirmbJoOyeNA5SsYDl1KMPbtKbNr8yaFMB6jhdCytBJksy8XQhkB2kABFuJuuhjACXHWn_X20T=w156-h114-p-k-no,https://lh3.googleusercontent.com/gps-cs-s/AHRPTWlIcMDhtuMPfgqZmY_8qH75qkyEkfdsHWKXEx9rci_PPmITGYKBsVfwL0r2b0wOtmLQ91l04BYrMwIji4W9v3BQlZJpiCNsDbRTE4z6ZWK6iQuKqjJl2IBDu2coMQ2tK8DHCos=w156-h114-p-k-no",36.8274272,10.1884337,info@thinktank.de,Not Available,Not Available,Not Available,Not Available,https://www.linkedin.com/company/think-tank-business-solutions/,Not Available
Sopra HR Software Tunisie,https://www.google.com/maps/place/Sopra+HR+Software+Tunisie/data=!4m7!3m6!1s0x12fd3516627a27b7:0x236d712d6df1999b!8m2!3d36.8493497!4d10.2753231!16s%2Fg%2F1hc2c3pt7!19sChIJtyd6YhY1_RIRm5nxbS1xbSM?authuser=0&hl=en&rclk=1,https://lh3.googleusercontent.com/gps-cs-s/AHRPTWlH_YZjUEUGE17uo8utZYRRTQaKfq-8_Q7kgStMhqpkkqEgfOhN-o0YJ0K79uMwMX9C6qGv6xeKEIn2Xz4S3qvvfY2hH8fNXFGTc2LkvS87ViUcXNvRRmT5QNpAUPOP_MCcAHFo=w408-h504-k-no,4.0,Not Available,Software company,"Immeuble Les Pins, Bloc B, Cite Les Pins, Lotissement Zone VI Lac II 1053, Tunis 1053","Monday, 8 AM to 6 PM,Thursday, 8 AM to 6 PM,Friday, 8 AM to 6 PM,Saturday, Closed,Sunday, Closed",Not Available,http://soprahr.com/,71 167 300,"https://lh3.googleusercontent.com/gps-cs-s/AHRPTWlH_YZjUEUGE17uo8utZYRRTQaKfq-8_Q7kgStMhqpkkqEgfOhN-o0YJ0K79uMwMX9C6qGv6xeKEIn2Xz4S3qvvfY2hH8fNXFGTc2LkvS87ViUcXNvRRmT5QNpAUPOP_MCcAHFo=w32-h32-p-k-no,https://lh3.googleusercontent.com/gps-cs-s/AHRPTWlH_YZjUEUGE17uo8utZYRRTQaKfq-8_Q7kgStMhqpkkqEgfOhN-o0YJ0K79uMwMX9C6qGv6xeKEIn2Xz4S3qvvfY2hH8fNXFGTc2LkvS87ViUcXNvRRmT5QNpAUPOP_MCcAHFo=w408-h504-k-no,https://lh3.googleusercontent.com/gps-cs-s/AHRPTWlH_YZjUEUGE17uo8utZYRRTQaKfq-8_Q7kgStMhqpkkqEgfOhN-o0YJ0K79uMwMX9C6qGv6xeKEIn2Xz4S3qvvfY2hH8fNXFGTc2LkvS87ViUcXNvRRmT5QNpAUPOP_MCcAHFo=w241-h298-k-no,https://lh3.googleusercontent.com/gps-cs-s/AHRPTWlVA9XNgmyBJZRIxp0HgX5uJOiW26KEHF-gBRC8E255J2eeWOGUdse7pY2rlgvGXUqXSkzvvgNFP7mP7Rb9fxvqJcymn-ubulPEvei9zOrW3R4WWm_0XGm2F11N1weIwTkC78Chog=w224-h398-k-no,https://lh3.googleusercontent.com/a-/ALV-UjWP0ZydmNl1USP0urPxWQKCR2wIboK1X3NFYh0I5I29lTrllNA=w36-h36-p-rp-mo-ba12-br100,https://lh3.googleusercontent.com/a-/ALV-UjU4lSqkZ1cwtnSrUeiN6TWcy5SrAfo1t8OHDVs5e6JZrxKLgWDK=w36-h36-p-rp-mo-br100,https://lh3.googleusercontent.com/a-/ALV-UjXRrUqRqoqbqWtWQObtjzqSPg3_zqCVtXfzsJl7bA0AOVbu1qWR=w36-h36-p-rp-mo-br100,https://lh3.googleusercontent.com/gps-cs-s/AHRPTWlN1l2DcRqPzsAbXVg743n7FtERMIZeHNf7PsRD6XWIgruV2Km14Usa8-Al-uPtln8gwBT7YJimpsENbIv9BD9AZEntRbfkKodNxLfN3v8jUP1hFI_zoLkbU2s0THXoCSeYJxiAbw=w156-h114-p-k-no,https://lh3.googleusercontent.com/gps-cs-s/AHRPTWnadJ7iXetOBS5cl6YZd0X_k1ksV89Bwl8YUs7KvcjSjjCT5hcn4x_csHRpb4MDPb5TsHNQI1VJjgbP5C6JYvNrlgH9K9IDhgPlpK532EktyIIOOWPV7p-JUr0_GBdjuDIh49-GrA=w156-h114-p-k-no,https://lh3.googleusercontent.com/gps-cs-s/AHRPTWkb5NuOZ3_4Kxu1hlsh1kOYFj9EMAUM2O5OBcawymVMK8QFT8kOVa4fGzrNYaQ3VREdfzXlMX1SbC5067G0GsMl5XxsA7TRQpOmGpO0r3N84tn6qoDtFJHQ10CoRDBfNqd7v4Q=w156-h114-p-k-no,https://lh3.googleusercontent.com/gps-cs-s/AHRPTWld-CDJLcZ9H_qPL8sL92tYx9Xk-agJKzAnV4Rc9G3zKXtLQcZrD-Mea-ATTI6o-bYjnUGrVi88_03awLm9SkxkwP3CsgQQC6KIxTSsBBbaQO4Z7vuXnmsmQswzHUhwWT9nqtuLXg=w156-h114-p-k-no",36.8493497,10.2753231,Not Available,Not Available,Not Available,Not Available,Not Available,Not Available,"Accessibility,,Wheelchair-accessible car park,,Wheelchair-accessible entrance"
littlewolf.tech Tunisia,https://www.google.com/maps/place/littlewolf.tech+Tunisia/data=!4m7!3m6!1s0x12fd34722f373653:0xd057ebbca2a5e355!8m2!3d36.8008938!4d10.1793219!16s%2Fg%2F11g92n7lrx!19sChIJUzY3L3I0_RIRVeOlorzrV9A?authuser=0&hl=en&rclk=1,https://lh3.googleusercontent.com/gps-cs-s/AHRPTWml6HAk1XavTMR-xU1_zq0hKIOmKiQrOKaRJA1tUeC0coh8lzwN7dDeV6SXeh9UULKCa8WAoeAWvz5L-VjFzdfeSiHpTdjWFVSF6Ji8QzdGtnwbcBXJNB1HMfrphy39Gz45P1SfnQ=w408-h306-k-no,Not Available,Not Available,Software company,"64 Rue Mokhtar Attia, Tunis 1000","Monday, 9 AM to 6 PM,Thursday, 9 AM to 6 PM,Friday, 9 AM to 6 PM,Saturday, Closed,Sunday, Closed",Not Available,https://littlewolf.tech/,98 321 825,"https://lh3.googleusercontent.com/gps-cs-s/AHRPTWml6HAk1XavTMR-xU1_zq0hKIOmKiQrOKaRJA1tUeC0coh8lzwN7dDeV6SXeh9UULKCa8WAoeAWvz5L-VjFzdfeSiHpTdjWFVSF6Ji8QzdGtnwbcBXJNB1HMfrphy39Gz45P1SfnQ=w32-h32-p-k-no,https://lh3.googleusercontent.com/gps-cs-s/AHRPTWml6HAk1XavTMR-xU1_zq0hKIOmKiQrOKaRJA1tUeC0coh8lzwN7dDeV6SXeh9UULKCa8WAoeAWvz5L-VjFzdfeSiHpTdjWFVSF6Ji8QzdGtnwbcBXJNB1HMfrphy39Gz45P1SfnQ=w408-h306-k-no,https://lh3.googleusercontent.com/gps-cs-s/AHRPTWml6HAk1XavTMR-xU1_zq0hKIOmKiQrOKaRJA1tUeC0coh8lzwN7dDeV6SXeh9UULKCa8WAoeAWvz5L-VjFzdfeSiHpTdjWFVSF6Ji8QzdGtnwbcBXJNB1HMfrphy39Gz45P1SfnQ=w397-h298-k-no,https://lh3.googleusercontent.com/gps-cs-s/AHRPTWlwgCOCQj2xxyxLBY3se0_mE5Jr2VXO7XmoEQAx8Z3jSCEeWRnmoCtasOFyN9wtZRn0SKTJMxD0EH6PIxyGghdNtpoChO734HwIpObp_K6f950M9puCk5eR3vsBQe5Yw4AU30_r=w224-h298-k-no,https://streetviewpixels-pa.googleapis.com/v1/thumbnail?panoid=WTt1W4onzWlqmntb4dbpDw&cb_client=maps_sv.tactile.gps&w=224&h=298&yaw=274.4981&pitch=0&thumbfov=100,https://lh3.googleusercontent.com/gps-cs-s/AHRPTWkSEfib0eoL46e4Qzf4YgTQeMlTxFAaagELP1GhY65jejOB8C1crXDixj250LPUVLJk4vPtwssLlDGpO6FaMsvtSi2nAywOb-ByaKEG5wMMpEfV_1zts0Md4LN4PvlxvV8ySiQZXDmlyRqD=w156-h114-p-k-no,https://lh3.googleusercontent.com/gps-cs-s/AHRPTWnQTPZhpHAxXkUgOHxYlIlsqiMn9-dfEdaZ-tlIAJK8gD3-NNpZbq_i90wDlmkFM0ZZmpn7gBeZI5zioxX22wNW-f_97D8i4rP2j6ZQETzJpUc2zfnRUu36lUBjPACsd-lpK2Y=w156-h114-p-k-no",36.8008938,10.1793219,info@littlewolf.tech,Not Available,Not Available,Not Available,Not Available,https://www.linkedin.com/company/littlewolf-tech,Not Available
Hannibal advanced solutions : Agence Web Tunisie,https://www.google.com/maps/place/Hannibal+advanced+solutions+:+Agence+Web+Tunisie/data=!4m7!3m6!1s0x12fd357c19ed1859:0x356ee846af24433b!8m2!3d36.8154575!4d10.1857342!16s%2Fg%2F11ymn9g9y6!19sChIJWRjtGXw1_RIRO0Mkr0bobjU?authuser=0&hl=en&rclk=1,https://streetviewpixels-pa.googleapis.com/v1/thumbnail?panoid=dch_gcqilJ5E6-3g3NgIGQ&cb_client=search.gws-prod.gps&w=408&h=240&yaw=235.54387&pitch=0&thumbfov=100,5.0,Not Available,Website designer,Tunis 1000,"Monday, 8:30 AM to 6 PM,Thursday, 8:30 AM to 6 PM,Friday, 8:30 AM to 6 PM,Saturday, Closed,Sunday, Closed",Not Available,http://hannibaladvanced.com/,29 316 499,"https://streetviewpixels-pa.googleapis.com/v1/thumbnail?panoid=dch_gcqilJ5E6-3g3NgIGQ&cb_client=search.gws-prod.gps&w=86&h=86&yaw=235.54387&pitch=0&thumbfov=100,https://streetviewpixels-pa.googleapis.com/v1/thumbnail?panoid=dch_gcqilJ5E6-3g3NgIGQ&cb_client=search.gws-prod.gps&w=408&h=240&yaw=235.54387&pitch=0&thumbfov=100,https://streetviewpixels-pa.googleapis.com/v1/thumbnail?panoid=dch_gcqilJ5E6-3g3NgIGQ&cb_client=maps_sv.tactile.gps&w=224&h=298&yaw=235.54387&pitch=0&thumbfov=100,https://lh3.googleusercontent.com/gps-cs-s/AHRPTWmDdTwtzRELVjlSTFiFqatqR6-qpyA__e06BiHgEM9mN_A9Kpz5OUpYrMg2dxpS2-6isNPy-fonEoldlLZKlVvvQ5-3_hayWOatw2c7s-uYrkdw-Yjuf-x0xiP_sO3FfYm-zamD_FkLKOX0=w397-h298-k-no,https://lh3.googleusercontent.com/a-/ALV-UjXuA3t82huTzPCwxou_wggt5VnxUIu5Xt-qUnTbcwEKzXbChgm7=w36-h36-p-rp-mo-br100,https://lh3.googleusercontent.com/a-/ALV-UjXe24InoJPuszXA5pLg53E1bOZe1-ZbWi21uF4XaTWbceDB6Vo=w36-h36-p-rp-mo-br100,https://lh3.googleusercontent.com/a-/ALV-UjW3GX1qkk714MY1mF5HD_S0W0S1VnSO3MOFG6S31_K9pqMZaBM=w36-h36-p-rp-mo-br100",36.8154575,10.1857342,contact@hannibaladvanced.com,https://www.facebook.com/profile.php?id=61571023165350,Not Available,https://www.instagram.com/hannibaladvanced,https://www.youtube.com/@hannibaladvanced,https://www.linkedin.com/in/hannibal-advanced-03476138a/,Not Available
DECADE Tunisie,https://www.google.com/maps/place/DECADE+Tunisie/data=!4m7!3m6!1s0x12fd34f34884a3a1:0x57c31930c6a5f264!8m2!3d36.8206372!4d10.1917976!16s%2Fg%2F11cmx68lnn!19sChIJoaOESPM0_RIRZPKlxjAZw1c?authuser=0&hl=en&rclk=1,https://lh3.googleusercontent.com/a/ACg8ocIhjijna1icdoEBo-6JXaH6owjZzgNp93hvMm1vM8Lsl75fmA=w36-h36-p-rp-mo-ba12-br100,5.0,Not Available,Software company,"R5CR+6PP, Tunis","Monday, 8 AM to 3 PM,Thursday, 8 AM to 3 PM,Friday, Closed,Saturday, Closed,Sunday, Closed",Not Available,Not Available,Not Available,"https://lh3.googleusercontent.com/a/ACg8ocIhjijna1icdoEBo-6JXaH6owjZzgNp93hvMm1vM8Lsl75fmA=w36-h36-p-rp-mo-ba12-br100,https://lh3.googleusercontent.com/a-/ALV-UjVHDy1uGB2uMPSQ6ON9tVIXdGxrQudnPU3JmZT9IgTxGPuBz-aD=w36-h36-p-rp-mo-ba12-br100,https://lh3.googleusercontent.com/a-/ALV-UjUEVpuY4pF0UdEG3EzKDC17BCYIYpoGwdAKvKITm3zf793Af_4=w36-h36-p-rp-mo-br100,https://lh3.googleusercontent.com/gps-cs-s/AHRPTWlkDC98Zte9hNjg1N_FW40lwDEYwHOk7QCb0vkZlbmm6esxTVUwwvNe03f2u0WPjtBpqZzs0Cok6WXUIkrK5x3wuT1FUNEOnHyYcgloF7SYyPiXtglkxVQ9GShxQQs0KCgpfjR4=w156-h114-p-k-no,https://lh3.googleusercontent.com/gps-cs-s/AHRPTWkNT8DFc-vezAWuOfKNMGowEFyRP-icyoErpoeUMbwCDr1IAjbYyUHFPKGmLja9NE5v7vcWfvOZNAmeA7e15IiCL9vCuZXeyMCvwgRSbLONlpUsybGh-BeBQsAwtRRjLr7e7p8=w156-h114-p-k-no",36.8206372,10.1917976,Not Available,Not Available,Not Available,Not Available,Not Available,Not Available,Not Available
ITSolution Tunisie,https://www.google.com/maps/place/ITSolution+Tunisie/data=!4m7!3m6!1s0x12fd33b69961e513:0xdba432a09b9948ad!8m2!3d36.803763!4d10.1314351!16s%2Fg%2F1tf132m0!19sChIJE-VhmbYz_RIRrUiZm6AypNs?authuser=0&hl=en&rclk=1,https://lh3.googleusercontent.com/gps-cs-s/AHRPTWmFUti5nBzgVmaSeN1X9GtvLk52zD1xur8II-e5OdCAulisCEudB9mLHxdmZ7ron-H9ZGzDY134pfWm4yDhgSQoNVsQWGXPYbfKGUyiNKt_IrtHllMRJg5ZNtgPrT6vVIBFji8qIw=w408-h306-k-no,4.6,Not Available,Computer support and services,"10 Rue Ibn Abbed, Tunis 2000","Monday, 8 AM to 6 PM,Thursday, 8 AM to 6 PM,Friday, 8 AM to 6 PM,Saturday, 9 AM to 2 PM,Sunday, Closed",Not Available,http://www.itsolution-tn.com/,23 689 978,"https://lh3.googleusercontent.com/gps-cs-s/AHRPTWmFUti5nBzgVmaSeN1X9GtvLk52zD1xur8II-e5OdCAulisCEudB9mLHxdmZ7ron-H9ZGzDY134pfWm4yDhgSQoNVsQWGXPYbfKGUyiNKt_IrtHllMRJg5ZNtgPrT6vVIBFji8qIw=w32-h32-p-k-no,https://lh3.googleusercontent.com/gps-cs-s/AHRPTWmFUti5nBzgVmaSeN1X9GtvLk52zD1xur8II-e5OdCAulisCEudB9mLHxdmZ7ron-H9ZGzDY134pfWm4yDhgSQoNVsQWGXPYbfKGUyiNKt_IrtHllMRJg5ZNtgPrT6vVIBFji8qIw=w408-h306-k-no,https://lh3.googleusercontent.com/gps-cs-s/AHRPTWnS1mqYS54bxNy-YLrryfkD2SL3DpBCQ6CbbpOlinDLuPMUfRnW3pAv3XKMSEH6DU5NzMes9NwC57n_AldZOnbwpe9S3Uejt4BfeHFJW8He52WWuZwMS7ZlPWKLyODUnDT0rzE_=w298-h298-k-no,https://lh3.googleusercontent.com/gps-cs-s/AHRPTWnNyRs4Ju14YvCfv48lieSz-1lUnXQ5ZpIOl8Kc4BAO_u6QU4VrVf2NeeuIDqnOUR7t7dRJiR6mhG-7PiRwtauSX7K9QSo1q27pi-9PYckEUOeCcFrWiuM65k94vZFKrAXIP2NNMg=w298-h298-k-no,https://lh3.googleusercontent.com/a-/ALV-UjXw3jBaq1Rnl8mNn1Bbblc34xuVewy11ZRc3m94dd3BndHfxd1q=w36-h36-p-rp-mo-br100,https://lh3.googleusercontent.com/a-/ALV-UjWFWZgOpNy4Y9U2i289LHtv9UG-J6PwdClraUC6iHrWUkM95Uk3Gw=w36-h36-p-rp-mo-br100,https://lh3.googleusercontent.com/a/ACg8ocJmr_Sg64rZiA4OthjhGXg6RhNqEMOfF1FZWlNEyydVGLPi6g=w36-h36-p-rp-mo-br100,https://lh3.googleusercontent.com/gps-cs-s/AHRPTWmdLD1yAyBwJ5fSqDy2hTDQUhAc1s003te6QVzPv1CWPbqMwbmRFKhK2RkgvXo82M7NYcLgoxOlO-yIQMNJL2pN0XGYRqwasPOTw1tP-EVsbc8m4XA9pc-KqBgkEufP176srr8Y=w156-h114-p-k-no",36.803763,10.1314351,commercial@itsolution-tn.com,https://www.facebook.com/itsolution.tunisie,https://twitter.com/itsolution_tn,Not Available,https://www.youtube.com/channel/UC08FMMN_GPpOItWxLfsjEGg,https://www.linkedin.com/company/itsolution-tunisie,Not Available
Eezee-it Tunis - Odoo Partner,https://www.google.com/maps/place/Eezee-it+Tunis+-+Odoo+Partner/data=!4m7!3m6!1s0x12fd35a6fcd05f85:0xa248bb98600ceee0!8m2!3d36.8064948!4d10.1815316!16s%2Fg%2F11l_7zzg1m!19sChIJhV_Q_KY1_RIR4O4MYJi7SKI?authuser=0&hl=en&rclk=1,https://streetviewpixels-pa.googleapis.com/v1/thumbnail?panoid=7gbO1-tvWIm551vqQldUcw&cb_client=search.gws-prod.gps&w=408&h=240&yaw=252.61525&pitch=0&thumbfov=100,5.0,Not Available,Software company,"3 ème étage, A17, Résidence Tunis Carthage, Av. De Carthage, Ariana 2027","Monday, 8:30 AM to 5:30 PM,Thursday, 8:30 AM to 5:30 PM,Friday, 8:30 AM to 5:30 PM,Saturday, Closed,Sunday, Closed",Not Available,https://eezee-it.com/,Not Available,"https://streetviewpixels-pa.googleapis.com/v1/thumbnail?panoid=7gbO1-tvWIm551vqQldUcw&cb_client=search.gws-prod.gps&w=86&h=86&yaw=252.61525&pitch=0&thumbfov=100,https://streetviewpixels-pa.googleapis.com/v1/thumbnail?panoid=7gbO1-tvWIm551vqQldUcw&cb_client=search.gws-prod.gps&w=408&h=240&yaw=252.61525&pitch=0&thumbfov=100,https://streetviewpixels-pa.googleapis.com/v1/thumbnail?panoid=7gbO1-tvWIm551vqQldUcw&cb_client=maps_sv.tactile.gps&w=224&h=298&yaw=252.61525&pitch=0&thumbfov=100,https://lh3.googleusercontent.com/a-/ALV-UjWCh4FDcm2fX296W6yRH0rbmk-UtAy8HsFU_RQRRS7IlgwufKwe=w36-h36-p-rp-mo-br100,https://lh3.googleusercontent.com/gps-cs-s/AHRPTWkJJAVYrB4GCsCyNbkOlbC8yfLHx7l35l-KmP6fMIkD1fhVzAGRnzZzSgEhzF98pbkhht3FPQAsmvsjsDZ2yj2q5WsIjY035LhikEdItRNEZh3XiAekHm_W_WkPY5ETAVmFUx23=w156-h114-p-k-no",36.8064948,10.1815316,info@eezee-it.com,Not Available,Not Available,Not Available,Not Available,https://www.linkedin.com/company/eezee-it/posts/?feedView=all,Not Available
Massar Digital,https://www.google.com/maps/place/Massar+Digital/data=!4m7!3m6!1s0x12e2cb6962815a53:0x729bee158ddcb77!8m2!3d36.8605979!4d10.1880263!16s%2Fg%2F11z5wsk2bn!19sChIJU1qBYmnL4hIRd8vdWOG-KQc?authuser=0&hl=en&rclk=1,https://lh3.googleusercontent.com/gps-cs-s/AHRPTWl9cknequ1NiEkhM_yB8j2RzRVAyCeqbUObIddR8rWgQCwWfFw2vN4XKJPP8jYw0TeDDnWT3roqEoLq9h0YHQXIZK4IMhOVg-RCjlptt7Vzox2ekA_P25mZtwwIEB1mUZECTc2vv-_ii_F2=w408-h483-k-no,5.0,Not Available,Software company,"ARIANA CENTER ESCALIER C BUREAU N° C، 408, 52 Rue 18 Janvier, Ariana 2080","Monday, Open 24 hours,Thursday, Open 24 hours,Friday, Open 24 hours,Saturday, Open 24 hours,Sunday, Closed",Not Available,https://massar-digital.com/,58 135 908,"https://lh3.googleusercontent.com/gps-cs-s/AHRPTWl9cknequ1NiEkhM_yB8j2RzRVAyCeqbUObIddR8rWgQCwWfFw2vN4XKJPP8jYw0TeDDnWT3roqEoLq9h0YHQXIZK4IMhOVg-RCjlptt7Vzox2ekA_P25mZtwwIEB1mUZECTc2vv-_ii_F2=w32-h32-p-k-no,https://lh3.googleusercontent.com/gps-cs-s/AHRPTWl9cknequ1NiEkhM_yB8j2RzRVAyCeqbUObIddR8rWgQCwWfFw2vN4XKJPP8jYw0TeDDnWT3roqEoLq9h0YHQXIZK4IMhOVg-RCjlptt7Vzox2ekA_P25mZtwwIEB1mUZECTc2vv-_ii_F2=w408-h483-k-no,https://lh3.googleusercontent.com/gps-cs-s/AHRPTWl9cknequ1NiEkhM_yB8j2RzRVAyCeqbUObIddR8rWgQCwWfFw2vN4XKJPP8jYw0TeDDnWT3roqEoLq9h0YHQXIZK4IMhOVg-RCjlptt7Vzox2ekA_P25mZtwwIEB1mUZECTc2vv-_ii_F2=w251-h298-k-no,https://lh3.googleusercontent.com/gps-cs-s/AHRPTWnqx-6mDcGbMuCRdQM7-ab7cGdOeqqS970lywJyXPj1qbaCIZYlJD6qifSkmFYyAkYNzGUfR9vS0EtPiTtx38bJySdQyhG9x_CBMfVipVIe3wHWV8zdzTjS5aBa6MWTM_BVKPa_m_8-goY7=w224-h298-k-no,https://streetviewpixels-pa.googleapis.com/v1/thumbnail?panoid=dENBT2xmVmUBKDD5TntZvw&cb_client=maps_sv.tactile.gps&w=224&h=298&yaw=76.23072&pitch=0&thumbfov=100,https://lh3.googleusercontent.com/a/ACg8ocIg4EcYT6SyxaVOqFjCde3OEvxFCjlIIkWSzGbstILb4iVQ9w=w36-h36-p-rp-mo-br100,https://lh3.googleusercontent.com/a-/ALV-UjWkwdzTXlqNO6WOEjmMYfITpv1ZLUFWytCQvEN5LnOHq9mAMC0b=w36-h36-p-rp-mo-br100,https://lh3.googleusercontent.com/a-/ALV-UjX6DoiR-zNNgkdkmpq9sI02oIwiJbLpZwhBkiDupmvInvDipEQ=w36-h36-p-rp-mo-br100",36.8605979,10.1880263,contact@massar-digital.com,Not Available,Not Available,Not Available,Not Available,Not Available,Not Available
RFIDIA,https://www.google.com/maps/place/RFIDIA/data=!4m7!3m6!1s0x8d9795187119db15:0xbd3c1f47a91a956e!8m2!3d36.8578757!4d10.1841459!16s%2Fg%2F11z9bv4qxt!19sChIJFdsZcRiVl40RbpUaqUcfPL0?authuser=0&hl=en&rclk=1,https://streetviewpixels-pa.googleapis.com/v1/thumbnail?panoid=XlirRJ0FppFQ7wAoyykW6g&cb_client=search.gws-prod.gps&w=408&h=240&yaw=154.46497&pitch=0&thumbfov=100,5.0,Not Available,Software company,"AVENUE MOSTAPHA HJAIJ, Ariana 1002","Monday, 8 AM to 6 PM,Thursday, 8 AM to 6 PM,Friday, 8 AM to 6 PM,Saturday, 8 AM to 1:30 PM,Sunday, Closed",Not Available,https://www.rfidia.com/,27 224 949,"https://streetviewpixels-pa.googleapis.com/v1/thumbnail?panoid=XlirRJ0FppFQ7wAoyykW6g&cb_client=search.gws-prod.gps&w=86&h=86&yaw=154.46497&pitch=0&thumbfov=100,https://streetviewpixels-pa.googleapis.com/v1/thumbnail?panoid=XlirRJ0FppFQ7wAoyykW6g&cb_client=search.gws-prod.gps&w=408&h=240&yaw=154.46497&pitch=0&thumbfov=100,https://streetviewpixels-pa.googleapis.com/v1/thumbnail?panoid=XlirRJ0FppFQ7wAoyykW6g&cb_client=maps_sv.tactile.gps&w=224&h=298&yaw=154.46497&pitch=0&thumbfov=100,https://lh3.googleusercontent.com/gps-cs-s/AHRPTWntz3Esv4kMt0XH4dheWuIGVmMgaQ4HqAuFwN4jB4_QAw0nc0RS-FhVLJ31VPlMKnlYeqNQE8R5703KhgYlmHpR91Z4mUlTQwkP4oj8rrtfO2NW9XvarXIUD7kCwN513SCeFNFy9GX_KSM=w529-h298-k-no,https://lh3.googleusercontent.com/a/ACg8ocLjCG3vA4XTD3JFJmc9PIcYQgXECEgLnlppIhx6YybcjAwbKQ=w36-h36-p-rp-mo-br100,https://lh3.googleusercontent.com/a-/ALV-UjWktmVt26ugJ_FviK8EHgb98usYAEDvI_0jAfV_ttvIKct_-vgj=w36-h36-p-rp-mo-br100,https://lh3.googleusercontent.com/a-/ALV-UjWzVAUQw2aK8jCGNGFgV4YIIbBk23jEh5XQ467livyR_r2jva4=w36-h36-p-rp-mo-br100",36.8578757,10.1841459,contact@rfidia.com,https://www.facebook.com/profile.php?id=61569189391534,Not Available,Not Available,https://www.youtube.com/@rfidiai,https://www.linkedin.com/in/rfidtunisie/,Not Available
Axynoxia,https://www.google.com/maps/place/Axynoxia/data=!4m7!3m6!1s0x26bb6e0d1f5979f3:0xc1d008a7847f9010!8m2!3d36.8889337!4d10.1710048!16s%2Fg%2F11msxcpgr9!19sChIJ83lZHw1uuyYREJB_hKcI0ME?authuser=0&hl=en&rclk=1,https://lh3.googleusercontent.com/a-/ALV-UjXWPOCereUnjUwu0A4oX1vrp9iXYRkNmDWVkUAQT9C1eMtJL_rT=w36-h36-p-rp-mo-br100,5.0,Not Available,Software company,"Rue ansar, Ariana 2083","Monday, Open 24 hours,Thursday, Open 24 hours,Friday, Open 24 hours,Saturday, Open 24 hours,Sunday, Open 24 hours",Not Available,https://axynoxia.com/,54 886 068,"https://lh3.googleusercontent.com/gps-cs-s/AHRPTWm04pP6YHb2WGQCfhz4CwNtjvbdxikZLWrkxwEAXtU6VuMWam8BUftYHxkNBPiSnQLeZQZao76crxM5mVQoxUeT4wiPDmZYFvDneeVsSAHHgWQTmH1AmPDuMeTMYqKKT8NZRjDWHdgNXx8=w32-h32-p-k-no,https://lh3.googleusercontent.com/gps-cs-s/AHRPTWm04pP6YHb2WGQCfhz4CwNtjvbdxikZLWrkxwEAXtU6VuMWam8BUftYHxkNBPiSnQLeZQZao76crxM5mVQoxUeT4wiPDmZYFvDneeVsSAHHgWQTmH1AmPDuMeTMYqKKT8NZRjDWHdgNXx8=w600-h240-k-no,https://lh3.googleusercontent.com/gps-cs-s/AHRPTWm04pP6YHb2WGQCfhz4CwNtjvbdxikZLWrkxwEAXtU6VuMWam8BUftYHxkNBPiSnQLeZQZao76crxM5mVQoxUeT4wiPDmZYFvDneeVsSAHHgWQTmH1AmPDuMeTMYqKKT8NZRjDWHdgNXx8=w745-h298-k-no,https://lh3.googleusercontent.com/a-/ALV-UjXWPOCereUnjUwu0A4oX1vrp9iXYRkNmDWVkUAQT9C1eMtJL_rT=w36-h36-p-rp-mo-br100,https://lh3.googleusercontent.com/a/ACg8ocIp2DCCiXwi8B5JkorTy70ES7nvp-40cGxBd_N85E-8Xdi3sA=w36-h36-p-rp-mo-br100,https://lh3.googleusercontent.com/a-/ALV-UjWvReXi5g5wOYP7I8EBhlJET116xOuG16d2O7QXvVgyufV_Jqlliw=w36-h36-p-rp-mo-br100",36.8889337,10.1710048,contact@axynoxia.com,Not Available,Not Available,Not Available,Not Available,https://www.linkedin.com/company/axynoxia,"Service options,,Online appointments,    Planning,,Appointment required"
Ingenius IT - Société informatique Tunisie,https://www.google.com/maps/place/Ingenius+IT+-+Soci%C3%A9t%C3%A9+informatique+Tunisie/data=!4m7!3m6!1s0x12fd33056c5828d5:0xc0061a0f77167288!8m2!3d36.857604!4d10.1581233!16s%2Fg%2F11krgxmqpr!19sChIJ1ShYbAUz_RIRiHIWdw8aBsA?authuser=0&hl=en&rclk=1,https://lh3.googleusercontent.com/gps-cs-s/AHRPTWmdLD1yAyBwJ5fSqDy2hTDQUhAc1s003te6QVzPv1CWPbqMwbmRFKhK2RkgvXo82M7NYcLgoxOlO-yIQMNJL2pN0XGYRqwasPOTw1tP-EVsbc8m4XA9pc-KqBgkEufP176srr8Y=w408-h306-k-no,4.8,Not Available,Computer security service,"ENNASR 2, immeuble L'ALKAZAR, Appartement d5-2, Ariana 2037","Monday, 8 AM to 10 PM,Thursday, 8 AM to 10 PM,Friday, 8 AM to 10 PM,Saturday, 8 AM to 5 PM,Sunday, Closed",Not Available,https://ingeniusit.com/,92 682 923,"https://lh3.googleusercontent.com/gps-cs-s/AHRPTWmdLD1yAyBwJ5fSqDy2hTDQUhAc1s003te6QVzPv1CWPbqMwbmRFKhK2RkgvXo82M7NYcLgoxOlO-yIQMNJL2pN0XGYRqwasPOTw1tP-EVsbc8m4XA9pc-KqBgkEufP176srr8Y=w32-h32-p-k-no,https://lh3.googleusercontent.com/gps-cs-s/AHRPTWmdLD1yAyBwJ5fSqDy2hTDQUhAc1s003te6QVzPv1CWPbqMwbmRFKhK2RkgvXo82M7NYcLgoxOlO-yIQMNJL2pN0XGYRqwasPOTw1tP-EVsbc8m4XA9pc-KqBgkEufP176srr8Y=w408-h306-k-no,https://lh3.googleusercontent.com/gps-cs-s/AHRPTWmdLD1yAyBwJ5fSqDy2hTDQUhAc1s003te6QVzPv1CWPbqMwbmRFKhK2RkgvXo82M7NYcLgoxOlO-yIQMNJL2pN0XGYRqwasPOTw1tP-EVsbc8m4XA9pc-KqBgkEufP176srr8Y=w397-h298-k-no,https://lh3.googleusercontent.com/gps-cs-s/AHRPTWnT-jp7z5e2E-eEXljT9CpmBNxupsgd3OjkVIIIXgebcidbBj_npxwDAEaCOqXeRNJF9jLXVqpNvpcTTpeHd2n0aFlF9eibHggY984wkiEYGvhjF4JtmEZ_N49QKtEh4V5mPw_6=w224-h298-k-no,https://lh3.googleusercontent.com/gps-cs-s/AHRPTWkpVkXpONjbqvn6eK54BULuzkUQXhJEUlm-Stz_EXexRdl1lqdOFlkuSwFf_x2eY8WDX1f4NvZsh_VUPXtMKoAJ103wwBhd3vrWb6cRn1DNBaHzLgeu7JleKad9YEz75RASYLI5=w224-h398-k-no,https://lh3.googleusercontent.com/a/ACg8ocKiwky2cumZ2pbjoS29YlEHCcObDfKMuwooL244SgLeG1rCCw=w36-h36-p-rp-mo-br100,https://lh3.googleusercontent.com/a-/ALV-UjWdq-lJp1eFdj353XuGdmGo8iw-oQ-qrCk-Raj1443qeeXJgPM=w36-h36-p-rp-mo-br100,https://lh3.googleusercontent.com/a-/ALV-UjVHqbDc1NAKV_N1C-Qy9UuJUYaENsoIV0sBB18VQ6FSQMCEc5Q=w36-h36-p-rp-mo-br100,https://lh3.googleusercontent.com/gps-cs-s/AHRPTWkk8HsfUKYVgQVBlgtQ7fCBBBIz8qxyeE_3lSfPmdHq8pVle4Lto-C1kU6VpqNtPPoduZLTYztIJxSXCDDqIAdowj6nBvLwkYY_VUYwcWzu8p5yoB14Z_AUZvN3YW9BSBfhR38=w156-h114-p-k-no,https://lh3.googleusercontent.com/gps-cs-s/AHRPTWkSsNHKhmoapIlZGZiu_h_9eQuKHQ-ODNNNef1yJlth-XqoqE6HT-QC_uwt1fk8gZLW6wzk9ecZiGc6hCilXLTcMeE16J-ClOV0yeGfjWjbrHDQkUlFdN-NuU4H53rRE4IFeoqkWTE41juc=w156-h114-p-k-no",36.857604,10.1581233,contact@ingeniusit.com,Not Available,Not Available,Not Available,Not Available,Not Available,"Service options,,Online appointments,,On-site services,    Amenities,,Gender-neutral toilets"
Mediasoft,https://www.google.com/maps/place/Mediasoft/data=!4m7!3m6!1s0x12fd33b0033046dd:0xc6fd332338cf1cd1!8m2!3d36.85705!4d10.160652!16s%2Fg%2F11ghpyr4qq!19sChIJ3UYwA7Az_RIR0RzPOCMz_cY?authuser=0&hl=en&rclk=1,https://streetviewpixels-pa.googleapis.com/v1/thumbnail?panoid=3PFqvw761O9cc1l0-0eD_Q&cb_client=search.gws-prod.gps&w=408&h=240&yaw=146.41733&pitch=0&thumbfov=100,4.8,Not Available,Software company,"Av. Hédi Nouira, Ariana","Monday, 8:30 AM to 5:30 PM,Thursday, 8:30 AM to 5:30 PM,Friday, 8:30 AM to 5:30 PM,Saturday, 8:30 AM to 2 PM,Sunday, Closed",Not Available,http://mediasoft.tn/,52 444 444,"https://streetviewpixels-pa.googleapis.com/v1/thumbnail?panoid=3PFqvw761O9cc1l0-0eD_Q&cb_client=search.gws-prod.gps&w=86&h=86&yaw=146.41733&pitch=0&thumbfov=100,https://streetviewpixels-pa.googleapis.com/v1/thumbnail?panoid=3PFqvw761O9cc1l0-0eD_Q&cb_client=search.gws-prod.gps&w=408&h=240&yaw=146.41733&pitch=0&thumbfov=100,https://streetviewpixels-pa.googleapis.com/v1/thumbnail?panoid=3PFqvw761O9cc1l0-0eD_Q&cb_client=maps_sv.tactile.gps&w=224&h=298&yaw=146.41733&pitch=0&thumbfov=100,https://lh3.googleusercontent.com/gps-cs-s/AHRPTWlv3Fuanf58rTJPC1yf6Q5PFQWwTbgbsGGxe8ro_gov6Fh3l9ZJN79KxeMs9vY6EXPcfP-co0PoJoL6nhv28dnDNtZ4tdLXnuNoNYNsI4RsU5-YcgRncA-1VJFXTn4MLbgz546sVSEzv1EV=w298-h298-k-no,https://lh3.googleusercontent.com/a-/ALV-UjW9ExtVWiB40Xu6Nv24O_SLQpzCpHj9zfeWMQQQtAnb3BK45Pz9=w36-h36-p-rp-mo-br100,https://lh3.googleusercontent.com/a-/ALV-UjUHBDxQS6vnSyI1nRLSIjxmyiLUpGqma0t7bKbB22bWkrkZiNTa=w36-h36-p-rp-mo-br100,https://lh3.googleusercontent.com/a-/ALV-UjXOFe1zQrs4vKZflhDVyhuh7BSwarnA07keLXAWTMAfRfNhaImlXQ=w36-h36-p-rp-mo-br100",36.85705,10.160652,info@mediasoft.tn,https://www.facebook.com/mediasoftsousse/,Not Available,Not Available,Not Available,https://www.linkedin.com/company/mediasoft-tunisie/,Not Available
1Spatial Tunisia Software Services,https://www.google.com/maps/place/1Spatial+Tunisia+Software+Services/data=!4m7!3m6!1s0x12fd351230c20e23:0xd45e15e3de3ee532!8m2!3d36.8503948!4d10.1977562!16s%2Fg%2F11p6rtfv9p!19sChIJIw7CMBI1_RIRMuU-3uMVXtQ?authuser=0&hl=en&rclk=1,https://lh3.googleusercontent.com/a-/ALV-UjViCAMTsBf3ERrsgGrsWdIOXSA8tDbRm1OqqYohZsDTeajB1rM=w36-h36-p-rp-mo-br100,5.0,Not Available,Research and product development,"Immeuble LLOYD appart 2a, Ariana 1003","Monday, 8:30 AM to 5:30 PM,Thursday, 8:30 AM to 5:30 PM,Friday, 8:30 AM to 5:30 PM,Saturday, Closed,Sunday, Closed",Not Available,Not Available,Not Available,"https://lh3.googleusercontent.com/a-/ALV-UjViCAMTsBf3ERrsgGrsWdIOXSA8tDbRm1OqqYohZsDTeajB1rM=w36-h36-p-rp-mo-br100,https://lh3.googleusercontent.com/a/ACg8ocK2RMgwHpcVEDKyI-7zti9cTLr9dvaIiV0MLpJfmlhqkENAaA=w36-h36-p-rp-mo-br100,https://lh3.googleusercontent.com/gps-cs-s/AHRPTWnsnTuDtDhWD5AJUpoAvsKrmxJ-kn2oeh_DEQ2Ic9yckH1QX4bU1dtPY4HZK97jYtqoqVEO4MAf12Ft1hgagOfA_KN2GuI1qMQLqem-XCP7Y1ifFFOWTsT3rywiSG44JuLNA6CoFQ=w156-h114-p-k-no",36.8503948,10.1977562,Not Available,Not Available,Not Available,Not Available,Not Available,Not Available,Not Available
WinSoft Informatique,https://www.google.com/maps/place/WinSoft+Informatique/data=!4m7!3m6!1s0x12fd35448222453d:0xf060f0bc9329cd0b!8m2!3d36.8525011!4d10.189586!16s%2Fg%2F11fnp_2qkl!19sChIJPUUigkQ1_RIRC80pk7zwYPA?authuser=0&hl=en&rclk=1,https://lh3.googleusercontent.com/gps-cs-s/AHRPTWm_q3IybSGTEitWvTotXjqrQDz7wDZHMa5Ul8JouZxn75BXDvbTFf-Es7ZyTuTapr-SRn63I3MEFc1gCcbvdQntnVCmhraKQqOoafQTaJiB8U4p9VnFLahaLj1A-hsHcgp3s5sZ=w408-h544-k-no,5.0,Not Available,Software company,"Bureau N•3, Résidence El Zayzafoun, 1ère étage, 11 Rue Belhassen Jrad, Ariana","Monday, 8:30 AM to 12 PM, 2 to 5:30 PM,Thursday, 8:30 AM to 12 PM, 2 to 5:30 PM,Friday, 8:30 AM to 12 PM, 2 to 5:30 PM,Saturday, 8:30 AM to 1 PM,Sunday, Closed",Not Available,http://www.winsoftinformatique.tn/,71 712 227,"https://lh3.googleusercontent.com/gps-cs-s/AHRPTWm_q3IybSGTEitWvTotXjqrQDz7wDZHMa5Ul8JouZxn75BXDvbTFf-Es7ZyTuTapr-SRn63I3MEFc1gCcbvdQntnVCmhraKQqOoafQTaJiB8U4p9VnFLahaLj1A-hsHcgp3s5sZ=w32-h32-p-k-no,https://lh3.googleusercontent.com/gps-cs-s/AHRPTWm_q3IybSGTEitWvTotXjqrQDz7wDZHMa5Ul8JouZxn75BXDvbTFf-Es7ZyTuTapr-SRn63I3MEFc1gCcbvdQntnVCmhraKQqOoafQTaJiB8U4p9VnFLahaLj1A-hsHcgp3s5sZ=w408-h544-k-no,https://lh3.googleusercontent.com/gps-cs-s/AHRPTWm_q3IybSGTEitWvTotXjqrQDz7wDZHMa5Ul8JouZxn75BXDvbTFf-Es7ZyTuTapr-SRn63I3MEFc1gCcbvdQntnVCmhraKQqOoafQTaJiB8U4p9VnFLahaLj1A-hsHcgp3s5sZ=w224-h298-k-no,https://lh3.googleusercontent.com/gps-cs-s/AHRPTWktDm6sRJKCi2fHnLkMVoLKroVbSOfx8uKjuSMOnyKKbvwxVQhoPyUb3jfco0nHVybasptUuU9-bqPtWCVAIW5rv6_2txpXyLD1ocZEj2JBDkiq6M4KUQZen9YLmg11mivvYUr_ug=w397-h298-k-no,https://lh3.googleusercontent.com/a-/ALV-UjU9lbFd06xMGVKq3cRrO-BwY_ylxb6YcNHpY021QN5Z8hlJEQ=w36-h36-p-rp-mo-br100,https://lh3.googleusercontent.com/a-/ALV-UjU_aINaukP9ZonMAVbBf488ch5YpEtra7bSXU1Rq6OQtbOQCyMd=w36-h36-p-rp-mo-br100,https://lh3.googleusercontent.com/gps-cs-s/AHRPTWkSFTc35UGMIuLxZhHKSprpnj6oTijNEN58fbpK-8hk5g97ZnYt8obAK4jUyCBXO6pDy6eJWsTW5O0ku8IwUPnhLBZ-_-UhI7KjV-RjeUFh6b8TpJ4sSw1KoifbvL9kV4csJklt=w156-h114-p-k-no,https://lh3.googleusercontent.com/gps-cs-s/AHRPTWkNT8DFc-vezAWuOfKNMGowEFyRP-icyoErpoeUMbwCDr1IAjbYyUHFPKGmLja9NE5v7vcWfvOZNAmeA7e15IiCL9vCuZXeyMCvwgRSbLONlpUsybGh-BeBQsAwtRRjLr7e7p8=w156-h114-p-k-no,https://lh3.googleusercontent.com/gps-cs-s/AHRPTWmuHtFjbAZjOyaJuTJfjxf7G2rCm2b9TS3KKS5jafvxbTcOn4ryX96F0ZSJmXH59jDduX_jhFiCBuiQ1ptR_TkMe7RzHabEwTbqAYAEy6gM9EUFfOyWhSmkSqhaRoN394cI5gzV=w156-h114-p-k-no,https://lh3.googleusercontent.com/gps-cs-s/AHRPTWmU943VWBNcZnzJuTqy4deY0-OmBWj1eo8TLvld6SsmDU-_H5sZ1wpvAg_CfWIaZyMuklBmCL3m4YvHiAXveWZpeyF2pHbCOErPzGw7gDt5NyBXljr-4luZMSQDCjibFr9jwqcImw=w156-h114-p-k-no",36.8525011,10.189586,contact@winsoftinformatique.tn,https://www.facebook.com/winsoftinformatiquetn/,Not Available,Not Available,Not Available,https://www.linkedin.com/company/winsoft-informatique,"Service options,,Online appointments,,On-site services"
C.A.T - Cloud Antivirus Technologies - Avast Tunisie,https://www.google.com/maps/place/C.A.T+-+Cloud+Antivirus+Technologies+-+Avast+Tunisie/data=!4m7!3m6!1s0x12fd3351ad00609d:0x811490ecf3a60f3c!8m2!3d36.8536653!4d10.1622505!16s%2Fg%2F1jkw35bkk!19sChIJnWAArVEz_RIRPA-m8-yQFIE?authuser=0&hl=en&rclk=1,https://lh3.googleusercontent.com/gps-cs-s/AHRPTWm3qtUCPtpYenjSCchHLzvUGO5U8p4pg_-lwwDu3v1f7FsMdrAhC72HW73Xrwz_Y_bZ0KTz4Hi26bpKCZMSw2gsl-KQQ6LD2o6Tzz91dvYqIoi66ucmIiubLVvA3imKqqG4OihvbA=w408-h251-k-no,5.0,Not Available,Computer software store,"Bloc G N°7, Cité Erriadh, 7 Rue Abderrazek Chraibi, Ariana 2037","Monday, 7 AM to 7 PM,Thursday, 7 AM to 7 PM,Friday, 7 AM to 7 PM,Saturday, 7 AM to 7 PM,Sunday, 7 AM to 7 PM",Not Available,https://www.avast-tn.com/,21 590 600,"https://lh3.googleusercontent.com/gps-cs-s/AHRPTWm3qtUCPtpYenjSCchHLzvUGO5U8p4pg_-lwwDu3v1f7FsMdrAhC72HW73Xrwz_Y_bZ0KTz4Hi26bpKCZMSw2gsl-KQQ6LD2o6Tzz91dvYqIoi66ucmIiubLVvA3imKqqG4OihvbA=w32-h32-p-k-no,https://lh3.googleusercontent.com/gps-cs-s/AHRPTWm3qtUCPtpYenjSCchHLzvUGO5U8p4pg_-lwwDu3v1f7FsMdrAhC72HW73Xrwz_Y_bZ0KTz4Hi26bpKCZMSw2gsl-KQQ6LD2o6Tzz91dvYqIoi66ucmIiubLVvA3imKqqG4OihvbA=w408-h251-k-no,https://lh3.googleusercontent.com/gps-cs-s/AHRPTWm3qtUCPtpYenjSCchHLzvUGO5U8p4pg_-lwwDu3v1f7FsMdrAhC72HW73Xrwz_Y_bZ0KTz4Hi26bpKCZMSw2gsl-KQQ6LD2o6Tzz91dvYqIoi66ucmIiubLVvA3imKqqG4OihvbA=w483-h298-k-no,https://lh3.googleusercontent.com/gps-cs-s/AHRPTWlzAmgNdEu_QsGQjuN027Bg0hKWYbxjYemx2O_j3szx2a-j4rvLWCwX_mI8ZIGzWwWe1IU8Z9tHcapT5LlTvsdmIU57hAjsO3xRSyDt3UgZ_KOWQ5hzb9ZNY7aGXuGKe6jBdKLZ_f7NqOie=w323-h298-k-no,https://lh3.googleusercontent.com/gps-cs-s/AHRPTWmSRhaO2uY2lGbq5BphIkAkIQQ4g-nbzBW_aH1w4uqALD848ExmAzHhbFSvOomCEZ26e8CLjUbjdBnl-fMxUDq8XIPg0-3xRe8tA2NpVyG5nU4A5IS-Okt9xamld1C_Mx4bhI_gKQ=w324-h298-k-no,https://lh3.googleusercontent.com/a-/ALV-UjVz81G0IjfLUTqvLR9t_bTRm4Cm0NYrxyRceaSo3xUioY9sCKK8=w36-h36-p-rp-mo-ba12-br100",36.8536653,10.1622505,Not Available,https://www.facebook.com/CAT.Avast.AVG.Tunisie/,Not Available,Not Available,Not Available,Not Available,"Accessibility,,Assistive hearing loop,,Wheelchair-accessible seating,,Wheelchair-accessible toilet,    Service options,,Online appointments,,Delivery,,In-store pick-up,,In-store shopping,,On-site services,    Amenities,,Wi-Fi,,Free Wi-Fi,    Payments,,Cash only,,Cheques,    Parking,,Free parking lot,,On-site parking"
Software Solutions,https://www.google.com/maps/place/Software+Solutions/data=!4m7!3m6!1s0x12e2cd1eeaca1075:0xb95c3a1fb8014e5c!8m2!3d36.8878249!4d10.1652905!16s%2Fg%2F11rt_4hzdx!19sChIJdRDK6h7N4hIRXE4BuB86XLk?authuser=0&hl=en&rclk=1,https://streetviewpixels-pa.googleapis.com/v1/thumbnail?panoid=d4OReQ5U0s1l7MDeeLZMbA&cb_client=search.gws-prod.gps&w=408&h=240&yaw=210.26657&pitch=0&thumbfov=100,Not Available,Not Available,Software company,"Bureau 3, Appartement 4 Boulevard de la qualité de la Vie Riadh El Andalous, 2058","Monday, 8 AM to 5:30 PM,Thursday, 8 AM to 5:30 PM,Friday, 8 AM to 5:30 PM,Saturday, Closed,Sunday, Closed",Not Available,https://sinopesoft.com/,99 218 866,"https://streetviewpixels-pa.googleapis.com/v1/thumbnail?panoid=d4OReQ5U0s1l7MDeeLZMbA&cb_client=search.gws-prod.gps&w=86&h=86&yaw=210.26657&pitch=0&thumbfov=100,https://streetviewpixels-pa.googleapis.com/v1/thumbnail?panoid=d4OReQ5U0s1l7MDeeLZMbA&cb_client=search.gws-prod.gps&w=408&h=240&yaw=210.26657&pitch=0&thumbfov=100,https://streetviewpixels-pa.googleapis.com/v1/thumbnail?panoid=d4OReQ5U0s1l7MDeeLZMbA&cb_client=maps_sv.tactile.gps&w=224&h=298&yaw=210.26657&pitch=0&thumbfov=100,https://lh3.googleusercontent.com/gps-cs-s/AHRPTWkaOpLm03lM3kghwIBPGgX1mDaersVr87bHj1dHzJLnW5YBFB1i4gUaIrqTvzMud5wT1padBDOhbNZCACpS0PF6Fez7TIK2shTbLXaXmd6fau9WIjfzLYfM-rxcEfKZh45TNrcG=w156-h114-p-k-no,https://lh3.googleusercontent.com/gps-cs-s/AHRPTWnM95f3aSFlfgUzf6Ql1CFkiDVwX9v0vbXzrlKbZb046dnqF9HnMK_2Qob0PwztiWtRj2j9oLfC7QKvZ8CqEoswl2NIHflVe2XSRUEm2o6-ESTZ24RUE61xDqKihunZxQoiXnkLfT2dQtU=w156-h114-p-k-no,https://lh3.googleusercontent.com/gps-cs-s/AHRPTWncpREIlD1qF8D8Ge9f1rVHnO6VyjFCtCyAEdNd4MPWv2kvCOZvxq-O1PHQNU_ywkUvN4u83llylcx6EnLfnFF42eqcB8l89_VGADHkicUbEjQ-R7E1bKoV8GTsWCxq8VrBiKl6=w156-h114-p-k-no",36.8878249,10.1652905,Not Available,Not Available,Not Available,Not Available,Not Available,Not Available,Not Available
IGA Tunisie,https://www.google.com/maps/place/IGA+Tunisie/data=!4m7!3m6!1s0x12fd34d322400431:0xda0b0b2dc7a3cb9c!8m2!3d36.8563382!4d10.2074387!16s%2Fg%2F1pp2vccxj!19sChIJMQRAItM0_RIRnMujxy0LC9o?authuser=0&hl=en&rclk=1,https://lh3.googleusercontent.com/gps-cs-s/AHRPTWnvAa8KTVqZ0_n55irRTsoUJUsVYxFCARz-LZaFuabISYeEqKaxUaf_kxoUOogzhUYuhy-lJ_ryGlodDTE1YIJQFc_cv3Nh-MUck7pJSm17YCESFi9jAHotDFXvegKNFqlCusyd=w408-h306-k-no,4.6,Not Available,Software company,"2، ZI Charguia, Zone industrielle، 15 Rue des Entrepreneurs, Ariana 2035","Monday, 8:30 AM to 6 PM,Thursday, 8:30 AM to 6 PM,Friday, 8:30 AM to 6 PM,Saturday, Closed,Sunday, Closed",Not Available,https://www.iga-tunisie.com/,31 301 502,"https://lh3.googleusercontent.com/gps-cs-s/AHRPTWnvAa8KTVqZ0_n55irRTsoUJUsVYxFCARz-LZaFuabISYeEqKaxUaf_kxoUOogzhUYuhy-lJ_ryGlodDTE1YIJQFc_cv3Nh-MUck7pJSm17YCESFi9jAHotDFXvegKNFqlCusyd=w32-h32-p-k-no,https://lh3.googleusercontent.com/gps-cs-s/AHRPTWnvAa8KTVqZ0_n55irRTsoUJUsVYxFCARz-LZaFuabISYeEqKaxUaf_kxoUOogzhUYuhy-lJ_ryGlodDTE1YIJQFc_cv3Nh-MUck7pJSm17YCESFi9jAHotDFXvegKNFqlCusyd=w408-h306-k-no,https://lh3.googleusercontent.com/gps-cs-s/AHRPTWnvAa8KTVqZ0_n55irRTsoUJUsVYxFCARz-LZaFuabISYeEqKaxUaf_kxoUOogzhUYuhy-lJ_ryGlodDTE1YIJQFc_cv3Nh-MUck7pJSm17YCESFi9jAHotDFXvegKNFqlCusyd=w397-h298-k-no,https://lh3.googleusercontent.com/gps-cs-s/AHRPTWkYgjJZRoeei7LVz78IcKCcvzfLp8uSB7fg9F07F9d-k37PGOvfpyF0gEtDoMe6QVblh7lu-7yZz4Z3nsJLqvufIaTGfLYSiRE7inhPWrAU-mIIjqjVSMT_Vr9KP118ZVbol6YB=w224-h317-k-no,https://lh3.googleusercontent.com/a-/ALV-UjXhBxzT_U6hBepIcEk3YgzNOW9PO5t3l3x1ENACECvkU43oMQc=w36-h36-p-rp-mo-br100,https://lh3.googleusercontent.com/a-/ALV-UjWP6H4gLQqOOJvXfp6AgyIvHIQdEvleO-W6DeMLDqn4_tfBM6XEMQ=w36-h36-p-rp-mo-ba12-br100,https://lh3.googleusercontent.com/a-/ALV-UjULvNGBqEsf2lOdz6y8clyUebOY4IfRDT-4lZxCpAp1hLcgyu6x=w36-h36-p-rp-mo-br100,https://lh3.googleusercontent.com/gps-cs-s/AHRPTWm_clrS3j_hWPLxifFe8IYOp4nyr0GGBJJzWO1kA8nt2HKY9BaG6spnxOuPbCfLbuNpJZOp4jJP-7P1I-l1Xf_xcJK3EjMnZUyoWJaDAcOpHtjPib0ZPwhXGMUFSKqL6YoZR4DMag=w156-h114-p-k-no,https://lh3.googleusercontent.com/gps-cs-s/AHRPTWlqXpujXgYV04kogQN1Bl4K8i3gnuCXclUKuocQjpNdNRSbm_JIncxnTNMoNt3oIIXsZUZBlaQMiRZhKa0BoZk6-Zh1JyVVf1oMa-_tPuE6a_JZa5J-DN-5r959cC_hAgz2X2isYg=w156-h114-p-k-no",36.8563382,10.2074387,Not Available,Not Available,Not Available,Not Available,Not Available,Not Available,Not Available
Wadits,https://www.google.com/maps/place/Wadits/data=!4m7!3m6!1s0x12e2cd9b9d296d59:0x4ec0dc8a5c617759!8m2!3d36.8665729!4d10.1647412!16s%2Fg%2F11qpwn68rs!19sChIJWW0pnZvN4hIRWXdhXIrcwE4?authuser=0&hl=en&rclk=1,https://lh3.googleusercontent.com/a-/ALV-UjV_92WIizN2iwHcIl_1qgWGgxnb6dbA3QMecPwnI384Hd-AUIM=w36-h36-p-rp-mo-br100,4.0,Not Available,Software company,"Avenue 18 janvier Ariana Center escalier C bureau C 408 Ariana, 2080","Monday, 10 AM to 6 PM,Thursday, 10 AM to 6 PM,Friday, 10 AM to 6 PM,Saturday, 10 AM to 6 PM,Sunday, 10 AM to 6 PM",Not Available,Not Available,54 910 136,"https://lh3.googleusercontent.com/a-/ALV-UjV_92WIizN2iwHcIl_1qgWGgxnb6dbA3QMecPwnI384Hd-AUIM=w36-h36-p-rp-mo-br100,https://lh3.googleusercontent.com/gps-cs-s/AHRPTWmXl6s1TTebETp9KmlT4npLm-itGXpM_kK7JdyyeiZxfB01U6Rkp2AdtJVPqFlt5kTVh8bk0s5kMh_h6g3OoyGD2Ua_Al9qB5sBZqsSVJ9IZSLS8xIZFjAfXkKVS-PgPsRD9pIlJw=w156-h114-p-k-no",36.8665729,10.1647412,Not Available,Not Available,Not Available,Not Available,Not Available,Not Available,Not Available
INTERACT,https://www.google.com/maps/place/INTERACT/data=!4m7!3m6!1s0x12fd334e9c123619:0x7d47ecbba450292!8m2!3d36.856411!4d10.155341!16s%2Fg%2F1tftn9hk!19sChIJGTYSnE4z_RIRkgJFust-1Ac?authuser=0&hl=en&rclk=1,https://streetviewpixels-pa.googleapis.com/v1/thumbnail?panoid=l3SxU8fDotvvdaPCPAUXHA&cb_client=search.gws-prod.gps&w=408&h=240&yaw=16.233541&pitch=0&thumbfov=100,5.0,Not Available,Software company,"Avenue Hedi Nouira - Ennasr 2, Résidence Yousr, Ariana 2037","Monday, 9 AM to 6 PM,Thursday, 9 AM to 6 PM,Friday, 9 AM to 5 PM,Saturday, 9 AM to 12 PM,Sunday, Closed",Not Available,http://www.interact.tn/,70 814 614,"https://streetviewpixels-pa.googleapis.com/v1/thumbnail?panoid=l3SxU8fDotvvdaPCPAUXHA&cb_client=search.gws-prod.gps&w=86&h=86&yaw=16.233541&pitch=0&thumbfov=100,https://streetviewpixels-pa.googleapis.com/v1/thumbnail?panoid=l3SxU8fDotvvdaPCPAUXHA&cb_client=search.gws-prod.gps&w=408&h=240&yaw=16.233541&pitch=0&thumbfov=100,https://streetviewpixels-pa.googleapis.com/v1/thumbnail?panoid=l3SxU8fDotvvdaPCPAUXHA&cb_client=maps_sv.tactile.gps&w=224&h=298&yaw=16.233541&pitch=0&thumbfov=100,https://lh3.googleusercontent.com/gps-cs-s/AHRPTWk_OAVvmp2HyDOYhaSDMIZ2ZeDNynqvGFngi0xs-whZvwllAFcnzweFHbZVBW5b6qxhRruPI2vrDWLKqC-9a64NBoL81Srf9Hs4qy-JBvsb7Vu_I048ZrDC0_RF3vTk6_LeISnb=w397-h298-k-no,https://lh3.googleusercontent.com/a-/ALV-UjWgGmuBdyEbHpTDnJZnC_gZypWZqpO0N1myXAp0tyPdmLHayz0o=w36-h36-p-rp-mo-br100,https://lh3.googleusercontent.com/gps-cs-s/AHRPTWlxWhhuureyxOG-axVyDNRPvBHqYY6sCAgIts0O5UK7z5WAmcTfF4FV_dr6tm28uWQ6nVnuiB6K7CccId-vdV1LWNB-OvFizN4bNEmqVLqT1ZVpVUndPXb1Z43wtJ3aV3nZJyncEQ=w156-h114-p-k-no,https://lh3.googleusercontent.com/gps-cs-s/AHRPTWlDodeJ3yInJPH-mLA2_XeVYZfLbdXZb8I3rAhyaGjmX3jp8hrqjCEfRkDEcgeLEYRaAV2ARR3OVKoK7Cos3B3IZFnQF3etweZPwGLx1oKx__VIMZU49GfKVT1hewq5w5iqNjVgkw=w156-h114-p-k-no",36.856411,10.155341,contact@interact.tn,https://www.facebook.com/interact.tn/,Not Available,Not Available,https://www.youtube.com/@agenceinteract,https://www.linkedin.com/company/interact-sarl/,Not Available
Dune Technology,https://www.google.com/maps/place/Dune+Technology/data=!4m7!3m6!1s0x12fd35c1c6fce9b9:0x5c5c62393592cb3!8m2!3d36.8945322!4d10.185509!16s%2Fg%2F11y30ny3jq!19sChIJuen8xsE1_RIRsyxZkyPGxQU?authuser=0&hl=en&rclk=1,https://lh3.googleusercontent.com/gps-cs-s/AHRPTWmuHtFjbAZjOyaJuTJfjxf7G2rCm2b9TS3KKS5jafvxbTcOn4ryX96F0ZSJmXH59jDduX_jhFiCBuiQ1ptR_TkMe7RzHabEwTbqAYAEy6gM9EUFfOyWhSmkSqhaRoN394cI5gzV=w408-h367-k-no,5.0,Not Available,Software company,"Block C, Building I2 2nd Floor, Technological Park, Ariana 2083","Monday, 9 AM to 6 PM,Thursday, 9 AM to 6 PM,Friday, 9 AM to 6 PM,Saturday, Closed,Sunday, Closed",Not Available,https://www.dunetech.co.uk/,Not Available,"https://lh3.googleusercontent.com/gps-cs-s/AHRPTWmuHtFjbAZjOyaJuTJfjxf7G2rCm2b9TS3KKS5jafvxbTcOn4ryX96F0ZSJmXH59jDduX_jhFiCBuiQ1ptR_TkMe7RzHabEwTbqAYAEy6gM9EUFfOyWhSmkSqhaRoN394cI5gzV=w32-h32-p-k-no,https://lh3.googleusercontent.com/gps-cs-s/AHRPTWmuHtFjbAZjOyaJuTJfjxf7G2rCm2b9TS3KKS5jafvxbTcOn4ryX96F0ZSJmXH59jDduX_jhFiCBuiQ1ptR_TkMe7RzHabEwTbqAYAEy6gM9EUFfOyWhSmkSqhaRoN394cI5gzV=w408-h367-k-no,https://lh3.googleusercontent.com/gps-cs-s/AHRPTWmuHtFjbAZjOyaJuTJfjxf7G2rCm2b9TS3KKS5jafvxbTcOn4ryX96F0ZSJmXH59jDduX_jhFiCBuiQ1ptR_TkMe7RzHabEwTbqAYAEy6gM9EUFfOyWhSmkSqhaRoN394cI5gzV=w330-h298-k-no,https://lh3.googleusercontent.com/gps-cs-s/AHRPTWkkWzOP8ip_HozvOZJJ_aeWEHNdOvwMqqMoaqONbBgOQOAEwYbLNsA1eWXVpVO3-cJE0jkTnyKsmaiJkrwG1JK_rs45LbrPF0RK6nQCTclFlhIBWlT5TGwWK8ca2Qt3yODbBXq3=w340-h298-k-no,https://lh3.googleusercontent.com/gps-cs-s/AHRPTWnvHh3LYcvDcDNKhvdUCeCF4B6dalEwPr9oQFwAQkbG49FeoczDDciT_-dxKzhSnXRXCcxA33o4gA8QCLCMiExjww0sg32CwRPynMg3wOzwb-8AWVHkNQ8DrkZyNqGlktqsZ-sT=w399-h298-k-no,https://lh3.googleusercontent.com/a-/ALV-UjVf34m5PF6NLJj_8Vd8SP8Qb5ocGoucb5Y-kndQbsDmMXDvD92iVw=w36-h36-p-rp-mo-br100,https://lh3.googleusercontent.com/gps-cs-s/AHRPTWm_q3IybSGTEitWvTotXjqrQDz7wDZHMa5Ul8JouZxn75BXDvbTFf-Es7ZyTuTapr-SRn63I3MEFc1gCcbvdQntnVCmhraKQqOoafQTaJiB8U4p9VnFLahaLj1A-hsHcgp3s5sZ=w156-h114-p-k-no,https://lh3.googleusercontent.com/gps-cs-s/AHRPTWkNT8DFc-vezAWuOfKNMGowEFyRP-icyoErpoeUMbwCDr1IAjbYyUHFPKGmLja9NE5v7vcWfvOZNAmeA7e15IiCL9vCuZXeyMCvwgRSbLONlpUsybGh-BeBQsAwtRRjLr7e7p8=w156-h114-p-k-no,https://lh3.googleusercontent.com/gps-cs-s/AHRPTWkEZ7c8IKoPadLDa_JTRM90kfkmXskM0nsirMeZ7kT49IjL3jDpAvxC7S0M8qrSB0uaOY3uvGyajgLEcZsKUY8NuwGPn8eXbTt205V1Ls70XzcP3eTwN1zSmcSkgqfmL5ssZDBGPnhlyixw=w156-h114-p-k-no",36.8945322,10.185509,hey@dunetech.co.uk,Not Available,Not Available,Not Available,Not Available,https://linkedin.com/company/dunetechnology,"Service options,,Online appointments,,On-site services"
RFC,https://www.google.com/maps/place/RFC/data=!4m7!3m6!1s0x12fd34bb1293abeb:0x9bba35cfe3f4f394!8m2!3d36.8450577!4d10.1835574!16s%2Fg%2F11cpg73cc1!19sChIJ66uTErs0_RIRlPP04881ups?authuser=0&hl=en&rclk=1,https://streetviewpixels-pa.googleapis.com/v1/thumbnail?panoid=S5gxck3La9icCngkpfHFKg&cb_client=search.gws-prod.gps&w=408&h=240&yaw=103.24744&pitch=0&thumbfov=100,4.6,Not Available,Software company,"R5WM+2CF, Tunis","Monday, 8 AM to 12:30 PM, 2 to 6 PM,Thursday, 8 AM to 12:30 PM, 2 to 6 PM,Friday, 8 AM to 12:30 PM, 2 to 6 PM,Saturday, Closed,Sunday, Closed",Not Available,Not Available,36 060 606,"https://streetviewpixels-pa.googleapis.com/v1/thumbnail?panoid=S5gxck3La9icCngkpfHFKg&cb_client=search.gws-prod.gps&w=86&h=86&yaw=103.24744&pitch=0&thumbfov=100,https://streetviewpixels-pa.googleapis.com/v1/thumbnail?panoid=S5gxck3La9icCngkpfHFKg&cb_client=search.gws-prod.gps&w=408&h=240&yaw=103.24744&pitch=0&thumbfov=100,https://streetviewpixels-pa.googleapis.com/v1/thumbnail?panoid=S5gxck3La9icCngkpfHFKg&cb_client=maps_sv.tactile.gps&w=224&h=298&yaw=103.24744&pitch=0&thumbfov=100,https://lh3.googleusercontent.com/a-/ALV-UjXJFcFa7zdfvKbpPSWLIDfZTvvnLTN742pTXS6tG7Le-mK8pPbO=w36-h36-p-rp-mo-br100,https://lh3.googleusercontent.com/a-/ALV-UjWBg-2fdfptbOocOnMaNXK8dIuY4iXmQsSn2DYQwRujcgR2FoZyVQ=w36-h36-p-rp-mo-br100,https://lh3.googleusercontent.com/a-/ALV-UjWgLJOb5Y9dcGyEMjV57-zC9RkDOs9ApazRvq-zcxsFZH02zUfcIg=w36-h36-p-rp-mo-ba12-br100,https://lh3.googleusercontent.com/gps-cs-s/AHRPTWnWC4z2J4N3armhvCMe886Wr0yeitVnaFbv3JRZWRZ4PvRweKDw20mMu9EZs_XEYKr8ug4QqdAauWIbwQrg0m9V4qnuTvxLFA26EX5hPgew2IXT7XQNoPhzVG8vPNMud1s-Jbog0WUoTNrN=w156-h114-p-k-no,https://lh3.googleusercontent.com/gps-cs-s/AHRPTWmRlHgzk027zSrUPnS8ulURyK6a_DY7YIxsgkqvuSHK7rFhPWlLsKgdad9WNgHqsN65USY0VwdGe7EAOGrBmogsBJO0bI3_U40x2gOyZnzUyJz0783yCPURxUz5Xo9pMLTk2odvIQ=w156-h114-p-k-no",36.8450577,10.1835574,Not Available,Not Available,Not Available,Not Available,Not Available,Not Available,Not Available
SAFOZI - Rock Solid Cloud Infrastructure,https://www.google.com/maps/place/SAFOZI+-+Rock+Solid+Cloud+Infrastructure/data=!4m7!3m6!1s0x12fd334e7b26ca8b:0xc4d5d1c03e9e394!8m2!3d36.8558912!4d10.1568318!16s%2Fg%2F11fz0d2x97!19sChIJi8ome04z_RIRlOPpAxxdTQw?authuser=0&hl=en&rclk=1,https://streetviewpixels-pa.googleapis.com/v1/thumbnail?panoid=CsnhMtwTOSIXe3e8ZzZIXw&cb_client=search.gws-prod.gps&w=408&h=240&yaw=180.1223&pitch=0&thumbfov=100,4.9,Not Available,Web hosting company,"Av. Hédi Nouira, Résidence MAYA D6, ENNASR II, Ariana 2037","Monday, 9 AM to 6 PM,Thursday, 9 AM to 6 PM,Friday, 9 AM to 6 PM,Saturday, 9 AM to 6 PM,Sunday, Closed",Not Available,https://www.safozi.com/,70 036 675,"https://streetviewpixels-pa.googleapis.com/v1/thumbnail?panoid=CsnhMtwTOSIXe3e8ZzZIXw&cb_client=search.gws-prod.gps&w=86&h=86&yaw=180.1223&pitch=0&thumbfov=100,https://streetviewpixels-pa.googleapis.com/v1/thumbnail?panoid=CsnhMtwTOSIXe3e8ZzZIXw&cb_client=search.gws-prod.gps&w=408&h=240&yaw=180.1223&pitch=0&thumbfov=100,https://streetviewpixels-pa.googleapis.com/v1/thumbnail?panoid=CsnhMtwTOSIXe3e8ZzZIXw&cb_client=maps_sv.tactile.gps&w=224&h=298&yaw=180.1223&pitch=0&thumbfov=100,https://lh3.googleusercontent.com/gps-cs-s/AHRPTWlUStEIW1YiJg7FHuJLabOKJdTd3HwDgpdCrDHyvyPsUcN3DhrQoi0T2xttUCPWx-vS_eDxpxdD5ShsatRb3iQX50EIxaVIw97EEFhL33OZVXd6Ae1DLRl3V3fa4ZYj-jacmi4T_A=w528-h298-k-no,https://lh3.googleusercontent.com/gps-cs-s/AHRPTWmiBH06REn1SfkRyC1mNKczDCC1347JDxSUD3vYBjvZ2kuMmu0NeMxPzv6l4DhdHdI4zQgXyOYzagyVwPirXhEYkxtuyaOW9kFsBXgRCRjXrFRzcltS-ZvyRtcm42uYXC6ZG1Dh=w529-h298-k-no,https://lh3.googleusercontent.com/a-/ALV-UjVYzroPj_dB24mvAB1elC7WJSFC2qzyFBtxb2kO-AyeGUVjNY2H=w36-h36-p-rp-mo-br100,https://lh3.googleusercontent.com/a-/ALV-UjXhovc3Qs5XkTK46RpEytIp_LmjwGTW-lVa1orVjGO_MMIQ1K6V=w36-h36-p-rp-mo-br100,https://lh3.googleusercontent.com/a-/ALV-UjUlZe18pDgKvKVxuyXICkui0XL2eoHVykzMnUJvcM7-vTKGRxeoOA=w36-h36-p-rp-mo-br100,https://lh3.googleusercontent.com/gps-cs-s/AHRPTWmQre5l5viNqAptZ7x24accqnGldU0MwpDHAzQH5FOjzYklJ9vAWanQzh9tQ_9lohGYa7kW-Vtv9HcT3RhniFzg4AQeGUEH117mePfAJX6LSRdSFl9Zz2WX-kCIvGhRzwPoIeD6=w156-h114-p-k-no,https://lh3.googleusercontent.com/gps-cs-s/AHRPTWm_q3IybSGTEitWvTotXjqrQDz7wDZHMa5Ul8JouZxn75BXDvbTFf-Es7ZyTuTapr-SRn63I3MEFc1gCcbvdQntnVCmhraKQqOoafQTaJiB8U4p9VnFLahaLj1A-hsHcgp3s5sZ=w156-h114-p-k-no,https://lh3.googleusercontent.com/gps-cs-s/AHRPTWnv7IqhE9eyp3BbCxagqs0tHst7Jx6UD6MPX50c_9EgWhkxtKtH7e3QTLBYYiHKAa_BC7Y_4-I2NeV4Hl2novII01tMBtQ_NwG9pxpbdlV7KGkjD7l9Bl_V7uJhmEXvc6tcovs=w156-h114-p-k-no",36.8558912,10.1568318,Support@safozi.com,https://www.facebook.com/SAFOZIistheCloud/,Not Available,Not Available,Not Available,https://www.linkedin.com/company/safoziisthecloud/posts/?feedView=all,Not Available
NeoXam,https://www.google.com/maps/place/NeoXam/data=!4m7!3m6!1s0x12e2cb0b35e4ead5:0x33b934595f62b1d9!8m2!3d36.8969399!4d10.1922136!16s%2Fg%2F11c535w6md!19sChIJ1erkNQvL4hIR2bFiX1k0uTM?authuser=0&hl=en&rclk=1,https://lh3.googleusercontent.com/gps-cs-s/AHRPTWmLVqk3t0IifTa0Far-T-ehMqBXmu_-EVyS3uu5ANTTv5bf6sTb4wlJ34mG_sZ4sji-kgbLx_Z9mkxkbpzL_WmM64fRXe2e7fMB4QvzMSNGHEUce1HQ2XxeCcKvJL1HbCHYYuSdsA=w408-h353-k-no,4.3,Not Available,Software company,"Immeuble NIDA, Pôle Technologique El Ghazala, 2088, Ariana","Monday, 8 AM to 6 PM,Thursday, 8 AM to 6 PM,Friday, 8 AM to 6 PM,Saturday, Closed,Sunday, Closed",Not Available,http://www.neoxam.com/,71 116 300,"https://lh3.googleusercontent.com/gps-cs-s/AHRPTWmLVqk3t0IifTa0Far-T-ehMqBXmu_-EVyS3uu5ANTTv5bf6sTb4wlJ34mG_sZ4sji-kgbLx_Z9mkxkbpzL_WmM64fRXe2e7fMB4QvzMSNGHEUce1HQ2XxeCcKvJL1HbCHYYuSdsA=w32-h32-p-k-no,https://lh3.googleusercontent.com/gps-cs-s/AHRPTWmLVqk3t0IifTa0Far-T-ehMqBXmu_-EVyS3uu5ANTTv5bf6sTb4wlJ34mG_sZ4sji-kgbLx_Z9mkxkbpzL_WmM64fRXe2e7fMB4QvzMSNGHEUce1HQ2XxeCcKvJL1HbCHYYuSdsA=w408-h353-k-no,https://lh3.googleusercontent.com/gps-cs-s/AHRPTWl_srs2-X9KL4lswl4JvS3q59AeX8hiYCYuAnjuWsG6-QYTAZF4db9KfDNRfjSnkWGh89jbsQpS1P6GbEV_4mcI40-_jvXXulGeZO6QLivk6tB4b1Wd9MP_EI010Ibr-GLIU5QEgw=w360-h240-k-no,https://lh3.googleusercontent.com/a-/ALV-UjWDwtL9YcXpEroRlc9YsBtTpunE32jy8WSLZVCrS1qNo6rGYguH=w36-h36-p-rp-mo-ba12-br100,https://lh3.googleusercontent.com/a-/ALV-UjXFvPNbvzLaNMc3kmiom2NYFxSp6bzUfe-EHQ-wxufbktkPq45l=w36-h36-p-rp-mo-ba12-br100,https://lh3.googleusercontent.com/a/ACg8ocLokaa1BQ1BbxD0gNRAVF6oDYutt-vJ6ANxbt_e6LCkBpvl_A=w36-h36-p-rp-mo-br100,https://lh3.googleusercontent.com/gps-cs-s/AHRPTWllrxVXqPzY0UflW8-lJ8fgLfgGW2KmatEIw2lk0-8yUVzQuB0hmsUg_txE7d2R_f9AdQ6aSEslhnOSDpUOsyVaPsl4o9mnrxtHsiYYuFVcOHsYF1d9Dw3MQvg1AjcflTYP9TQa=w156-h114-p-k-no,https://lh3.googleusercontent.com/gps-cs-s/AHRPTWnfOcq3HG4qIqRT0LUlzrL0u_dREs305eKU1oJEgf9yaM63eyZZM-D12Cofd-AsgU8uDX02IAFtbL2IDp5HvZnxKDIRPuaeR8E8t-Bdxi3wJgHf_R2scGB-nzl-S5farTvIKs6b=w156-h114-p-k-no",36.8969399,10.1922136,privacy@neoxam.com,https://www.facebook.com/neoxamsoftware/,https://www.twitter.com/neoxamsoftware,Not Available,https://www.youtube.com/channel/UCkXfTkZerN3TSlunbKQCgzg,https://www.linkedin.com/company/neoxam,"Accessibility,,Wheelchair-accessible entrance"
Linckia Tunisie,https://www.google.com/maps/place/Linckia+Tunisie/data=!4m7!3m6!1s0x12fd34b3fd2b4127:0x3fe9d281ac8a203f!8m2!3d36.854966!4d10.187287!16s%2Fg%2F113fs34m0!19sChIJJ0Er_bM0_RIRPyCKrIHS6T8?authuser=0&hl=en&rclk=1,https://streetviewpixels-pa.googleapis.com/v1/thumbnail?panoid=ECKcMTb0wvAsprXN0bdMbQ&cb_client=search.gws-prod.gps&w=408&h=240&yaw=117.71396&pitch=0&thumbfov=100,Not Available,Not Available,Software company,"B16, Immeuble SALAMA، 84 Av Habib Bourguiba 2éme étage, Ariana 2084","Monday, 8 AM to 6 PM,Thursday, 8 AM to 6 PM,Friday, 8 AM to 6 PM,Saturday, Closed,Sunday, Closed",Not Available,http://www.linckia.tn/,20 735 553,"https://streetviewpixels-pa.googleapis.com/v1/thumbnail?panoid=ECKcMTb0wvAsprXN0bdMbQ&cb_client=search.gws-prod.gps&w=86&h=86&yaw=117.71396&pitch=0&thumbfov=100,https://streetviewpixels-pa.googleapis.com/v1/thumbnail?panoid=ECKcMTb0wvAsprXN0bdMbQ&cb_client=search.gws-prod.gps&w=408&h=240&yaw=117.71396&pitch=0&thumbfov=100,https://streetviewpixels-pa.googleapis.com/v1/thumbnail?panoid=ECKcMTb0wvAsprXN0bdMbQ&cb_client=maps_sv.tactile.gps&w=224&h=298&yaw=117.71396&pitch=0&thumbfov=100,https://lh3.googleusercontent.com/gps-cs-s/AHRPTWkZAxvpuT-e2C7cXXc94wanQMDJF_ojqVh_MjkdFoDdKYNn6UXPs7TCk-JMNk2q47AnOqjfbIgSkYCMVSN_41AZjtnsp_8TQjG4chNRGere3Fvpo6kMezzOYMZKDIYeBQXeOe1RZA=w298-h298-k-no,https://lh3.googleusercontent.com/gps-cs-s/AHRPTWnoxDN6CbFcFMiluvQ_rbVcCpImcTaWMZWPAGMH0asu06mx4D59plDw4spxkNPZc6emUGWK7CUtdeT_kNDIMjd7LDCP5_DjXpyF7hCxQqAMob3Byz-gHKtqWdU1nkeT1wC8wy4=w156-h114-p-k-no",36.854966,10.187287,contact@linckia.tn,Not Available,Not Available,Not Available,Not Available,Not Available,Not Available
Gola Services,https://www.google.com/maps/place/Gola+Services/data=!4m7!3m6!1s0x12e2cb37e1cd2d63:0xcc611b7829c6c5f0!8m2!3d36.868346!4d10.1927424!16s%2Fg%2F11bx8r220y!19sChIJYy3N4TfL4hIR8MXGKXgbYcw?authuser=0&hl=en&rclk=1,https://lh3.googleusercontent.com/gps-cs-s/AHRPTWmv2aM1CiKuv1XKt42Bdql2YC9YnSOA0c5uhj4tu4G24QHAZD35xUwHBsKzpUWwtH-On-RzKBTOOfeAMuxF_0XxR6JdcGE8kZp0jClHNneIHf7ma-AdDo4rauBc6yArbicpvkXQ=w427-h240-k-no,4.9,Not Available,Computer service,"R-11, 61 Rue Ibn Mandhour, Ariana","Monday, Open 24 hours,Thursday, Open 24 hours,Friday, Open 24 hours,Saturday, Open 24 hours,Sunday, Open 24 hours",Not Available,https://select.gola.tn/,71 709 333,"https://lh3.googleusercontent.com/gps-cs-s/AHRPTWmv2aM1CiKuv1XKt42Bdql2YC9YnSOA0c5uhj4tu4G24QHAZD35xUwHBsKzpUWwtH-On-RzKBTOOfeAMuxF_0XxR6JdcGE8kZp0jClHNneIHf7ma-AdDo4rauBc6yArbicpvkXQ=w32-h32-p-k-no,https://lh3.googleusercontent.com/gps-cs-s/AHRPTWmv2aM1CiKuv1XKt42Bdql2YC9YnSOA0c5uhj4tu4G24QHAZD35xUwHBsKzpUWwtH-On-RzKBTOOfeAMuxF_0XxR6JdcGE8kZp0jClHNneIHf7ma-AdDo4rauBc6yArbicpvkXQ=w427-h240-k-no,https://lh3.googleusercontent.com/gps-cs-s/AHRPTWmv2aM1CiKuv1XKt42Bdql2YC9YnSOA0c5uhj4tu4G24QHAZD35xUwHBsKzpUWwtH-On-RzKBTOOfeAMuxF_0XxR6JdcGE8kZp0jClHNneIHf7ma-AdDo4rauBc6yArbicpvkXQ=w531-h298-k-no,https://lh3.googleusercontent.com/a-/ALV-UjXqfqP-BQrfWRbGzvjT498m_FJ9cUC_AHtsKPisjP-LxTZbAfU=w36-h36-p-rp-mo-br100,https://lh3.googleusercontent.com/a-/ALV-UjUAThzriqc5WQGL0ZfrtC8VIJ7RIlmUDh7GxngZP_nDoNCg6x6b=w36-h36-p-rp-mo-ba12-br100,https://lh3.googleusercontent.com/a-/ALV-UjXIPAR_N4Sqjd0PYg_c2ibZqdOw2h71xhiQ-NWaS_54ouiSi6dB=w36-h36-p-rp-mo-ba12-br100,https://lh3.googleusercontent.com/gps-cs-s/AHRPTWkK_4VdTOJY2cwm1X_BCZIURohE2fxrG4TnqSQTCSDHc4CAAL9xorrm_xgzUigtDe1H3HWvUBsll3_K43Y8etSmhLZCS4nna-UL1aABY9wFpWSVNvkurYNBPa48CQNhfqJ9zR95=w156-h114-p-k-no,https://lh3.googleusercontent.com/gps-cs-s/AHRPTWkk8HsfUKYVgQVBlgtQ7fCBBBIz8qxyeE_3lSfPmdHq8pVle4Lto-C1kU6VpqNtPPoduZLTYztIJxSXCDDqIAdowj6nBvLwkYY_VUYwcWzu8p5yoB14Z_AUZvN3YW9BSBfhR38=w156-h114-p-k-no",36.868346,10.1927424,contact@gola.tn,https://www.facebook.com/GOLAServices/,https://twitter.com/golaservices,https://www.instagram.com/golaservices/,https://www.youtube.com/channel/UCSq3NkvGO-ihu4ou4UoCqvg,Not Available,"Service options,,Online appointments,,On-site services,    Planning,,Appointment required"
MAZMA Technologies,https://www.google.com/maps/place/MAZMA+Technologies/data=!4m7!3m6!1s0x12fd3510cb91e1b9:0xd67f38bfa81b8624!8m2!3d36.8515598!4d10.1980361!16s%2Fg%2F11rvc67b0b!19sChIJueGRyxA1_RIRJIYbqL84f9Y?authuser=0&hl=en&rclk=1,https://lh3.googleusercontent.com/a/ACg8ocIi1yAp9IIRqnRZ5_ebLiNV1hoxE49Xv_Z5g3wZl070gHv5MQ=w36-h36-p-rp-mo-br100,5.0,Not Available,Software company,"Immeuble Tunis-Carthage, Rue Errihanne, Bloc A, 4e Et, A19, Ariana",Not Available,Not Available,http://mazma.fr/,22 970 241,"https://lh3.googleusercontent.com/a/ACg8ocIi1yAp9IIRqnRZ5_ebLiNV1hoxE49Xv_Z5g3wZl070gHv5MQ=w36-h36-p-rp-mo-br100,https://lh3.googleusercontent.com/gps-cs-s/AHRPTWnMS1FGOg3X8WEEPTmguSH-2rn0-MAj4A7UOqjzWwFUXYg1eCHnFk15AvcWSkPHNiJU-Y8AFWTbRhcaanlNJcZQBLulioAdHHmNDp0WbxhnlA11EpF6S_R76n1BJsZMbkHr78pdvQ=w156-h114-p-k-no,https://lh3.googleusercontent.com/gps-cs-s/AHRPTWn3zG7SAK6od_sS8dF8myBi8rg486ySlOc7oDh3jsdRyc1qwoha943zEC33oDAY-iGEWt3JElssyRImhVQ3qX5Sldr4gPIko-tAdmzjCR0I_hwQbekySWMfWnJwxjscT7NHmPk=w156-h114-p-k-no",36.8515598,10.1980361,Not Available,Not Available,Not Available,Not Available,Not Available,Not Available,Not Available
SpaceNet Ariana,https://www.google.com/maps/place/SpaceNet+Ariana/data=!4m7!3m6!1s0x12fd34adb708dc63:0xb0e327d72f05b69c!8m2!3d36.85645!4d10.1807172!16s%2Fg%2F11bzr93fs7!19sChIJY9wIt600_RIRnLYFL9cn47A?authuser=0&hl=en&rclk=1,https://lh3.googleusercontent.com/gps-cs-s/AHRPTWmqrb2p-cCxL_sveZsoW41NqwmlXNzwaulyQGvN08QaQ_u2tJEV0livXW_SwWeh_MOqTSQdIxuO87-B1EZfsC2x04hW4FobwROtRSFeLZdNobBYgwHmltl50kaZCDHnQhUggwU=w408-h884-k-no,3.9,Not Available,Computer store,"25, rue Mustapha Hjaiej 2080 Ariana - Tunis, Ariana 2080","Monday, 7:30 AM to 7 PM,Thursday, 7:30 AM to 7 PM,Friday, 7:30 AM to 7 PM,Saturday, 7:30 AM to 7 PM,Sunday, 9 AM to 3 PM",Not Available,https://spacenet.tn/,70 223 305,"https://streetviewpixels-pa.googleapis.com/v1/thumbnail?panoid=kEgzAdTe1I7QMxg6eyuNCg&cb_client=search.gws-prod.gps&yaw=60.99206&pitch=0&thumbfov=100&w=300&h=104,https://lh3.googleusercontent.com/gps-cs-s/AHRPTWmqrb2p-cCxL_sveZsoW41NqwmlXNzwaulyQGvN08QaQ_u2tJEV0livXW_SwWeh_MOqTSQdIxuO87-B1EZfsC2x04hW4FobwROtRSFeLZdNobBYgwHmltl50kaZCDHnQhUggwU=w32-h32-p-k-no,https://lh3.googleusercontent.com/gps-cs-s/AHRPTWmqrb2p-cCxL_sveZsoW41NqwmlXNzwaulyQGvN08QaQ_u2tJEV0livXW_SwWeh_MOqTSQdIxuO87-B1EZfsC2x04hW4FobwROtRSFeLZdNobBYgwHmltl50kaZCDHnQhUggwU=w408-h884-k-no,https://lh3.googleusercontent.com/gps-cs-s/AHRPTWmqrb2p-cCxL_sveZsoW41NqwmlXNzwaulyQGvN08QaQ_u2tJEV0livXW_SwWeh_MOqTSQdIxuO87-B1EZfsC2x04hW4FobwROtRSFeLZdNobBYgwHmltl50kaZCDHnQhUggwU=w224-h485-k-no,https://lh3.googleusercontent.com/gps-cs-s/AHRPTWl-x_QgsG-7U4KEFIezeRj7TWIcCJ9jQ0xPAiLSfkz8b66ola3BBnF3bNnOmMnRAeVOHajE4nMw74-tJqi5SxqIip9Sv52YExi4OaluX97dWNTYzYvUTucbQl-zaly6CYMD0k92=w224-h485-k-no,https://lh3.googleusercontent.com/gps-cs-s/AHRPTWkPk2RoEP0j8NAlRrR7dii0-PikPR5t9_sW6xX9wjb326gJmt03LjyeA2VUZWxQ8BtZvXDBkeJMWo7qTVxy3gjmnUOrzdY_ZvYyhyP1PlFloGFzKT4kYBT1ERwqGDBxFrSBNTfDzg=w529-h298-k-no,https://lh3.googleusercontent.com/gps-cs-s/AHRPTWngM3wivEDbt5rju5FDpdwOJQJbDmepWFIT12JKpDdqzopbPN_nsM4FcQwFHToPKlgAvPTZhHDDUi74DNmZN_BIaz1dciKng_QZTDNsIwV1SKCZxNSbbcaLHKsHnxxR23eMcYJI=w397-h298-k-no,https://lh3.googleusercontent.com/gps-cs-s/AHRPTWmfEsGc6oVYsINxWnYX9lnGFXbrlk45c2hu4br6GXIdxKg_dbQaANGQ4FLB3MK0-CCkvrgl5Y6OEkXTa-pg4fgpLMdkUjmMXVOsFYzDr0qP1j65SuhBL8X3uQ_HNxhuP7dYhlT3=w447-h298-k-no,https://streetviewpixels-pa.googleapis.com/v1/thumbnail?panoid=17M6VkgVu_TmlPrPPft0VQ&cb_client=maps_sv.tactile.gps&w=224&h=298&yaw=162.47272&pitch=0&thumbfov=100,https://lh3.googleusercontent.com/a-/ALV-UjVSz0uqqnnsLzL8Qv043kesttdor3GP3o20X15Ji_rT3afn6OKDVA=w36-h36-p-rp-mo-ba12-br100,https://lh3.googleusercontent.com/a-/ALV-UjWGs4G6_ytpgAfdMvR7AkDojoU6fcvm3I0bYlNd6vr0HdYhOjw=w36-h36-p-rp-mo-br100,https://lh3.googleusercontent.com/a-/ALV-UjXxqvI-kGZ6PeMKKgIh09ymtZQ2LTA6xAu0UEC8YOxpyu1t-G_1=w36-h36-p-rp-mo-br100,https://lh3.googleusercontent.com/gps-cs-s/AHRPTWkhGzPYP-KGDyznozPrEl4L8E7OgRb7EKc7DX5orkzkY0M34mJhYE5KMFUxfxnPdLnEZD930ny3wz1L8aJyW0cXuQiZ5uYWdlyZxWBmGHZGX7_jvLmd4xU2NNk3t2ICVnUv8SGIbBalgcui=w156-h114-p-k-no,https://lh3.googleusercontent.com/gps-cs-s/AHRPTWkRTDglSWiu4GXLSHJOqjrQuEBnp692LKHDemqzHFzOfeFptN0kt9NJxD2_jR8CGP6wrGWwUxWM6BlGM_R_rFNNItVdYYbnGtp6XLd6bGgRGoxhXGbGyUR5NUCWBwH8JbGZllvnBxahjg9T=w156-h114-p-k-no,https://lh3.googleusercontent.com/gps-cs-s/AHRPTWmDV08oKwDtxucrMSR2mQ6cGhlNquovvyzXXSkBHCralheUoexwICijlqEiqPxEqSrBTYPFrltrofNLSNmFD4SnkdFJmpR9I1Au9pBHGXfWEf_MlWcnsFWia_mPpYt4qkfB8IE=w156-h114-p-k-no,https://lh3.googleusercontent.com/gps-cs-s/AHRPTWkd2-ps4DUoaVh6yhPdAwZLuEOcMeZw_1ULVI1q4QAM7-Jx8sPv_L7zHpW9amk50Qf3YYPrrCUXw__o7P8PoFrSYKSSqqrp_f9vlxtcEK--bmCSuyll915HZ0W9UO6BXox5lC5uxaQlAYcW=w156-h114-p-k-no,https://lh3.googleusercontent.com/gps-cs-s/AHRPTWngSF4E54cuJpxzNKXX8FKsZZegMJh_jJ_wHrzuTQ_0nlsXyP5iwR-vb6dViyRlqHJd7sbYIwKP0K9r7NLfAv01hIW2xpIEFD3jjN6du2yUR61Jfh9fIn9esbQgelQ0lzd4OJ0O=w156-h114-p-k-no",36.85645,10.1807172,contact@spacenet.tn,Not Available,Not Available,Not Available,https://www.youtube.com/watch?v=9vOm8tKkcl0,Not Available,"Accessibility,,Wheelchair-accessible entrance,    Service options,,Delivery,,In-store pick-up,,In-store shopping,,On-site services,    Planning,,Quick visit,    Payments,,Credit cards,,Debit cards"
Wizio Digital Services,https://www.google.com/maps/place/Wizio+Digital+Services/data=!4m7!3m6!1s0x12fd8b1fc24cd99f:0x601d0ac05514c807!8m2!3d35.809124!4d10.6223862!16s%2Fg%2F11yzd4kc6l!19sChIJn9lMwh-L_RIRB8gUVcAKHWA?authuser=0&hl=en&rclk=1,https://lh3.googleusercontent.com/gps-cs-s/AHRPTWndWOqjo0T_M8XH95oDCnUbe88osqvk24ppoQ1_YKKYOsMNm6ReAQem2DGWdTgqcmDWpbZBY2_hYv5umBl6IjbwPAp_ThLuiNhXLeWq1De_JOkpSuljmNVIyMyBZGY0ShE1--0mtIHOarOE=w426-h240-k-no,5.0,Not Available,Software company,"4000, route GP1, Sousse 4000","Monday, 8 AM to 6 PM,Thursday, 8 AM to 6 PM,Friday, 8 AM to 6 PM,Saturday, 8 AM to 6 PM,Sunday, Closed",Not Available,https://wizio.tn/,93 476 606,"https://lh3.googleusercontent.com/gps-cs-s/AHRPTWndWOqjo0T_M8XH95oDCnUbe88osqvk24ppoQ1_YKKYOsMNm6ReAQem2DGWdTgqcmDWpbZBY2_hYv5umBl6IjbwPAp_ThLuiNhXLeWq1De_JOkpSuljmNVIyMyBZGY0ShE1--0mtIHOarOE=w32-h32-p-k-no,https://lh3.googleusercontent.com/gps-cs-s/AHRPTWndWOqjo0T_M8XH95oDCnUbe88osqvk24ppoQ1_YKKYOsMNm6ReAQem2DGWdTgqcmDWpbZBY2_hYv5umBl6IjbwPAp_ThLuiNhXLeWq1De_JOkpSuljmNVIyMyBZGY0ShE1--0mtIHOarOE=w426-h240-k-no,https://lh3.googleusercontent.com/gps-cs-s/AHRPTWndWOqjo0T_M8XH95oDCnUbe88osqvk24ppoQ1_YKKYOsMNm6ReAQem2DGWdTgqcmDWpbZBY2_hYv5umBl6IjbwPAp_ThLuiNhXLeWq1De_JOkpSuljmNVIyMyBZGY0ShE1--0mtIHOarOE=w529-h298-k-no,https://lh3.googleusercontent.com/gps-cs-s/AHRPTWn3vqhM_-a_riYZptvKiFkwFl7yDvijpfupyzGPS6a7MVEkBEzT995vkzEw6nGSan38qviDHbbRWwo5XdU4cVcNbIMXiz3dU5ckXR0LvzR4tcdOeETwVdXXq5KNhpEl_x34LbQDb8li4Iok=w529-h298-k-no,https://streetviewpixels-pa.googleapis.com/v1/thumbnail?panoid=ekCAP97ihcl0VWkLU-JPOA&cb_client=maps_sv.tactile.gps&w=224&h=298&yaw=323.47964&pitch=0&thumbfov=100,https://lh3.googleusercontent.com/a/ACg8ocIWaMDWaVxA-PmCLosYlI-kIR-CwFRnwDAtLN4aJuLmeumXOQ=w36-h36-p-rp-mo-br100,https://lh3.googleusercontent.com/a-/ALV-UjUs-LGK21gdkIzT6thIKEwBWuie6p8_6g399LeNJ4AcrVsF_Zo=w36-h36-p-rp-mo-br100,https://lh3.googleusercontent.com/a/ACg8ocKN0O0l7lgcAGrYJ0U6P0GgYKbq0cUW2p1vUumJC3RIHAmSTe4=w36-h36-p-rp-mo-br100",35.809124,10.6223862,contact@wizio.tn,https://www.facebook.com/people/Wizio-DS/61584946963802/#,Not Available,Not Available,Not Available,https://www.linkedin.com/in/wizio-digital-services-b866093a9/,"Service options,,Online appointments,,On-site services"
ITGate,https://www.google.com/maps/place/ITGate/data=!4m7!3m6!1s0x12fd8a697f6452e7:0xab7cbbb928a86ac4!8m2!3d35.8592373!4d10.6001848!16s%2Fg%2F11c46dyfs7!19sChIJ51Jkf2mK_RIRxGqoKLm7fKs?authuser=0&hl=en&rclk=1,https://lh3.googleusercontent.com/a-/ALV-UjWnU8s4Q4REoVF3gzucCs4PIxfHxT3hNbFXBWq0NsEFKMwoQ5s=w36-h36-p-rp-mo-br100,4.3,Not Available,Software company,"2éme étage B1، Résidence El Hamd, Rue d'Algérie, Sousse 4011","Monday, 8 AM to 6 PM,Thursday, 8 AM to 6 PM,Friday, 8 AM to 6 PM,Saturday, 9 AM to 1 PM,Sunday, Closed",Not Available,https://itgate-group.com/,73 325 001,"https://lh3.googleusercontent.com/gps-cs-s/AHRPTWmHxVp0hiUZl3R7AJ1dW-QOtAZe2BNUdtni-2qpe9LeD3dyll668C9vAH0Aw8AY2UJ7zIuV3fYb51W0Z9JtiU8ZCTrAM1GmrlJEqWXHBo7pGwu3sRvv3zlsgbWs0Ek59DZAKyob=w32-h32-p-k-no,https://lh3.googleusercontent.com/gps-cs-s/AHRPTWmHxVp0hiUZl3R7AJ1dW-QOtAZe2BNUdtni-2qpe9LeD3dyll668C9vAH0Aw8AY2UJ7zIuV3fYb51W0Z9JtiU8ZCTrAM1GmrlJEqWXHBo7pGwu3sRvv3zlsgbWs0Ek59DZAKyob=w408-h408-k-no,https://lh3.googleusercontent.com/gps-cs-s/AHRPTWmHxVp0hiUZl3R7AJ1dW-QOtAZe2BNUdtni-2qpe9LeD3dyll668C9vAH0Aw8AY2UJ7zIuV3fYb51W0Z9JtiU8ZCTrAM1GmrlJEqWXHBo7pGwu3sRvv3zlsgbWs0Ek59DZAKyob=w298-h298-k-no,https://lh3.googleusercontent.com/gps-cs-s/AHRPTWm3673MtD493rwE4sX5rhSbVi3a1SrD8_VdVmbnBb7ViWFQZLj0_xhXxhoYBy2OTYDwJrR7nB60yQtLfD3-6Vzdi1UY-C87Jo6ZFx7wbCfLOQ4fO9Yp5klaKsOiQKoFJ-eoE_3u=w298-h298-k-no,https://streetviewpixels-pa.googleapis.com/v1/thumbnail?panoid=LDeZEOyd5sX_AJEy5hBIwA&cb_client=maps_sv.tactile.gps&w=224&h=298&yaw=112.50812&pitch=0&thumbfov=100,https://lh3.googleusercontent.com/a-/ALV-UjWnU8s4Q4REoVF3gzucCs4PIxfHxT3hNbFXBWq0NsEFKMwoQ5s=w36-h36-p-rp-mo-br100,https://lh3.googleusercontent.com/a-/ALV-UjUwaVRp8eZtHdGZbKLaDzrsftlBbSz6RWDyVQaETTrgpYZpZEk=w36-h36-p-rp-mo-br100,https://lh3.googleusercontent.com/a-/ALV-UjX_SEEwc-di1Wb62519UJ9f37e6IEQcmhbMX-A7fsED1o4PnZ8l=w36-h36-p-rp-mo-br100,https://lh3.googleusercontent.com/gps-cs-s/AHRPTWm_1Q2hKaLwqwA0SgM6PtZP8-3VjrdMDmBrZursnxeTc19QbiWtK3ycupI3sEZDg16afLZuxMLvAgQR7EGBq1c_WBGrYLPiDik1fl0nAeUhd99rfp3FjUjw6ZxLLo9yJdS0InB5=w156-h114-p-k-no,https://lh3.googleusercontent.com/gps-cs-s/AHRPTWkqqBkgAtUp6QHxT9k_tH2NwKuJJFEghDICpjz5RQpvNUXLUhCc4DqHpZ7xZERJM1EJIypSmpB0aIoalQA2eTu3DrgGUsw4IWIlGj6sjLUCqJse4hQ-ngyfCuJEzizwxNeX8C0u=w156-h114-p-k-no,https://lh3.googleusercontent.com/gps-cs-s/AHRPTWnno4UYGe2msskrY0IzOJvp8fnxURN_cM54Q2uyqQrXoKhzj3gRxgnVxOxHDMQiUy4rOkQAx4BRft33hiFa16N-JmroobtWJ_-g6TgeWY0fFiH4BGr9rATptgb2VS1ZZZtvVo58=w156-h114-p-k-no,https://lh3.googleusercontent.com/gps-cs-s/AHRPTWmKnkfZ9Kjkn0HmGjyoP7KLs7LHUO1yiEH-S_7uPvh2wHqNLcN0EYe38yhKsC_yWlCFmdhG42_a8vm-s_dCgP6I7cMXYGNg4limkCeNX37XUI_ebLrPdgu5yrdLJqYKWNA-k5XrlYi2GH4A=w156-h114-p-k-no",35.8592373,10.6001848,contact@itgate-group.com,https://www.facebook.com/itgate.group/,Not Available,https://www.instagram.com/itgate.group/,https://www.youtube.com/c/itgatetv/videos?app=desktop,https://tn.linkedin.com/company/itgategroup,"Accessibility,,Assistive hearing loop,,Wheelchair-accessible car park,,Wheelchair-accessible seating,,Wheelchair-accessible toilet,    Service options,,Online appointments,,On-site services,    Amenities,,Gender-neutral toilets,    Planning,,Appointment required,    Parking,,Free multi-storey car park,,Free of charge street parking,,Free parking lot,,On-site parking"
IDEAL CONCEPTION,https://www.google.com/maps/place/IDEAL+CONCEPTION/data=!4m7!3m6!1s0x1302759cf7bcc283:0xf576a99f2ed443b1!8m2!3d35.8307126!4d10.6249865!16s%2Fg%2F1hc3jpgtx!19sChIJg8K895x1AhMRsUPULp-pdvU?authuser=0&hl=en&rclk=1,https://lh3.googleusercontent.com/gps-cs-s/AHRPTWkqqBkgAtUp6QHxT9k_tH2NwKuJJFEghDICpjz5RQpvNUXLUhCc4DqHpZ7xZERJM1EJIypSmpB0aIoalQA2eTu3DrgGUsw4IWIlGj6sjLUCqJse4hQ-ngyfCuJEzizwxNeX8C0u=w408-h272-k-no,4.9,Not Available,Software company,"près de Carrefour Market Jawhara، Boulevard 20 Mars Immeuble Aoun، N° 604 6ème étage, Sousse 4000","Monday, 8 AM to 1 PM, 2 to 5 PM,Thursday, 8 AM to 1 PM, 2 to 5 PM,Friday, 8 AM to 1 PM, 2 to 5 PM,Saturday, Closed,Sunday, Closed",Not Available,http://www.idealconception.com/,73 204 210,"https://lh3.googleusercontent.com/gps-cs-s/AHRPTWkqqBkgAtUp6QHxT9k_tH2NwKuJJFEghDICpjz5RQpvNUXLUhCc4DqHpZ7xZERJM1EJIypSmpB0aIoalQA2eTu3DrgGUsw4IWIlGj6sjLUCqJse4hQ-ngyfCuJEzizwxNeX8C0u=w32-h32-p-k-no,https://lh3.googleusercontent.com/gps-cs-s/AHRPTWkqqBkgAtUp6QHxT9k_tH2NwKuJJFEghDICpjz5RQpvNUXLUhCc4DqHpZ7xZERJM1EJIypSmpB0aIoalQA2eTu3DrgGUsw4IWIlGj6sjLUCqJse4hQ-ngyfCuJEzizwxNeX8C0u=w408-h272-k-no,https://lh3.googleusercontent.com/gps-cs-s/AHRPTWkqqBkgAtUp6QHxT9k_tH2NwKuJJFEghDICpjz5RQpvNUXLUhCc4DqHpZ7xZERJM1EJIypSmpB0aIoalQA2eTu3DrgGUsw4IWIlGj6sjLUCqJse4hQ-ngyfCuJEzizwxNeX8C0u=w446-h298-k-no,https://lh3.googleusercontent.com/gps-cs-s/AHRPTWkiQCtYV7aD1Rt6KfQGfa4p92MOxUzLYqa9lfAKHQyj-G4fjiIUQPpJYPaPgTdHkKy94zVfU8jxNlVkagyMExuLAfIzq0Y_ZBja0BsKG6YdNXi8q2tslxH1lyGiZFUZXVOnvfvSPg=w397-h298-k-no,https://lh3.googleusercontent.com/a/ACg8ocJI1413-GYp2dR4rZVgDb0mlXtVQ5Auetw4O-d7WxIr9yh4nw=w36-h36-p-rp-mo-br100,https://lh3.googleusercontent.com/a/ACg8ocLPXZUIcopWd_o85VlepD05iWrKFEx8b6YiJSxgG0OkgF6Unw=w36-h36-p-rp-mo-ba12-br100,https://lh3.googleusercontent.com/a-/ALV-UjV72YzdDiA9kayoV8Ec6l6KtVQcRUjKItqDAZKld8mg1-OrbWI=w36-h36-p-rp-mo-br100,https://lh3.googleusercontent.com/gps-cs-s/AHRPTWm_1Q2hKaLwqwA0SgM6PtZP8-3VjrdMDmBrZursnxeTc19QbiWtK3ycupI3sEZDg16afLZuxMLvAgQR7EGBq1c_WBGrYLPiDik1fl0nAeUhd99rfp3FjUjw6ZxLLo9yJdS0InB5=w156-h114-p-k-no,https://lh3.googleusercontent.com/gps-cs-s/AHRPTWmsYIN56Gmi81fuaA0e1p2-wNnGSNPgsibSEVCk1boqpT8fZm2MoPpY3m1sRm9M1WknZAfEzTEpyHZJhKu6zphQIdZyCL695nOyGIGLIIfK_Fx6MJylE-3f5x2ukDV3dQ2njEA4iON4cGfQ=w156-h114-p-k-no,https://lh3.googleusercontent.com/gps-cs-s/AHRPTWlzEbKOxqixiKETOm1Z4jlAGgiaBe61VzwT3BG9sjAUTVcNUy8C6rNLvTm-oLKMz0m2Kw12pbsAEXvyB26GZ25e_GlaIXJblz7iAGoxt-Hivt0rtXkqV4ML2p7FPj4QNHqxjRyX=w156-h114-p-k-no,https://lh3.googleusercontent.com/gps-cs-s/AHRPTWkQvCXiHg3FXaAgRmC3m35y0g3gaISgvmWAcSA43CthWynTX_r2MVEY6PK-48zUZML_R0C7JGFLqxmoK8C1LOm0AO_6qC4T_yPtSHsKFsKTGEX4vcdcagUx0Hu3kzmJCtIcZxM=w156-h114-p-k-no",35.8307126,10.6249865,contact@idealconception.com,https://www.facebook.com/idealconception,https://www.twitter.com/idealconception,Not Available,https://www.youtube.com/watch?v=C2lBjwt7Oa8,https://www.linkedin.com/company/idealconception,"Planning,,Appointment required"
Softylines DEV,https://www.google.com/maps/place/Softylines+DEV/data=!4m7!3m6!1s0x12fd8bfff8fb371b:0xe81ea12f58f64ed!8m2!3d35.8345229!4d10.6079317!16s%2Fg%2F11s85p4pcq!19sChIJGzf7-P-L_RIR7WSP9RLqgQ4?authuser=0&hl=en&rclk=1,https://lh3.googleusercontent.com/gps-cs-s/AHRPTWnwturmtUjcjyZq9t5rU5fturBdG_WoGSp32fsyw3FxnB7LAgpLpgw25ER9QGXYJ8_MasVF8F9lJvG9H0cUF3FlRF8Tu2z5g_TMx_ezcTBU4w8dfi136WRChpaoP1vLBqZ_qhE=w408-h408-k-no,4.6,Not Available,Software company,"Lot HC37, Sahloul 4, Sousse 4056","Monday, 8 AM to 5 PM,Thursday, 8 AM to 5 PM,Friday, 8 AM to 5 PM,Saturday, Closed,Sunday, Closed",Not Available,http://www.softylines.com/,20 133 133,"https://lh3.googleusercontent.com/gps-cs-s/AHRPTWnwturmtUjcjyZq9t5rU5fturBdG_WoGSp32fsyw3FxnB7LAgpLpgw25ER9QGXYJ8_MasVF8F9lJvG9H0cUF3FlRF8Tu2z5g_TMx_ezcTBU4w8dfi136WRChpaoP1vLBqZ_qhE=w32-h32-p-k-no,https://lh3.googleusercontent.com/gps-cs-s/AHRPTWnwturmtUjcjyZq9t5rU5fturBdG_WoGSp32fsyw3FxnB7LAgpLpgw25ER9QGXYJ8_MasVF8F9lJvG9H0cUF3FlRF8Tu2z5g_TMx_ezcTBU4w8dfi136WRChpaoP1vLBqZ_qhE=w408-h408-k-no,https://lh3.googleusercontent.com/gps-cs-s/AHRPTWnwturmtUjcjyZq9t5rU5fturBdG_WoGSp32fsyw3FxnB7LAgpLpgw25ER9QGXYJ8_MasVF8F9lJvG9H0cUF3FlRF8Tu2z5g_TMx_ezcTBU4w8dfi136WRChpaoP1vLBqZ_qhE=w298-h298-k-no,https://lh3.googleusercontent.com/a-/ALV-UjWzWniFoQDjv0dELm8JHEHxQr3jYoL60SmiSTrThjmoEawG0MS_=w36-h36-p-rp-mo-br100,https://lh3.googleusercontent.com/a-/ALV-UjXly_MvZ6JGuzGlNP52EhE4YefrRiSqW8lA-TNfpVFvw_tMH0PB=w36-h36-p-rp-mo-br100,https://lh3.googleusercontent.com/a/ACg8ocIo8HR3SRY_pjY7EURsYoUO0UCa_NJlTj9S9vQ9l1HdZto9uw=w36-h36-p-rp-mo-br100,https://lh3.googleusercontent.com/gps-cs-s/AHRPTWlcxvFNXHnWWy8CL1moxAj4YnlmGWcnRuIIoL3D1yGjmhoIE-Mp43VizEB274nQiUXXCL13fGMd1mKyrJYtOE5eFh9Q8H4QIU20gaobndcOpsaQHJMhavAtPkYpRnDs8EjWBWFt9g=w156-h114-p-k-no,https://lh3.googleusercontent.com/gps-cs-s/AHRPTWmyKn3yMHHOM9XI_qEIewtd00h8iEPRFq0qH10oU3yeyOr_XfgKxCGlrRWaJYpGYR_wRpJK3y_njkfps-3m6hZ-BE0mwCSJYWoQyrkmryz0WHez1sV6-hMQgzKALJTQUW7BHnub2w=w156-h114-p-k-no",35.8345229,10.6079317,ask@softylines.com,Not Available,Not Available,Not Available,Not Available,Not Available,Not Available
Smoft ERP,https://www.google.com/maps/place/Smoft+ERP/data=!4m7!3m6!1s0x12fd8b26640c9519:0xbe837373db223495!8m2!3d35.8166167!4d10.5955853!16s%2Fg%2F11l5jgybx1!19sChIJGZUMZCaL_RIRlTQi23Nzg74?authuser=0&hl=en&rclk=1,https://lh3.googleusercontent.com/gps-cs-s/AHRPTWnN28TSQmQFkNjWr59LGGDHzyl45h8jQm97DD7ZlKQLyRqQFYbJRELW1sJa6jtJEDx-RG5j9dfNogq7FKSj5qOCPOyOFT8KZP3gF2ByHmNeGMvAgMJz6SSz5hWcklGQ7rN2LyCJUbeSIGb2=w426-h240-k-no,5.0,Not Available,Software company,"Novation City Immeuble 15 000, bloc A, 2ᵉ étage, 4023","Monday, 8 AM to 6 PM,Thursday, 8 AM to 6 PM,Friday, 8 AM to 6 PM,Saturday, Closed,Sunday, Closed",Not Available,https://www.smoft.tn/,73 240 854,"https://lh3.googleusercontent.com/gps-cs-s/AHRPTWnN28TSQmQFkNjWr59LGGDHzyl45h8jQm97DD7ZlKQLyRqQFYbJRELW1sJa6jtJEDx-RG5j9dfNogq7FKSj5qOCPOyOFT8KZP3gF2ByHmNeGMvAgMJz6SSz5hWcklGQ7rN2LyCJUbeSIGb2=w32-h32-p-k-no,https://lh3.googleusercontent.com/gps-cs-s/AHRPTWnN28TSQmQFkNjWr59LGGDHzyl45h8jQm97DD7ZlKQLyRqQFYbJRELW1sJa6jtJEDx-RG5j9dfNogq7FKSj5qOCPOyOFT8KZP3gF2ByHmNeGMvAgMJz6SSz5hWcklGQ7rN2LyCJUbeSIGb2=w426-h240-k-no,https://lh3.googleusercontent.com/gps-cs-s/AHRPTWnN28TSQmQFkNjWr59LGGDHzyl45h8jQm97DD7ZlKQLyRqQFYbJRELW1sJa6jtJEDx-RG5j9dfNogq7FKSj5qOCPOyOFT8KZP3gF2ByHmNeGMvAgMJz6SSz5hWcklGQ7rN2LyCJUbeSIGb2=w529-h298-k-no,https://lh3.googleusercontent.com/gps-cs-s/AHRPTWnLU_SVQcBxOirwNe2wKaXAgCiUNer3zMj7nHs4SLB5jD7LbKsNkXqNGS5EYLAtipCcz5TcHBwVJyluII2jZIhWX3aZYKr2FIRJ6kK0mupP0ZMribxgdwx-D7GYgx7saWKqSJZNq-M-sVgk=w372-h298-k-no,https://lh3.googleusercontent.com/gps-cs-s/AHRPTWnXQIG08nrlV7WtE5RoycZPidMykpVHhLphNygGTfFfCoNw1tv25LaomAzr_Jg8VPZixJgI-zTD0wEPD8yhIPo7NJDdUo0PHqlUfuymixrb9V9lLtOFY-AgkId-OGK39DcKZBN-j1EE37M=w529-h298-k-no,https://lh3.googleusercontent.com/a/ACg8ocLY7jIP0fPvJDIcZSWaJqJw-j7PdeyKdGp5a8zjgZxQ4-7aaQ=w36-h36-p-rp-mo-br100,https://lh3.googleusercontent.com/a/ACg8ocLATHqUaBMsMpGNTBgKrB4RFWHr7oBc8V-3rfIn0yHaDmdu8A=w36-h36-p-rp-mo-br100,https://lh3.googleusercontent.com/a/ACg8ocL620NN9M2OMJkqKXVWFPtWv9Fo1POUtOTQpxOxEN7K7zp-Fw=w36-h36-p-rp-mo-br100,https://lh3.googleusercontent.com/gps-cs-s/AHRPTWkzb2YU6S7VeBch7yd7rtFRIFgeIqbrKtRfXHDNRXTL9S2VmN45W_NqVMSyaKlmatNbf_GJghxvHy7ci7VOM5pNauS12tCuFIzD5Elz6iJovC1Ocw3V_vZc6JDMqHlsFfq-YdGf=w156-h114-p-k-no,https://lh3.googleusercontent.com/gps-cs-s/AHRPTWlQ8cnZaWqLbAh5kXdDcAAWc5sF_LgGRLBaOeogp2n6E4ZCyBGth1Iy0TSLQbzSZCZHNwICxdrZ8YA24WhcidBifIxvkXwXVIDQ1Ax4ZDyygvdgqBd81jllJ7yhq5XHB_7z0m3WZQ=w156-h114-p-k-no,https://lh3.googleusercontent.com/gps-cs-s/AHRPTWmzPR4cmx4FwKcpD_mEteHcLhvb38twKXUlQq13LUYyVLwW5M9SsiWCB7ltkVAQL7dnjVyTBf2bciG-_baYt9R04Qx6968BcpSbFWbWbO8VxVPm3I1XzrCwV1gL__JTRxgYtoi3=w156-h114-p-k-no",35.8166167,10.5955853,contact@smoft.tn,https://www.facebook.com/smofterp?mibextid=LQQJ4d,Not Available,https://instagram.com/smofterp?igshid=MzRlODBiNWFlZA==,https://www.youtube.com/@SMOFTERP,https://www.linkedin.com/company/smofterp/,Not Available
Bizup,https://www.google.com/maps/place/Bizup/data=!4m7!3m6!1s0x130275ddf023e2f3:0x7ab991327e0a51cb!8m2!3d35.8252106!4d10.6320031!16s%2Fg%2F11vxz8cvd_!19sChIJ8-Ij8N11AhMRy1EKfjKRuXo?authuser=0&hl=en&rclk=1,https://lh3.googleusercontent.com/gps-cs-s/AHRPTWksl-m6wzg7wPheYEkZsbgNuv7HwMimAOMz-tmbm7cDIH24yjbvthRSWJwF3-ji88uliq3E5msG8QdP9m-mavrtCq0W9yjEHQhqVhsy9m0bBm3OqkY4Om2SOyPSwLWQGkmnBLiAE1WF_gvw=w597-h240-k-no,5.0,Not Available,Software company,"Bloc A, Immeuble El Hafianne, Rue du Commandant Bejaoui, Sousse 4000","Monday, 8 AM to 6 PM,Thursday, 8 AM to 6 PM,Friday, 8 AM to 6 PM,Saturday, 8 AM to 2 PM,Sunday, Closed",Not Available,https://www.bizup.tn/,98 991 922,"https://lh3.googleusercontent.com/gps-cs-s/AHRPTWksl-m6wzg7wPheYEkZsbgNuv7HwMimAOMz-tmbm7cDIH24yjbvthRSWJwF3-ji88uliq3E5msG8QdP9m-mavrtCq0W9yjEHQhqVhsy9m0bBm3OqkY4Om2SOyPSwLWQGkmnBLiAE1WF_gvw=w32-h32-p-k-no,https://lh3.googleusercontent.com/gps-cs-s/AHRPTWksl-m6wzg7wPheYEkZsbgNuv7HwMimAOMz-tmbm7cDIH24yjbvthRSWJwF3-ji88uliq3E5msG8QdP9m-mavrtCq0W9yjEHQhqVhsy9m0bBm3OqkY4Om2SOyPSwLWQGkmnBLiAE1WF_gvw=w597-h240-k-no,https://lh3.googleusercontent.com/gps-cs-s/AHRPTWksl-m6wzg7wPheYEkZsbgNuv7HwMimAOMz-tmbm7cDIH24yjbvthRSWJwF3-ji88uliq3E5msG8QdP9m-mavrtCq0W9yjEHQhqVhsy9m0bBm3OqkY4Om2SOyPSwLWQGkmnBLiAE1WF_gvw=w741-h298-k-no,https://lh3.googleusercontent.com/gps-cs-s/AHRPTWkD9l10FajcPIz9abmFvE4wH_QNBz5P6swU7ZTlmaAGI88UEcvHbPbEsmdo_HGgLLrDoKjfXHQwcp7x59RgZwRObeq9cB7o7CWZ5CbU92ygqnfKzhS8kD3agC4P-AiMeKXMIbwTPA=w794-h298-k-no,https://lh3.googleusercontent.com/a/ACg8ocIJgn_llxhH2A_8KUorZAGg67nuAXBpIpx4Cg2o_mdSiE31-g=w36-h36-p-rp-mo-br100,https://lh3.googleusercontent.com/a-/ALV-UjWmW_n2c9HDpMycuBwVHZE1rr9PdpTAPBmW609a8oO-ncfmLUEY=w36-h36-p-rp-mo-br100,https://lh3.googleusercontent.com/a-/ALV-UjWK43FBjJycsme4VkpPvh4-YLUZs8PAK4-GCyhLbUw0NRk6m5mb=w36-h36-p-rp-mo-br100,https://lh3.googleusercontent.com/gps-cs-s/AHRPTWlLGtXHLAz50WZOYll3lPXEbUpr2wIJYvkZRc0vfn8HC_u1h4OKAfAMQjYawZlm6aOXBNlG8T_F2NV4_5832QDOGRp-Pgx-u3uE4CgpE_qJImrAqcwbqvXpKBDXsFe-uzP-5uQ=w156-h114-p-k-no,https://lh3.googleusercontent.com/gps-cs-s/AHRPTWl3CoDSw9GYNCQwAUFxpvTHbHXW7JNr0h1TSmklvQW7MvvfgEg5fopanqRYPlYmyd0M5LqQjf7TD_u-hfXQWKAJT_uWRbSMvwmdSej0uhCJAjhMo5XSJERQVr_9Tue7d8NKW9XLBw=w156-h114-p-k-no,https://lh3.googleusercontent.com/gps-cs-s/AHRPTWnIMxT0xcVqcB851ujnP9BXelTrmt_NQHf81bFkaBeRzTKyFVKlyymdUazXTLXLPcjIuUqkheWDJDu3dhKGAdy-1U7zlkw-2Rq7u8eYB5vefhWkYUo8qTHj_9QMDMDj1NxulmI7vQ=w156-h114-p-k-no",35.8252106,10.6320031,contact@bizup.tn,Not Available,Not Available,Not Available,Not Available,Not Available,Not Available
Stravos,https://www.google.com/maps/place/Stravos/data=!4m7!3m6!1s0x12fd8b732e032d4d:0x521717f156372f1d!8m2!3d35.8538341!4d10.6041178!16s%2Fg%2F11ss2n0f3j!19sChIJTS0DLnOL_RIRHS83VvEXF1I?authuser=0&hl=en&rclk=1,https://streetviewpixels-pa.googleapis.com/v1/thumbnail?panoid=4k4sf176xUzOghg-kwVIZQ&cb_client=search.gws-prod.gps&w=408&h=240&yaw=47.323868&pitch=0&thumbfov=100,5.0,Not Available,Software company,"3ème étage, Imb Baraka Av Perles du Sahel, Khézama, Sousse 4051","Monday, 9 AM to 6 PM,Thursday, 9 AM to 6 PM,Friday, 9 AM to 6 PM,Saturday, Closed,Sunday, Closed",Not Available,https://stravos.io/,Not Available,"https://streetviewpixels-pa.googleapis.com/v1/thumbnail?panoid=4k4sf176xUzOghg-kwVIZQ&cb_client=search.gws-prod.gps&w=86&h=86&yaw=47.323868&pitch=0&thumbfov=100,https://streetviewpixels-pa.googleapis.com/v1/thumbnail?panoid=4k4sf176xUzOghg-kwVIZQ&cb_client=search.gws-prod.gps&w=408&h=240&yaw=47.323868&pitch=0&thumbfov=100,https://streetviewpixels-pa.googleapis.com/v1/thumbnail?panoid=4k4sf176xUzOghg-kwVIZQ&cb_client=maps_sv.tactile.gps&w=224&h=298&yaw=47.323868&pitch=0&thumbfov=100,https://lh3.googleusercontent.com/gps-cs-s/AHRPTWlbBFxMA6QumzjVXyWNfEwfPSNA3LQpOxd0UjsWLlsU4qYTgE2BRoQgPeCXwNRa33d60AUBuKK7l1Grrs1wxAMZvuZZVNlNT355DLMUaen_zVzYWnc8jASp-hvmgP56tpY3p7uq=w242-h298-k-no,https://lh3.googleusercontent.com/a-/ALV-UjWt6ZIi7SXvLXnOICwpls6WFpxlmTr380OaR3NJsMoIst2yJjX_=w36-h36-p-rp-mo-br100,https://lh3.googleusercontent.com/a/ACg8ocL4GU10PQErcFkCkllotarj2_0c8wVk0k_21OUMvyjwg3mZ5Q=w36-h36-p-rp-mo-br100,https://lh3.googleusercontent.com/a-/ALV-UjWl7XWJoiR8Q7aW_MJ5kyZmV_hsaBPvuTJQB9QKbCZvxzBzVvm4=w36-h36-p-rp-mo-ba12-br100,https://lh3.googleusercontent.com/gps-cs-s/AHRPTWnJub7gPR5QDnWkhVjqwbff-gcxYid0dJgSUmA2_hhszLa-qmDafhA3t-PbjNzmZJj1VJyKdwj7Uqti_kqV_cha_wF9qIY36gSEis8t-_8OFdCOP1H_8PBo0CEisGXr5ZYRnuY=w156-h114-p-k-no",35.8538341,10.6041178,Not Available,Not Available,Not Available,Not Available,Not Available,https://www.linkedin.com/company/stravos/,"Service options,,Online appointments,,On-site services"
SIMSOFT Technologies Tunisie,https://www.google.com/maps/place/SIMSOFT+Technologies+Tunisie/data=!4m7!3m6!1s0x130275827ba7dd3d:0xf3bd394bf0bbcb21!8m2!3d35.83511!4d10.6274809!16s%2Fg%2F11fy4lq19z!19sChIJPd2ne4J1AhMRIcu78Es5vfM?authuser=0&hl=en&rclk=1,https://lh3.googleusercontent.com/gps-cs-s/AHRPTWkzb2YU6S7VeBch7yd7rtFRIFgeIqbrKtRfXHDNRXTL9S2VmN45W_NqVMSyaKlmatNbf_GJghxvHy7ci7VOM5pNauS12tCuFIzD5Elz6iJovC1Ocw3V_vZc6JDMqHlsFfq-YdGf=w493-h240-k-no,4.8,Not Available,Software company,"Espace Ayechi، 5 Av. Léopold Senghor, Sousse 4000","Monday, 8:30 AM to 12:30 PM, 2 to 6 PM,Thursday, 8:30 AM to 12:30 PM, 2 to 6 PM,Friday, 8:30 AM to 12:30 PM, 2 to 6 PM,Saturday, Closed,Sunday, Closed",Not Available,http://www.simsoft.com.tn/,73 213 688,"https://lh3.googleusercontent.com/gps-cs-s/AHRPTWkzb2YU6S7VeBch7yd7rtFRIFgeIqbrKtRfXHDNRXTL9S2VmN45W_NqVMSyaKlmatNbf_GJghxvHy7ci7VOM5pNauS12tCuFIzD5Elz6iJovC1Ocw3V_vZc6JDMqHlsFfq-YdGf=w32-h32-p-k-no,https://lh3.googleusercontent.com/gps-cs-s/AHRPTWkzb2YU6S7VeBch7yd7rtFRIFgeIqbrKtRfXHDNRXTL9S2VmN45W_NqVMSyaKlmatNbf_GJghxvHy7ci7VOM5pNauS12tCuFIzD5Elz6iJovC1Ocw3V_vZc6JDMqHlsFfq-YdGf=w493-h240-k-no,https://lh3.googleusercontent.com/gps-cs-s/AHRPTWkzb2YU6S7VeBch7yd7rtFRIFgeIqbrKtRfXHDNRXTL9S2VmN45W_NqVMSyaKlmatNbf_GJghxvHy7ci7VOM5pNauS12tCuFIzD5Elz6iJovC1Ocw3V_vZc6JDMqHlsFfq-YdGf=w612-h298-k-no,https://lh3.googleusercontent.com/gps-cs-s/AHRPTWntQvRRvTSh6w3uvuHexUbgM2GuOCKMruuY6WgbwTtzQIvxVfbkEnvtXyuNqf-NKs6bb_Cx_JjBZFRx4TN3CG9N3Aup9nDIn5ip3Ww6jPof36xmIDiRloYnEAFEFzjbFf7j2x0Ww5pbAxWP=w224-h335-k-no,https://streetviewpixels-pa.googleapis.com/v1/thumbnail?panoid=7D2o6YK07j1Ul9KAopYaAQ&cb_client=maps_sv.tactile.gps&w=224&h=298&yaw=53.877617&pitch=0&thumbfov=100,https://lh3.googleusercontent.com/a/ACg8ocJZ__obJtKbuspv6ZRLP-MkNiPiCCrM2_uD9xoVVNYpsnX18v5B=w36-h36-p-rp-mo-ba12-br100,https://lh3.googleusercontent.com/a-/ALV-UjVUp-2HGsEBEA5ZPYF5DzxLC_nZOQPbwZQgds3k82pNOapS-IB2=w36-h36-p-rp-mo-br100,https://lh3.googleusercontent.com/a/ACg8ocLzrqrpdIUgb39avCLvOI5iorriYfeh9mlDMWE18-sy1x9N2Q=w36-h36-p-rp-mo-ba12-br100,https://lh3.googleusercontent.com/gps-cs-s/AHRPTWl6bYifMLz8PDUZd61jiin7uHdbNiIF4a4tXW7qaSlN-y7wiMn1SdPHptimfmQmlGEIs3KaOGmzgP2qiEk-rPvO8tMyadtgPNUEb_ER27lum4qb48ZcHBbDMWll-KY38oTGAchDKAjujyc=w156-h114-p-k-no,https://lh3.googleusercontent.com/gps-cs-s/AHRPTWl7RlN_OGFu1F6q-QNJITObQwVIalPm34IOb9NvH2n2dJFfZLoWYlSf2VNPbJxdV9QcWt0zPh_JriG1lSW5veMsw3T8v1QNfC2dk4BVCCShpG-TsG6q6e6vNNpV94MoiApBpW86=w156-h114-p-k-no,https://lh3.googleusercontent.com/gps-cs-s/AHRPTWkCrMixmULY0MIj1r5Rgphl9oI3IPlS_fYDGN4KUgOm-dUUdjUwrs_pYtbhIwrh3FKmwK1rjVao6VPPPFjgvnDJtGvDZuOh5ermYnsMwKSDpYeRDPjI7WTlch721RXl8s2DRPUhtg=w156-h114-p-k-no,https://lh3.googleusercontent.com/gps-cs-s/AHRPTWkB-JELE8AMjov_K4ygdfxZnSf_r8CPcBp5IOSU2whxBZpaNX6mJyBk0G4BMYKJSv2wdx4LLrYrLU4PZfKECaHmMfVBSXL_be6kUVPPTyf-YAy7bmm3m5YaFRnlwx6JM_2QRqrpJg=w156-h114-p-k-no",35.83511,10.6274809,commercial@simsoft.com.tn,https://www.facebook.com/Simsofttechnology,https://mobile.twitter.com/simsoft_tn,https://instagram.com/simsofttechnology?igshid=YmMyMTA2M2Y=,Not Available,https://www.linkedin.com/company/simsoft.tn/,Not Available
Evoplast sousse,https://www.google.com/maps/place/Evoplast+sousse/data=!4m7!3m6!1s0x12fd8a304587a2f9:0xa868ca55bcbc6ca2!8m2!3d35.8691524!4d10.5837694!16s%2Fg%2F1wg_mqhr!19sChIJ-aKHRTCK_RIRomy8vFXKaKg?authuser=0&hl=en&rclk=1,https://lh3.googleusercontent.com/gps-cs-s/AHRPTWkkucLXb26buq84dqFheJ2IlKhw9dShwGIjdgTEhagWz17hja7KPUJ2jeYr1mz5WaqKcAa-wTnjePLHxkn5eqwKpHjLdBkCv-8docWU54hO7_vapsxGPcAopAerJfj5s2YlQ6SKiQ=w408-h253-k-no,4.5,Not Available,Software company,"Avenue de la république (Immeuble Mezri Jaaîm) Akouda, Sousse 4022","Monday, 8 AM to 6 PM,Thursday, 8 AM to 6 PM,Friday, 8 AM to 6 PM,Saturday, Closed,Sunday, Closed",Not Available,https://whitecapetech.com/,31 208 888,"https://lh3.googleusercontent.com/gps-cs-s/AHRPTWkkucLXb26buq84dqFheJ2IlKhw9dShwGIjdgTEhagWz17hja7KPUJ2jeYr1mz5WaqKcAa-wTnjePLHxkn5eqwKpHjLdBkCv-8docWU54hO7_vapsxGPcAopAerJfj5s2YlQ6SKiQ=w32-h32-p-k-no,https://lh3.googleusercontent.com/gps-cs-s/AHRPTWkkucLXb26buq84dqFheJ2IlKhw9dShwGIjdgTEhagWz17hja7KPUJ2jeYr1mz5WaqKcAa-wTnjePLHxkn5eqwKpHjLdBkCv-8docWU54hO7_vapsxGPcAopAerJfj5s2YlQ6SKiQ=w408-h253-k-no,https://lh3.googleusercontent.com/gps-cs-s/AHRPTWkkucLXb26buq84dqFheJ2IlKhw9dShwGIjdgTEhagWz17hja7KPUJ2jeYr1mz5WaqKcAa-wTnjePLHxkn5eqwKpHjLdBkCv-8docWU54hO7_vapsxGPcAopAerJfj5s2YlQ6SKiQ=w479-h298-k-no,https://lh3.googleusercontent.com/gps-cs-s/AHRPTWkPVd5so4sIRXHHp-TivgTZ7o27cFY3lO80c2Bsz03lmMsuUWqdGWEfaW450VOro9OgZ0ffABNPc4HkErXXw-oiClWXU9-TjYMvwga-9sb-tREEc6uzzMz4PC73j2pSl5rEkoA=w425-h298-k-no,https://lh3.googleusercontent.com/a-/ALV-UjXGH2Ew8bARG6jwSCA2yfDu08Ct_z0DhBy82ljp6zukJySauAthZg=w36-h36-p-rp-mo-ba12-br100,https://lh3.googleusercontent.com/a/ACg8ocJZ__obJtKbuspv6ZRLP-MkNiPiCCrM2_uD9xoVVNYpsnX18v5B=w36-h36-p-rp-mo-ba12-br100,https://lh3.googleusercontent.com/a-/ALV-UjUTzmZ8WpwruWq9FmutCtY_8J84xcsT2wLyyZgDs5lEQSb5D7miBQ=w36-h36-p-rp-mo-ba12-br100,https://lh3.googleusercontent.com/gps-cs-s/AHRPTWm_1Q2hKaLwqwA0SgM6PtZP8-3VjrdMDmBrZursnxeTc19QbiWtK3ycupI3sEZDg16afLZuxMLvAgQR7EGBq1c_WBGrYLPiDik1fl0nAeUhd99rfp3FjUjw6ZxLLo9yJdS0InB5=w156-h114-p-k-no,https://lh3.googleusercontent.com/gps-cs-s/AHRPTWmHxVp0hiUZl3R7AJ1dW-QOtAZe2BNUdtni-2qpe9LeD3dyll668C9vAH0Aw8AY2UJ7zIuV3fYb51W0Z9JtiU8ZCTrAM1GmrlJEqWXHBo7pGwu3sRvv3zlsgbWs0Ek59DZAKyob=w156-h114-p-k-no",35.8691524,10.5837694,info@whitecapetech.com,https://facebook.com/WhitecapeTech/posts/pfbid054rYxQcLQnW6ksg99FqKRDnkzKm4oi5uNdQpNU869BDFYgqT5fE5TkqKxzrBHgoZl,https://twitter.com/whitecape_tech,https://instagram.com/reel/CoXgxLNo7vJ/?utm_source=ig_web_copy_link&igshid=MzRlODBiNWFlZA==,Not Available,https://linkedin.com/posts/whitecape-technologies_3-raisons-dexternaliser-vos-besoins-informatiques-activity-7018865574801747968-DsOs?utm_source=share&utm_medium=member_desktop,Not Available
Barthauer Software Tunisia S.A.R.L.,https://www.google.com/maps/place/Barthauer+Software+Tunisia+S.A.R.L./data=!4m7!3m6!1s0x13027570dbb96243:0x85b4706a74450a97!8m2!3d35.8356068!4d10.5948698!16s%2Fg%2F11c2l20ryk!19sChIJQ2K523B1AhMRlwpFdGpwtIU?authuser=0&hl=en&rclk=1,https://lh3.googleusercontent.com/gps-cs-s/AHRPTWnq_SBh2Z9YJT4NkxqmjdeBPNqLQujQY8teGh6EZeyMPuvFU7fxPa1OvUBbvyTQyauboKAUD2yLamYWDsDLfm7T02uJrX03-95r8_HWC0oG1N_i63MUFRo9k3J5TIxGXKU8bXy_dw=w408-h306-k-no,5.0,Not Available,Software company,"Avenue Yasser Arafat Immeuble SOPIT Appartement AB (au dessus de Carrefour Express Sahloul Sousse, 4054","Monday, 9 AM to 6 PM,Thursday, 9 AM to 6 PM,Friday, 9 AM to 6 PM,Saturday, Closed,Sunday, Closed",Not Available,http://www.bs-tunisia.com/,73 368 910,"https://lh3.googleusercontent.com/gps-cs-s/AHRPTWnq_SBh2Z9YJT4NkxqmjdeBPNqLQujQY8teGh6EZeyMPuvFU7fxPa1OvUBbvyTQyauboKAUD2yLamYWDsDLfm7T02uJrX03-95r8_HWC0oG1N_i63MUFRo9k3J5TIxGXKU8bXy_dw=w32-h32-p-k-no,https://lh3.googleusercontent.com/gps-cs-s/AHRPTWnq_SBh2Z9YJT4NkxqmjdeBPNqLQujQY8teGh6EZeyMPuvFU7fxPa1OvUBbvyTQyauboKAUD2yLamYWDsDLfm7T02uJrX03-95r8_HWC0oG1N_i63MUFRo9k3J5TIxGXKU8bXy_dw=w408-h306-k-no,https://lh3.googleusercontent.com/gps-cs-s/AHRPTWnq_SBh2Z9YJT4NkxqmjdeBPNqLQujQY8teGh6EZeyMPuvFU7fxPa1OvUBbvyTQyauboKAUD2yLamYWDsDLfm7T02uJrX03-95r8_HWC0oG1N_i63MUFRo9k3J5TIxGXKU8bXy_dw=w397-h298-k-no,https://streetviewpixels-pa.googleapis.com/v1/thumbnail?panoid=cOvmQbKAJDUjOx8V0eP9hw&cb_client=maps_sv.tactile.gps&w=224&h=298&yaw=314.93033&pitch=0&thumbfov=100,https://lh3.googleusercontent.com/a-/ALV-UjVFjTknLeH9q1o3UX9KEqeQvGreKoSxsN1nI1hJBx7UXnam2NmX=w36-h36-p-rp-mo-ba12-br100,https://lh3.googleusercontent.com/a-/ALV-UjVTLmhyODSAEWnvFbImdpGoanqM23ICLSrNGBl0PGZz_ALg4a2t=w36-h36-p-rp-mo-ba12-br100,https://lh3.googleusercontent.com/a-/ALV-UjVIDd3Du7zw4z4Tn1VHUqePYiLKler7UrBfFHRBj6TYrWr01oRK=w36-h36-p-rp-mo-ba12-br100,https://lh3.googleusercontent.com/gps-cs-s/AHRPTWl1Qc-fZjG7-flAXMLfXJ3QXLFDfN4Q1wONvXfdRGNVacoNVyFio_PSd4ef6FL2ICiyw9KCrKgzGmjBLDT7FDp3WWrP_PWPWBjYWAgaT27aRxxf7Elgb54OOTfwMcqJibfXiRpx=w156-h114-p-k-no,https://lh3.googleusercontent.com/gps-cs-s/AHRPTWn2BWmO1BhNCjavS4zQzyOtdZghB_ZhJGe6mUGfPkzpHWDCwcWE6R9oCrnbjaKpEEyWJ8rfEF6WxHrWfxFDC8L4ews8CUnm9K-VALcDirPFsMhXeXhWVm3H2ESgLaB5pKyaIhvFLpCExHIH=w156-h114-p-k-no,https://lh3.googleusercontent.com/gps-cs-s/AHRPTWndeoQPm5hGhKEI6T48m5aDlhv7r-3xwD5XAuBTvurLQbGIPCVYEt-_68wPsQL1QqGVEIDLA8a_uRbrCWhO9qLn_qyV02iLtmAauEeVOlUPGKlqcoiRH9CpWhnEzDe82sJFOZ3X5A=w156-h114-p-k-no",35.8356068,10.5948698,Not Available,Not Available,Not Available,Not Available,Not Available,Not Available,Not Available
Celestial Wave Digital,https://www.google.com/maps/place/Celestial+Wave+Digital/data=!4m7!3m6!1s0x1302750048fa609b:0xb64e01e6b0c7a54e!8m2!3d35.8322824!4d10.6309482!16s%2Fg%2F11vwm0_8l9!19sChIJm2D6SAB1AhMRTqXHsOYBTrY?authuser=0&hl=en&rclk=1,https://streetviewpixels-pa.googleapis.com/v1/thumbnail?panoid=I-ashb2OGUfWgeXXteJ5rw&cb_client=search.gws-prod.gps&w=408&h=240&yaw=191.23076&pitch=0&thumbfov=100,5.0,Not Available,Software company,Sousse,"Monday, 9 AM to 6 PM,Thursday, 9 AM to 6 PM,Friday, 9 AM to 6 PM,Saturday, Closed,Sunday, Closed",Not Available,http://www.celestialwavedigital.com/,50 740 663,"https://streetviewpixels-pa.googleapis.com/v1/thumbnail?panoid=I-ashb2OGUfWgeXXteJ5rw&cb_client=search.gws-prod.gps&w=86&h=86&yaw=191.23076&pitch=0&thumbfov=100,https://streetviewpixels-pa.googleapis.com/v1/thumbnail?panoid=I-ashb2OGUfWgeXXteJ5rw&cb_client=search.gws-prod.gps&w=408&h=240&yaw=191.23076&pitch=0&thumbfov=100,https://streetviewpixels-pa.googleapis.com/v1/thumbnail?panoid=I-ashb2OGUfWgeXXteJ5rw&cb_client=maps_sv.tactile.gps&w=224&h=298&yaw=191.23076&pitch=0&thumbfov=100,https://lh3.googleusercontent.com/a/ACg8ocKELNP8Jefs4cJA-gE43Yc5_0kgv5Xou3Xh6svHVaQs2U4URg=w36-h36-p-rp-mo-br100,https://lh3.googleusercontent.com/a/ACg8ocK8tuMB2asA7PgSmJxW_EX9dBLZNf1VE-15fr-P1wzTsuv_k3Y=w36-h36-p-rp-mo-br100,https://lh3.googleusercontent.com/a-/ALV-UjWG4oeAAvFDXqfT1b6_BG0bFum0w7J7Zd7h-3dOu_6MOOGDwSI=w36-h36-p-rp-mo-br100,https://lh3.googleusercontent.com/gps-cs-s/AHRPTWnxMOZClgPYoyCV_lXuHteyTn2x-ow--boo6Qzt5_Avts5GDvklgM6d4Nhxrx5sL63WCeAA-ggZ1AJNCT2o2FiAXbW5tozN6Y5LibsO6JMTwJ2ke5lgUW7tEzaPWfE_72D8TOJ7=w156-h114-p-k-no",35.8322824,10.6309482,celestialwavedigital@gmail.com,https://www.facebook.com/profile.php?id=61552158084740,Not Available,https://www.instagram.com/cwd_tn/reel/DPeTfxWjBfX/,Not Available,Not Available,Not Available
Nachd IT,https://www.google.com/maps/place/Nachd+IT/data=!4m7!3m6!1s0x1302758ce6612a71:0xef9ba1ce6271c19!8m2!3d35.8123996!4d10.6375659!16s%2Fg%2F11g3_9xzw0!19sChIJcSph5ox1AhMRGRwn5hy6-Q4?authuser=0&hl=en&rclk=1,https://lh3.googleusercontent.com/a-/ALV-UjU8B5zh1deqJZr7YwiOLirX3hhNcsR81E5Z0Up5BefsB_hm4waS=w36-h36-p-rp-mo-ba12-br100,5.0,Not Available,Software company,"RJ6Q+X24, Incubateur de l'ISSAT de Sousse cité, Taffala 4003","Monday, 9 AM to 6 PM,Thursday, 9 AM to 6 PM,Friday, 9 AM to 6 PM,Saturday, Closed,Sunday, Closed",Not Available,http://www.nachd-it.com/,27 751 305,"https://lh3.googleusercontent.com/a-/ALV-UjU8B5zh1deqJZr7YwiOLirX3hhNcsR81E5Z0Up5BefsB_hm4waS=w36-h36-p-rp-mo-ba12-br100,https://lh3.googleusercontent.com/gps-cs-s/AHRPTWkZ1lxp5wfCJ7mwe3mswxaW8eXwERXfmR7Ixb6Ldnk3BEDq5FqPuUsEyJbi8zPpZOBuD45fRTOiE69WgmSm_pRi4tva6k1o0TYtKKMfSydB2hmlaptwhC2LNYYXcOs-emEW2-af0A=w156-h114-p-k-no,https://lh3.googleusercontent.com/gps-cs-s/AHRPTWm_1Q2hKaLwqwA0SgM6PtZP8-3VjrdMDmBrZursnxeTc19QbiWtK3ycupI3sEZDg16afLZuxMLvAgQR7EGBq1c_WBGrYLPiDik1fl0nAeUhd99rfp3FjUjw6ZxLLo9yJdS0InB5=w156-h114-p-k-no",35.8123996,10.6375659,IT@gmail.net,Not Available,Not Available,Not Available,Not Available,Not Available,Not Available
Proxym-IT,https://www.google.com/maps/place/Proxym-IT/data=!4m7!3m6!1s0x12fd8aebc4430ed9:0xae05903ab358d2c6!8m2!3d35.8165694!4d10.5912765!16s%2Fg%2F1vvmm4gz!19sChIJ2Q5DxOuK_RIRxtJYszqQBa4?authuser=0&hl=en&rclk=1,https://lh3.googleusercontent.com/gps-cs-s/AHRPTWl7RlN_OGFu1F6q-QNJITObQwVIalPm34IOb9NvH2n2dJFfZLoWYlSf2VNPbJxdV9QcWt0zPh_JriG1lSW5veMsw3T8v1QNfC2dk4BVCCShpG-TsG6q6e6vNNpV94MoiApBpW86=w408-h408-k-no,4.0,Not Available,Software company,"Novation City : Technopole de Sousse Sousse, 4051","Monday, 8:30 AM to 6 PM,Thursday, 8:30 AM to 6 PM,Friday, 8:30 AM to 6 PM,Saturday, Closed,Sunday, Closed",Not Available,http://www.proxym-group.com/,36 015 050,"https://lh3.googleusercontent.com/gps-cs-s/AHRPTWl7RlN_OGFu1F6q-QNJITObQwVIalPm34IOb9NvH2n2dJFfZLoWYlSf2VNPbJxdV9QcWt0zPh_JriG1lSW5veMsw3T8v1QNfC2dk4BVCCShpG-TsG6q6e6vNNpV94MoiApBpW86=w32-h32-p-k-no,https://lh3.googleusercontent.com/gps-cs-s/AHRPTWl7RlN_OGFu1F6q-QNJITObQwVIalPm34IOb9NvH2n2dJFfZLoWYlSf2VNPbJxdV9QcWt0zPh_JriG1lSW5veMsw3T8v1QNfC2dk4BVCCShpG-TsG6q6e6vNNpV94MoiApBpW86=w408-h408-k-no,https://lh3.googleusercontent.com/gps-cs-s/AHRPTWl7RlN_OGFu1F6q-QNJITObQwVIalPm34IOb9NvH2n2dJFfZLoWYlSf2VNPbJxdV9QcWt0zPh_JriG1lSW5veMsw3T8v1QNfC2dk4BVCCShpG-TsG6q6e6vNNpV94MoiApBpW86=w298-h298-k-no,https://lh3.googleusercontent.com/gps-cs-s/AHRPTWlndK6pDHep66s_Y0dImmB0fAdxdxoakRzKnvsOd_mApl_NkZ0pHFSnAIM1G8gfGb7nq3TkeyfrCTbJHfQXEu0dzN998GrHqHmBrju9fXq4ZIY6863aYdfj5GGKOP1WC9OC6NXxcg=w397-h298-k-no,https://lh3.googleusercontent.com/gps-cs-s/AHRPTWl5oaruMwBo0la9U4YCPAiW2v9O2mADdNQfyfRCcv5ScOfmuhOou-HudJCOPhLJNG717fmL4gA2eOmit-tGpZ80P_NZHB6AQqaav5aO10XObIqAAAjnDGj0nl9fAnd57pz-8OVbwQ=w397-h298-k-no,https://lh3.googleusercontent.com/a/ACg8ocJ7pBBtdcxh3lTY5Dg9y1L7kSPjGtn_4yKoSfWznq4Awb6qiw=w36-h36-p-rp-mo-ba12-br100,https://lh3.googleusercontent.com/a/ACg8ocJZ__obJtKbuspv6ZRLP-MkNiPiCCrM2_uD9xoVVNYpsnX18v5B=w36-h36-p-rp-mo-ba12-br100,https://lh3.googleusercontent.com/a-/ALV-UjWqQQw64BGDpP49soHxCLl76S_-Biz7HkC1j5rbrQf1Fwefmed0=w36-h36-p-rp-mo-ba12-br100,https://lh3.googleusercontent.com/gps-cs-s/AHRPTWl6bYifMLz8PDUZd61jiin7uHdbNiIF4a4tXW7qaSlN-y7wiMn1SdPHptimfmQmlGEIs3KaOGmzgP2qiEk-rPvO8tMyadtgPNUEb_ER27lum4qb48ZcHBbDMWll-KY38oTGAchDKAjujyc=w156-h114-p-k-no,https://lh3.googleusercontent.com/gps-cs-s/AHRPTWkzb2YU6S7VeBch7yd7rtFRIFgeIqbrKtRfXHDNRXTL9S2VmN45W_NqVMSyaKlmatNbf_GJghxvHy7ci7VOM5pNauS12tCuFIzD5Elz6iJovC1Ocw3V_vZc6JDMqHlsFfq-YdGf=w156-h114-p-k-no,https://lh3.googleusercontent.com/gps-cs-s/AHRPTWlzEbKOxqixiKETOm1Z4jlAGgiaBe61VzwT3BG9sjAUTVcNUy8C6rNLvTm-oLKMz0m2Kw12pbsAEXvyB26GZ25e_GlaIXJblz7iAGoxt-Hivt0rtXkqV4ML2p7FPj4QNHqxjRyX=w156-h114-p-k-no",35.8165694,10.5912765,Not Available,https://www.facebook.com/proxym.digital.services.provider,https://twitter.com/proxymgroup,https://www.instagram.com/life.proxym/,Not Available,https://www.linkedin.com/company/proxym,Not Available
Apeiron Technologies (Développement de logiciel),https://www.google.com/maps/place/Apeiron+Technologies+%28D%C3%A9veloppement+de+logiciel%29/data=!4m7!3m6!1s0x12fd8bf78a7c44c5:0xc046268ccbcca3f7!8m2!3d35.8411268!4d10.5986654!16s%2Fg%2F11t3cyvvxy!19sChIJxUR8iveL_RIR96PMy4wmRsA?authuser=0&hl=en&rclk=1,https://lh3.googleusercontent.com/gps-cs-s/AHRPTWl6bYifMLz8PDUZd61jiin7uHdbNiIF4a4tXW7qaSlN-y7wiMn1SdPHptimfmQmlGEIs3KaOGmzgP2qiEk-rPvO8tMyadtgPNUEb_ER27lum4qb48ZcHBbDMWll-KY38oTGAchDKAjujyc=w408-h306-k-no,5.0,Not Available,Software company,"AV YASSER ARAFET SAHLOUL (2 ETAGE B A21 RESIDENCE SarayE, 4054 Av. de Yasser Arafat, Sousse 4053, Sousse 4054","Monday, 8 AM to 5 PM,Thursday, 8 AM to 5 PM,Friday, 8 AM to 5 PM,Saturday, Closed,Sunday, Closed",Not Available,https://www.apeiron-tech.com/,51 885 885,"https://lh3.googleusercontent.com/gps-cs-s/AHRPTWl6bYifMLz8PDUZd61jiin7uHdbNiIF4a4tXW7qaSlN-y7wiMn1SdPHptimfmQmlGEIs3KaOGmzgP2qiEk-rPvO8tMyadtgPNUEb_ER27lum4qb48ZcHBbDMWll-KY38oTGAchDKAjujyc=w32-h32-p-k-no,https://lh3.googleusercontent.com/gps-cs-s/AHRPTWl6bYifMLz8PDUZd61jiin7uHdbNiIF4a4tXW7qaSlN-y7wiMn1SdPHptimfmQmlGEIs3KaOGmzgP2qiEk-rPvO8tMyadtgPNUEb_ER27lum4qb48ZcHBbDMWll-KY38oTGAchDKAjujyc=w408-h306-k-no,https://lh3.googleusercontent.com/gps-cs-s/AHRPTWl6bYifMLz8PDUZd61jiin7uHdbNiIF4a4tXW7qaSlN-y7wiMn1SdPHptimfmQmlGEIs3KaOGmzgP2qiEk-rPvO8tMyadtgPNUEb_ER27lum4qb48ZcHBbDMWll-KY38oTGAchDKAjujyc=w397-h298-k-no,https://lh3.googleusercontent.com/gps-cs-s/AHRPTWmiyvELfnj9dPvuw-ViX0P5jebE_QFRsmcatJXcm3FzQxtlHosP8H_URpChMJtmLr81mTjFw2LIny50_Zeq8BmogPjWWQiMiPfEbW-ZCljfTrtyiuRzy62WoDp6JR5RCFLq4fHBVw=w298-h298-k-no,https://lh3.googleusercontent.com/a-/ALV-UjWFWiPZa7SiowmduerZ02jciAjAuTlo-vcAH5Dek_Au_YmWDeg=w36-h36-p-rp-mo-br100,https://lh3.googleusercontent.com/a-/ALV-UjX_KXD3UQBI2pHbMQkqP0XQwAVQMchiDltLjNhGr73epev82A4=w36-h36-p-rp-mo-br100,https://lh3.googleusercontent.com/gps-cs-s/AHRPTWlzEbKOxqixiKETOm1Z4jlAGgiaBe61VzwT3BG9sjAUTVcNUy8C6rNLvTm-oLKMz0m2Kw12pbsAEXvyB26GZ25e_GlaIXJblz7iAGoxt-Hivt0rtXkqV4ML2p7FPj4QNHqxjRyX=w156-h114-p-k-no,https://lh3.googleusercontent.com/gps-cs-s/AHRPTWkzb2YU6S7VeBch7yd7rtFRIFgeIqbrKtRfXHDNRXTL9S2VmN45W_NqVMSyaKlmatNbf_GJghxvHy7ci7VOM5pNauS12tCuFIzD5Elz6iJovC1Ocw3V_vZc6JDMqHlsFfq-YdGf=w156-h114-p-k-no,https://lh3.googleusercontent.com/gps-cs-s/AHRPTWl1Qc-fZjG7-flAXMLfXJ3QXLFDfN4Q1wONvXfdRGNVacoNVyFio_PSd4ef6FL2ICiyw9KCrKgzGmjBLDT7FDp3WWrP_PWPWBjYWAgaT27aRxxf7Elgb54OOTfwMcqJibfXiRpx=w156-h114-p-k-no",35.8411268,10.5986654,contact@apeiron-tech.com,Not Available,Not Available,Not Available,Not Available,Not Available,Not Available
ASM Sousse - All Soft Multimedia - Ingénierie logicielle,https://www.google.com/maps/place/ASM+Sousse+-+All+Soft+Multimedia+-+Ing%C3%A9nierie+logicielle/data=!4m7!3m6!1s0x12fd8be9bc7e15fb:0xc36842858e5f603e!8m2!3d35.839502!4d10.5966509!16s%2Fg%2F11h98y_2hk!19sChIJ-xV-vOmL_RIRPmBfjoVCaMM?authuser=0&hl=en&rclk=1,https://lh3.googleusercontent.com/gps-cs-s/AHRPTWl1Qc-fZjG7-flAXMLfXJ3QXLFDfN4Q1wONvXfdRGNVacoNVyFio_PSd4ef6FL2ICiyw9KCrKgzGmjBLDT7FDp3WWrP_PWPWBjYWAgaT27aRxxf7Elgb54OOTfwMcqJibfXiRpx=w408-h255-k-no,4.7,Not Available,Software company,"Avenue Yasser Arafat Résidence Chaîma, 4ème étage, B401 Sahloul Sousse, 4054","Monday, 8:30 AM to 6 PM,Thursday, 8:30 AM to 6 PM,Friday, 8:30 AM to 6 PM,Saturday, 8:30 AM to 6 PM,Sunday, Closed",Not Available,https://asmpos.com/,92 242 610,"https://lh3.googleusercontent.com/gps-cs-s/AHRPTWl1Qc-fZjG7-flAXMLfXJ3QXLFDfN4Q1wONvXfdRGNVacoNVyFio_PSd4ef6FL2ICiyw9KCrKgzGmjBLDT7FDp3WWrP_PWPWBjYWAgaT27aRxxf7Elgb54OOTfwMcqJibfXiRpx=w32-h32-p-k-no,https://lh3.googleusercontent.com/gps-cs-s/AHRPTWl1Qc-fZjG7-flAXMLfXJ3QXLFDfN4Q1wONvXfdRGNVacoNVyFio_PSd4ef6FL2ICiyw9KCrKgzGmjBLDT7FDp3WWrP_PWPWBjYWAgaT27aRxxf7Elgb54OOTfwMcqJibfXiRpx=w408-h255-k-no,https://lh3.googleusercontent.com/gps-cs-s/AHRPTWl1Qc-fZjG7-flAXMLfXJ3QXLFDfN4Q1wONvXfdRGNVacoNVyFio_PSd4ef6FL2ICiyw9KCrKgzGmjBLDT7FDp3WWrP_PWPWBjYWAgaT27aRxxf7Elgb54OOTfwMcqJibfXiRpx=w476-h298-k-no,https://lh3.googleusercontent.com/gps-cs-s/AHRPTWk1TS3MIrA5PhNd376TfhEgkXps496LEOq9PcucNLygPp5Sf7xBAvxZXVEMvFprJSI9VgeYH9Oqz2DJLmEkWsBbQuEbgLRQCfwqY6_bGy_WXOajjaUTapwlKnKJCY_4InMny1J8=w476-h298-k-no,https://lh3.googleusercontent.com/gps-cs-s/AHRPTWnDTdTlD27_0ktRAWQJ1bbChwwsSdOkJEpPTLA7rx2AA2Pnx-ubTWTbvvHXlMrsAYb6koQjlPplMgv_wEfQ9QOLIOsJoYl-V5gsx7KUXa812_2aso5S3FP5M5JDYoWME8RIP28mSg=w476-h298-k-no,https://streetviewpixels-pa.googleapis.com/v1/thumbnail?panoid=vH5O6tbf9c7JylNImcGw_A&cb_client=maps_sv.tactile.gps&w=224&h=298&yaw=313.76263&pitch=0&thumbfov=100,https://lh3.googleusercontent.com/a-/ALV-UjWJpF4MEfLrcUh4SI3WR2_mpSPaD8EYUB5xt1I-VBJzx1iNOYw=w36-h36-p-rp-mo-br100,https://lh3.googleusercontent.com/a/ACg8ocJ7RWo6AEZJXG-6Dm-W0XtJLeYdH360nrzsspFayY8fy468cg=w36-h36-p-rp-mo-br100,https://lh3.googleusercontent.com/a/ACg8ocIcx03ij6bG0y2wACibrgV36D0jY87Kd1diZEMVET6fyP3ndw=w36-h36-p-rp-mo-br100,https://lh3.googleusercontent.com/gps-cs-s/AHRPTWlzEbKOxqixiKETOm1Z4jlAGgiaBe61VzwT3BG9sjAUTVcNUy8C6rNLvTm-oLKMz0m2Kw12pbsAEXvyB26GZ25e_GlaIXJblz7iAGoxt-Hivt0rtXkqV4ML2p7FPj4QNHqxjRyX=w156-h114-p-k-no,https://lh3.googleusercontent.com/gps-cs-s/AHRPTWl6bYifMLz8PDUZd61jiin7uHdbNiIF4a4tXW7qaSlN-y7wiMn1SdPHptimfmQmlGEIs3KaOGmzgP2qiEk-rPvO8tMyadtgPNUEb_ER27lum4qb48ZcHBbDMWll-KY38oTGAchDKAjujyc=w156-h114-p-k-no,https://lh3.googleusercontent.com/gps-cs-s/AHRPTWnFaf2x-Dox5jcnaGK6e6uFRBxqLDoci136t1WIGyxhsnqYlZuy9FJ-RzfuR9XjQ6qB-NzmEBVxQqV-amsJqWQDj_l8NB4jLpLTDSWw_E6NYOfjOFqbSSk3-71rUvlv6VGPQd4=w156-h114-p-k-no",35.839502,10.5966509,sav@asm-tunisie.com,https://www.facebook.com/AllSoftMultimedia.POS,Not Available,https://www.instagram.com/keithrockefeller_0119/,https://www.youtube.com/@allsoftmultimedia1873,https://www.linkedin.com/company/asm-tunisie/posts/?feedView=all,Not Available
VAERDIA,https://www.google.com/maps/place/VAERDIA/data=!4m7!3m6!1s0x1302758b10691edd:0x60f1e84cb1ad0694!8m2!3d35.839051!4d10.5973174!16s%2Fg%2F11jzh15mt0!19sChIJ3R5pEIt1AhMRlAatsUzo8WA?authuser=0&hl=en&rclk=1,https://streetviewpixels-pa.googleapis.com/v1/thumbnail?panoid=f5RMGCBogRyNKWSjvA6zUw&cb_client=search.gws-prod.gps&w=408&h=240&yaw=117.42644&pitch=0&thumbfov=100,5.0,Not Available,Software company,"Immeuble Le Boulevard, Av. de Yasser Arafat, Sousse 4054","Monday, 9 AM to 5 PM,Thursday, 9 AM to 5 PM,Friday, 9 AM to 5 PM,Saturday, Closed,Sunday, Closed",Not Available,https://www.vaerdia.com/,73 368 132,"https://streetviewpixels-pa.googleapis.com/v1/thumbnail?panoid=f5RMGCBogRyNKWSjvA6zUw&cb_client=search.gws-prod.gps&w=86&h=86&yaw=117.42644&pitch=0&thumbfov=100,https://streetviewpixels-pa.googleapis.com/v1/thumbnail?panoid=f5RMGCBogRyNKWSjvA6zUw&cb_client=search.gws-prod.gps&w=408&h=240&yaw=117.42644&pitch=0&thumbfov=100,https://streetviewpixels-pa.googleapis.com/v1/thumbnail?panoid=f5RMGCBogRyNKWSjvA6zUw&cb_client=maps_sv.tactile.gps&w=224&h=298&yaw=117.42644&pitch=0&thumbfov=100,https://lh3.googleusercontent.com/gps-cs-s/AHRPTWnhy__C2JhG-bYiOa_0919CJjaDKwFmbKV7743nsOgR3e5oSmVIZawwclHmkYjRFZZoc51_HgmDoO6A72_wX-W63uOWZZ0hf4pcuY6y4z4sOQ-l6EnZYJDgHG6EOwRgI2e6qTSfGA=w645-h298-k-no,https://lh3.googleusercontent.com/a-/ALV-UjWQVkOYmBPQ1Qeg0uXVf7byFsb-ZgqEUzlHKi6waFKvHJyWNAGM=w36-h36-p-rp-mo-br100,https://lh3.googleusercontent.com/gps-cs-s/AHRPTWlzEbKOxqixiKETOm1Z4jlAGgiaBe61VzwT3BG9sjAUTVcNUy8C6rNLvTm-oLKMz0m2Kw12pbsAEXvyB26GZ25e_GlaIXJblz7iAGoxt-Hivt0rtXkqV4ML2p7FPj4QNHqxjRyX=w156-h114-p-k-no",35.839051,10.5973174,contact@vaerdia.com,https://www.facebook.com/p/Vaerdia-100086580754923/?locale=id_ID,Not Available,Not Available,Not Available,https://www.linkedin.com/company/vaerdia/posts/?feedView=all,Not Available
ENVAST,https://www.google.com/maps/place/ENVAST/data=!4m7!3m6!1s0x12fd8b085a5c9429:0x4450dcd361c533f4!8m2!3d35.8197933!4d10.5920902!16s%2Fg%2F11h3l450zt!19sChIJKZRcWgiL_RIR9DPFYdPcUEQ?authuser=0&hl=en&rclk=1,https://lh3.googleusercontent.com/a-/ALV-UjWLKRTD77tH4maHaFNUASU70v_tgJ4GdYyNM-_I8ga78ctmTzBu6w=w36-h36-p-rp-mo-ba12-br100,4.2,Not Available,Software company,"Technopôle de Sousse, Cité Hammam Maarou, Route ceinture de Sahloul Sousse, 4000","Monday, 8 AM to 7 PM,Thursday, 8 AM to 7 PM,Friday, 8 AM to 7 PM,Saturday, 8 AM to 7 PM,Sunday, Closed",Not Available,http://www.envast.tn/,21 267 722,"https://lh3.googleusercontent.com/a-/ALV-UjWLKRTD77tH4maHaFNUASU70v_tgJ4GdYyNM-_I8ga78ctmTzBu6w=w36-h36-p-rp-mo-ba12-br100,https://lh3.googleusercontent.com/a-/ALV-UjXAmAcSPDW3yLcPnSVirsYu2fUKPsQUjHjwUhRlqVB-f8wXayUc=w36-h36-p-rp-mo-br100,https://lh3.googleusercontent.com/a/ACg8ocIzIhoG_YK6dK2cCbqTNJElKdipbCYHCTjvqIw5vOaEig3hI64=w36-h36-p-rp-mo-br100,https://lh3.googleusercontent.com/gps-cs-s/AHRPTWm_1Q2hKaLwqwA0SgM6PtZP8-3VjrdMDmBrZursnxeTc19QbiWtK3ycupI3sEZDg16afLZuxMLvAgQR7EGBq1c_WBGrYLPiDik1fl0nAeUhd99rfp3FjUjw6ZxLLo9yJdS0InB5=w156-h114-p-k-no,https://lh3.googleusercontent.com/gps-cs-s/AHRPTWkQvCXiHg3FXaAgRmC3m35y0g3gaISgvmWAcSA43CthWynTX_r2MVEY6PK-48zUZML_R0C7JGFLqxmoK8C1LOm0AO_6qC4T_yPtSHsKFsKTGEX4vcdcagUx0Hu3kzmJCtIcZxM=w156-h114-p-k-no",35.8197933,10.5920902,Not Available,Not Available,Not Available,Not Available,Not Available,Not Available,Not Available
InSoDev,https://www.google.com/maps/place/InSoDev/data=!4m7!3m6!1s0x130275ced5557d1d:0x2eed86116e4cbfa7!8m2!3d35.825706!4d10.632532!16s%2Fg%2F11h70k8x0m!19sChIJHX1V1c51AhMRp79MbhGG7S4?authuser=0&hl=en&rclk=1,https://streetviewpixels-pa.googleapis.com/v1/thumbnail?panoid=rLtTO2TrhlAy8ShjSctRCw&cb_client=search.gws-prod.gps&w=408&h=240&yaw=185.58568&pitch=0&thumbfov=100,5.0,Not Available,Software company,"RJGM+72M، نهج بني حسان, Sousse","Monday, 8:30 AM to 6 PM,Thursday, 8:30 AM to 6 PM,Friday, 8:30 AM to 6 PM,Saturday, Closed,Sunday, Closed",Not Available,Not Available,Not Available,"https://streetviewpixels-pa.googleapis.com/v1/thumbnail?panoid=rLtTO2TrhlAy8ShjSctRCw&cb_client=search.gws-prod.gps&w=86&h=86&yaw=185.58568&pitch=0&thumbfov=100,https://streetviewpixels-pa.googleapis.com/v1/thumbnail?panoid=rLtTO2TrhlAy8ShjSctRCw&cb_client=search.gws-prod.gps&w=408&h=240&yaw=185.58568&pitch=0&thumbfov=100,https://streetviewpixels-pa.googleapis.com/v1/thumbnail?panoid=rLtTO2TrhlAy8ShjSctRCw&cb_client=maps_sv.tactile.gps&w=224&h=298&yaw=185.58568&pitch=0&thumbfov=100,https://lh3.googleusercontent.com/a-/ALV-UjXza1rk6r_80LsKPCEj2-fBxEfx-Z43MOdE1LuCX_v565Qy8aYe=w36-h36-p-rp-mo-ba12-br100,https://lh3.googleusercontent.com/gps-cs-s/AHRPTWm_1Q2hKaLwqwA0SgM6PtZP8-3VjrdMDmBrZursnxeTc19QbiWtK3ycupI3sEZDg16afLZuxMLvAgQR7EGBq1c_WBGrYLPiDik1fl0nAeUhd99rfp3FjUjw6ZxLLo9yJdS0InB5=w156-h114-p-k-no",35.825706,10.632532,Not Available,Not Available,Not Available,Not Available,Not Available,Not Available,Not Available
EducaPlus Tunisie,https://www.google.com/maps/place/EducaPlus+Tunisie/data=!4m7!3m6!1s0x12fd8a42f1ff3ca5:0x53f5eada26a36a7!8m2!3d35.850366!4d10.595369!16s%2Fg%2F11c5hj9s4g!19sChIJpTz_8UKK_RIRpzZqoq1ePwU?authuser=0&hl=en&rclk=1,https://streetviewpixels-pa.googleapis.com/v1/thumbnail?panoid=zQ14CAbknXJORbxBmUEowA&cb_client=search.gws-prod.gps&w=408&h=240&yaw=64.7789&pitch=0&thumbfov=100,5.0,Not Available,Software company,"VH2W+44X، Cyber Parc Hammam Sousse, Sousse 4053","Monday, 9 AM to 5:30 PM,Thursday, 9 AM to 5:30 PM,Friday, 9 AM to 5:30 PM,Saturday, Closed,Sunday, Closed",Not Available,Not Available,55 899 090,"https://streetviewpixels-pa.googleapis.com/v1/thumbnail?panoid=zQ14CAbknXJORbxBmUEowA&cb_client=search.gws-prod.gps&w=86&h=86&yaw=64.7789&pitch=0&thumbfov=100,https://streetviewpixels-pa.googleapis.com/v1/thumbnail?panoid=zQ14CAbknXJORbxBmUEowA&cb_client=search.gws-prod.gps&w=408&h=240&yaw=64.7789&pitch=0&thumbfov=100,https://streetviewpixels-pa.googleapis.com/v1/thumbnail?panoid=zQ14CAbknXJORbxBmUEowA&cb_client=maps_sv.tactile.gps&w=224&h=298&yaw=64.7789&pitch=0&thumbfov=100,https://lh3.googleusercontent.com/a-/ALV-UjXb1B0DpJNsFVNru3IHr3JWuFZ3b6L0ngxaQj4O0MlBTsy7uyE=w36-h36-p-rp-mo-br100",35.850366,10.595369,Not Available,Not Available,Not Available,Not Available,Not Available,Not Available,Not Available
Valomnia Labs - Apptiv-IT,https://www.google.com/maps/place/Valomnia+Labs+-+Apptiv-IT/data=!4m7!3m6!1s0x13027575d8dc11f7:0x163cde4809e617f9!8m2!3d35.8321168!4d10.6366982!16s%2Fg%2F11c1r19wf3!19sChIJ9xHc2HV1AhMR-RfmCUjePBY?authuser=0&hl=en&rclk=1,https://lh3.googleusercontent.com/gps-cs-s/AHRPTWk-TeM1Xhwa-bQZj5-lBlnVyqwvYDS5FbiYstsnCghZkGvdI1ucM1CQOR0bW-esADHznGnz-dK-U2S-YM1ngF9jFur0LSp_wl-fRGt6Gb_gTj_kjPxA2s1ZhXgvq2gabWd6Iz9dMQ=w426-h240-k-no,5.0,Not Available,Software company,"RJJP+RMW, Sousse","Monday, 8:30 AM to 6 PM,Thursday, 8:30 AM to 6 PM,Friday, 8:30 AM to 6 PM,Saturday, Closed,Sunday, Closed",Not Available,http://www.valomnia.com/,Not Available,"https://lh3.googleusercontent.com/gps-cs-s/AHRPTWk-TeM1Xhwa-bQZj5-lBlnVyqwvYDS5FbiYstsnCghZkGvdI1ucM1CQOR0bW-esADHznGnz-dK-U2S-YM1ngF9jFur0LSp_wl-fRGt6Gb_gTj_kjPxA2s1ZhXgvq2gabWd6Iz9dMQ=w32-h32-p-k-no,https://lh3.googleusercontent.com/gps-cs-s/AHRPTWk-TeM1Xhwa-bQZj5-lBlnVyqwvYDS5FbiYstsnCghZkGvdI1ucM1CQOR0bW-esADHznGnz-dK-U2S-YM1ngF9jFur0LSp_wl-fRGt6Gb_gTj_kjPxA2s1ZhXgvq2gabWd6Iz9dMQ=w426-h240-k-no,https://lh3.googleusercontent.com/gps-cs-s/AHRPTWkPCICLHOnnKrWqKFSz14KVhd-ne54BnZPwQyewFnd9bJPfTxSwrt824yjkPCtIQ9wjecBvcKV1Pj1k755fPzE9f7yaS7fPeR7VAt6w9IHMNkrnO8VW3Hiala0_XMWs610c_NrnYA=w360-h336-k-no,https://lh3.googleusercontent.com/a-/ALV-UjXgv392m4cn9bSRmRKD_7r-SPd6DQkdRFLf118OzJJlz0enHS0r=w36-h36-p-rp-mo-ba12-br100,https://lh3.googleusercontent.com/a-/ALV-UjWuKXhMPGccuX8Dt9U2QyYzzJXdVRVelUYOff33ObcgXe5dxiA=w36-h36-p-rp-mo-br100,https://lh3.googleusercontent.com/gps-cs-s/AHRPTWl7RlN_OGFu1F6q-QNJITObQwVIalPm34IOb9NvH2n2dJFfZLoWYlSf2VNPbJxdV9QcWt0zPh_JriG1lSW5veMsw3T8v1QNfC2dk4BVCCShpG-TsG6q6e6vNNpV94MoiApBpW86=w156-h114-p-k-no,https://lh3.googleusercontent.com/gps-cs-s/AHRPTWkQO26FinQEvH5eP3y7dF9jqzmJFFq248_MWtJb_Yqlr53LztGxAlWt1t1gytKAnpPi3e6EobLgL1n5n7uTV56xReo7mHwtkBdM4BBEBQOJ_56JeSdU4gGR9gSyR01_TfSpQiLUUA=w156-h114-p-k-no",35.8321168,10.6366982,contact@valomnia.com,Not Available,Not Available,Not Available,Not Available,Not Available,Not Available
DevXperts : Société d’Outsourcing des Ressources TI,https://www.google.com/maps/place/DevXperts+:+Soci%C3%A9t%C3%A9+d%E2%80%99Outsourcing+des+Ressources+TI/data=!4m7!3m6!1s0x1301d3b5ec61dc55:0x88437273d7159f0e!8m2!3d34.7420041!4d10.7553412!16s%2Fg%2F11rwqq0lwz!19sChIJVdxh7LXTARMRDp8V13NyQ4g?authuser=0&hl=en&rclk=1,https://lh3.googleusercontent.com/gps-cs-s/AHRPTWlGhRuKYpiHfjr-SoSIrv_a6iPE2BJYs9sRCCYgRxcPdnEQRYUyVeYr_NXCdFrnKC8Cs0kXqSeEDJRVPzO56vpr1Br_lQgSa6EfhiX8Ep23CvhZCTHw2mAcEpLZTYv0V1bWauWOug=w408-h306-k-no,4.7,Not Available,Computer support and services,"Rue Ennassirria , Imm Vincci 5e étage A5-2, Sfax 3027","Monday, 8:30 AM to 6 PM,Thursday, 8:30 AM to 6 PM,Friday, 8:30 AM to 6 PM,Saturday, Closed,Sunday, Closed",Not Available,https://devxperts.tn/,50 346 313,"https://lh3.googleusercontent.com/gps-cs-s/AHRPTWlGhRuKYpiHfjr-SoSIrv_a6iPE2BJYs9sRCCYgRxcPdnEQRYUyVeYr_NXCdFrnKC8Cs0kXqSeEDJRVPzO56vpr1Br_lQgSa6EfhiX8Ep23CvhZCTHw2mAcEpLZTYv0V1bWauWOug=w32-h32-p-k-no,https://lh3.googleusercontent.com/gps-cs-s/AHRPTWlGhRuKYpiHfjr-SoSIrv_a6iPE2BJYs9sRCCYgRxcPdnEQRYUyVeYr_NXCdFrnKC8Cs0kXqSeEDJRVPzO56vpr1Br_lQgSa6EfhiX8Ep23CvhZCTHw2mAcEpLZTYv0V1bWauWOug=w408-h306-k-no,https://lh3.googleusercontent.com/gps-cs-s/AHRPTWlGhRuKYpiHfjr-SoSIrv_a6iPE2BJYs9sRCCYgRxcPdnEQRYUyVeYr_NXCdFrnKC8Cs0kXqSeEDJRVPzO56vpr1Br_lQgSa6EfhiX8Ep23CvhZCTHw2mAcEpLZTYv0V1bWauWOug=w397-h298-k-no,https://lh3.googleusercontent.com/gps-cs-s/AHRPTWmilsPQpWxN5-0lw69BtvJIJnTLncROquEtMRNlqVJw7sOrxTE2XLcDMgovc1IB0GVg9vy2ggVl2yhSOrGamltzZs5wq8TSI7SHwFnlJ7vVMqkQBIdtXt0CnpwShT-j3S7KXKIm=w397-h298-k-no,https://lh3.googleusercontent.com/gps-cs-s/AHRPTWlHvq8CdAzJ_QmB7g286-UkYoVKUU_DkeHzdNFpZEq3RJxG3hioDrRDRmy2I-axBHDAE1TS7QQVdsn4g-j07FgQInFOmlflDqbbnl5vw3T6bYl2auqRlfZNj1Ws3ONzqT4xGv-LmA=w298-h298-k-no,https://lh3.googleusercontent.com/a-/ALV-UjWXbeGPTTKVsTXVZ3EW_ow7PDD2AciKcZaiurWMkzK0BioZHdQ5=w36-h36-p-rp-mo-br100,https://lh3.googleusercontent.com/a-/ALV-UjVp8HoVICjE_nhLqfFao9CcDdJov4h4vKksX9A13ETXtHoLWyNp=w36-h36-p-rp-mo-br100,https://lh3.googleusercontent.com/a/ACg8ocJaV-VymfQC0zPcKNb6ioa9c4of94eqfdIbGjIGkF6vzqh1vg=w36-h36-p-rp-mo-ba12-br100,https://lh3.googleusercontent.com/gps-cs-s/AHRPTWmNFFa2bsCe0QmXvUQxdaZmyC6YZLBbylYutcueebf9qiK_Df9E51jTZ5In8j8VJIWpH666RYLry9JpboHTBMTHjWc86TiYvb0KzJcPga9-Dx3K9l0ILvUlYy16HACFZ-C0brsh_94VKVI0=w156-h114-p-k-no",34.7420041,10.7553412,IKchaou@devxperts.tn,https://www.facebook.com/DevXperts-102508595159261,Not Available,Not Available,Not Available,https://www.linkedin.com/company/devexperts-tunisie/,"Service options,,Online appointments,,On-site services"
"ASM - Caisse tactile tunisie, balance électronique (sfax)","https://www.google.com/maps/place/ASM+-+Caisse+tactile+tunisie,+balance+%C3%A9lectronique+%28sfax%29/data=!4m7!3m6!1s0x1301d32abc7c36f9:0xfcc1b03401f6382b!8m2!3d34.7391013!4d10.7539551!16s%2Fg%2F11g6hzxy0h!19sChIJ-TZ8vCrTARMRKzj2ATSwwfw?authuser=0&hl=en&rclk=1",https://lh3.googleusercontent.com/gps-cs-s/AHRPTWmwaW897l9MuH7IEipOy6I-ECZ5zBMbU5BEtXrWZgS5GH6HJH4byE1gLCe0o-ueN0TarfqU_oPXVK47TeKp7bWW0WeuT79xkhHApeLWPcQb9ZFimhyIvA_PLVesrYza8mGj7iE5=w648-h240-k-no,4.4,Not Available,Software company,"Immeuble Al Itkan B11, Avenue de la liberté, Av. du 14 Janvier, Sfax 3027","Monday, 9 AM to 6 PM,Thursday, 9 AM to 6 PM,Friday, 9 AM to 6 PM,Saturday, Closed,Sunday, Closed",Not Available,https://www.asmpos.com/,92 022 808,"https://lh3.googleusercontent.com/gps-cs-s/AHRPTWmwaW897l9MuH7IEipOy6I-ECZ5zBMbU5BEtXrWZgS5GH6HJH4byE1gLCe0o-ueN0TarfqU_oPXVK47TeKp7bWW0WeuT79xkhHApeLWPcQb9ZFimhyIvA_PLVesrYza8mGj7iE5=w32-h32-p-k-no,https://lh3.googleusercontent.com/gps-cs-s/AHRPTWmwaW897l9MuH7IEipOy6I-ECZ5zBMbU5BEtXrWZgS5GH6HJH4byE1gLCe0o-ueN0TarfqU_oPXVK47TeKp7bWW0WeuT79xkhHApeLWPcQb9ZFimhyIvA_PLVesrYza8mGj7iE5=w648-h240-k-no,https://lh3.googleusercontent.com/gps-cs-s/AHRPTWmwaW897l9MuH7IEipOy6I-ECZ5zBMbU5BEtXrWZgS5GH6HJH4byE1gLCe0o-ueN0TarfqU_oPXVK47TeKp7bWW0WeuT79xkhHApeLWPcQb9ZFimhyIvA_PLVesrYza8mGj7iE5=w805-h298-k-no,https://lh3.googleusercontent.com/gps-cs-s/AHRPTWlJ2w_khJLv-5DUtfgFE2sPPGFvT6oL7315hlXkDwQYZONEMEX7BGvT9vxHc6TjAdvz81-1U01HZR81TqXB4MdrdWJD6yzVfoZqWAoAIh-xWFkUPaH8QkaoIwsx6zCCCKiOeg0zSA=w476-h298-k-no,https://lh3.googleusercontent.com/gps-cs-s/AHRPTWn3nq6gD6hrmRpKsxsd7WivCgvNUc2GrBTfPShTTlC8639wbRnxtfd3Kohpl2iJunZ3Dg8jEX0IIuiWgYjLFryz2UOD8H0a0-bsaKWf9g0_UeKBCmMuJeueElwrZhHe9dkLjNqK7w=w529-h298-k-no,https://streetviewpixels-pa.googleapis.com/v1/thumbnail?panoid=beLisDuvA58Zeeyqke9goA&cb_client=maps_sv.tactile.gps&w=224&h=298&yaw=243.08887&pitch=0&thumbfov=100,https://lh3.googleusercontent.com/a/ACg8ocI46SmXr8s4GbtjkVFET9uNArGv6KjBdb6cXEiDti7s5ZsTxA=w36-h36-p-rp-mo-ba12-br100,https://lh3.googleusercontent.com/a-/ALV-UjWNNSn0EBwD7k3z2Iak6cnow89Sim68WdXOD9R9xnHs59xsYub0GQ=w36-h36-p-rp-mo-ba12-br100,https://lh3.googleusercontent.com/a/ACg8ocJYDuwBRPNkyFMsse0QOWBbynDiLy0qgU0VvMcD7CSSXzk3lw=w36-h36-p-rp-mo-br100,https://lh3.googleusercontent.com/gps-cs-s/AHRPTWknmAlBWq2wxmSLEEPnfr2It-0Tkz-FRPEO7PDeZhVXVRoWrlXv7ii9L3Fo3qYWtN_bSKdxkBV7Z_arN5uKoUtt1HVmZxNQUqyFtEsV42QJbAjU-puQv9f826GFk8CSOsw2cVbR=w156-h114-p-k-no,https://lh3.googleusercontent.com/gps-cs-s/AHRPTWkL5UEgK8F3XvPI5xb0fGj49WNe5XvpiJcB94RsMBXDlTxYOqFXuTlI7TYOJUYv-7RYSmxW7bXeCHqK8fHY7zoRSur2KB3T6L_dqyorchsy81Ks5M6zrXwavzv244Mh61woYTJN=w156-h114-p-k-no",34.7391013,10.7539551,sav@asm-tunisie.com,https://www.facebook.com/AllSoftMultimedia.POS,Not Available,https://www.instagram.com/keithrockefeller_0119/,https://www.youtube.com/@allsoftmultimedia1873,https://www.linkedin.com/company/asm-tunisie/posts/?feedView=all,"Service options,,Online appointments,,On-site services,    Planning,,Appointment required"
PIVA Software,https://www.google.com/maps/place/PIVA+Software/data=!4m7!3m6!1s0x1301d305cfe7f5ed:0xcbb18f5996a1526a!8m2!3d34.7761978!4d10.7457277!16s%2Fg%2F11fy23yym_!19sChIJ7fXnzwXTARMRalKhllmPscs?authuser=0&hl=en&rclk=1,https://lh3.googleusercontent.com/gps-cs-s/AHRPTWkEw1HFCtjR6G-xaR7MYCjr_yl-mGRSZFhoSNIFrOOox3-TdcB-l3O5108vtUr1CR9qZzRQtm4v6RZpTj5mPbw7DXa0JKnOsE8bd4EgWX9Fpz4DQt72HHBdG5q4FWj3dBGUNRfX=w408-h306-k-no,5.0,Not Available,Software company,Sfax,"Monday, 8 AM to 6 PM,Thursday, 8 AM to 6 PM,Friday, 8 AM to 6 PM,Saturday, Closed,Sunday, Closed",Not Available,http://pivasoftware.com/,74 611 029,"https://lh3.googleusercontent.com/gps-cs-s/AHRPTWkEw1HFCtjR6G-xaR7MYCjr_yl-mGRSZFhoSNIFrOOox3-TdcB-l3O5108vtUr1CR9qZzRQtm4v6RZpTj5mPbw7DXa0JKnOsE8bd4EgWX9Fpz4DQt72HHBdG5q4FWj3dBGUNRfX=w32-h32-p-k-no,https://lh3.googleusercontent.com/gps-cs-s/AHRPTWkEw1HFCtjR6G-xaR7MYCjr_yl-mGRSZFhoSNIFrOOox3-TdcB-l3O5108vtUr1CR9qZzRQtm4v6RZpTj5mPbw7DXa0JKnOsE8bd4EgWX9Fpz4DQt72HHBdG5q4FWj3dBGUNRfX=w408-h306-k-no,https://lh3.googleusercontent.com/gps-cs-s/AHRPTWkEw1HFCtjR6G-xaR7MYCjr_yl-mGRSZFhoSNIFrOOox3-TdcB-l3O5108vtUr1CR9qZzRQtm4v6RZpTj5mPbw7DXa0JKnOsE8bd4EgWX9Fpz4DQt72HHBdG5q4FWj3dBGUNRfX=w397-h298-k-no,https://streetviewpixels-pa.googleapis.com/v1/thumbnail?panoid=Vb9sn5iBpPc7DXdyYG9geA&cb_client=maps_sv.tactile.gps&w=224&h=298&yaw=216.8218&pitch=0&thumbfov=100,https://lh3.googleusercontent.com/a/ACg8ocLWpMLwnjx1WYSQwt-p-762a2kdbVkw70uYqEFlmZWJE_ziXA=w36-h36-p-rp-mo-br100,https://lh3.googleusercontent.com/a/ACg8ocJY2wsMDUTSrRudbZvwYRTFdooQ2hF5UChr2zvlJNo4fEMk=w36-h36-p-rp-mo-br100,https://lh3.googleusercontent.com/gps-cs-s/AHRPTWm_4V2AOJ2dZweccViMVJUGsi11vDFIbT3Aoe9Sc7WXgolNhEqMghQtbMKG9zLU_uoSwIBNH6ueUXE7pawAvbhKDUCKu2QFFELjzX7wIkYGsqq5x4QR8kIhdN-ipsbhEUWV___F=w156-h114-p-k-no,https://lh3.googleusercontent.com/gps-cs-s/AHRPTWmxZuEJtEm2VQlcheZo9S3I_DqCJAz1s7k2vbwHiFRR9POhl8bXLG0RFyor86JjYWh59912XFGj2yzasDEyDYPyqAD9XoS7-8fupXPkvLkdiOYHtuotrL0ppdJSTcUSP1NgZt6r=w156-h114-p-k-no",34.7761978,10.7457277,sales@pivasoftware.com,Not Available,Not Available,Not Available,Not Available,https://www.linkedin.com/company/1994426,Not Available
Softtodo,https://www.google.com/maps/place/Softtodo/data=!4m7!3m6!1s0x1301d348ed6f0101:0x4366d9be4276b555!8m2!3d34.7498413!4d10.7286425!16s%2Fg%2F11d_y5blmp!19sChIJAQFv7UjTARMRVbV2Qr7ZZkM?authuser=0&hl=en&rclk=1,https://lh3.googleusercontent.com/gps-cs-s/AHRPTWlN6TLcnPaTbnrlW9XYUJwepAwNue1_G3YJOqUlgqwHwayORXx0hS82HoswMBTCIbTz-ty7zSO7riuRM0XKieeAciRMyeWz8MaZO06FCGEh6qI8hI8MS8naaKApzQMHuRUeKD0PWg=w408-h272-k-no,4.7,Not Available,Software company,"Route El Ain, Km3 Ceinture Bourguiba, Sfax","Monday, 8 AM to 5 PM,Thursday, 8 AM to 5 PM,Friday, 8 AM to 5 PM,Saturday, Closed,Sunday, Closed",Not Available,http://softtodo.com/,74 660 544,"https://lh3.googleusercontent.com/gps-cs-s/AHRPTWlN6TLcnPaTbnrlW9XYUJwepAwNue1_G3YJOqUlgqwHwayORXx0hS82HoswMBTCIbTz-ty7zSO7riuRM0XKieeAciRMyeWz8MaZO06FCGEh6qI8hI8MS8naaKApzQMHuRUeKD0PWg=w32-h32-p-k-no,https://lh3.googleusercontent.com/gps-cs-s/AHRPTWlN6TLcnPaTbnrlW9XYUJwepAwNue1_G3YJOqUlgqwHwayORXx0hS82HoswMBTCIbTz-ty7zSO7riuRM0XKieeAciRMyeWz8MaZO06FCGEh6qI8hI8MS8naaKApzQMHuRUeKD0PWg=w408-h272-k-no,https://lh3.googleusercontent.com/gps-cs-s/AHRPTWlN6TLcnPaTbnrlW9XYUJwepAwNue1_G3YJOqUlgqwHwayORXx0hS82HoswMBTCIbTz-ty7zSO7riuRM0XKieeAciRMyeWz8MaZO06FCGEh6qI8hI8MS8naaKApzQMHuRUeKD0PWg=w447-h298-k-no,https://lh3.googleusercontent.com/gps-cs-s/AHRPTWkeLSAtox0CpPkwYy0983i8SYGF2CgtlGPKk1XY7Trl72WupaUDn-WXIB-rEu8S2giyB7C05WudeGzyjdfGsXA7_4H6NBb2r5HAyDyDUIs_iCmI8KNcJWqY45gBLWtoBA4FIUqqxw=w447-h298-k-no,https://streetviewpixels-pa.googleapis.com/v1/thumbnail?panoid=gTf-IeXiJ0hCaAa3VXlPOw&cb_client=maps_sv.tactile.gps&w=224&h=298&yaw=307.83792&pitch=0&thumbfov=100,https://lh3.googleusercontent.com/a-/ALV-UjWV6oTWgCEUCjRaaOIxIG0O38C5LMsdpINAWFJMpsm8beK-rec=w36-h36-p-rp-mo-ba12-br100,https://lh3.googleusercontent.com/a-/ALV-UjWGs1cESbyCOSwbFNQJkuGrXTkLXaRJ7zggk-SpOG7JGh105UwY=w36-h36-p-rp-mo-br100,https://lh3.googleusercontent.com/a-/ALV-UjUeVTfHeJVftKrfTteM_S8RKN8cS_zpc9M2ZYQ4zqW8oBL9qWA=w36-h36-p-rp-mo-br100,https://lh3.googleusercontent.com/gps-cs-s/AHRPTWm-fIUFDInrnC6NDM4OVEyhCuKL_9f9RFG-LfZPxYfysRsJH9h9XvUbib3xDiZ75CDaS7qpIYpgp7ZZo0WKTpdfdtpuA2Op02vQnGgw6hmLflenz7u1tFqYvNxe1ONjgLehGtiE=w156-h114-p-k-no,https://lh3.googleusercontent.com/gps-cs-s/AHRPTWkL5UEgK8F3XvPI5xb0fGj49WNe5XvpiJcB94RsMBXDlTxYOqFXuTlI7TYOJUYv-7RYSmxW7bXeCHqK8fHY7zoRSur2KB3T6L_dqyorchsy81Ks5M6zrXwavzv244Mh61woYTJN=w156-h114-p-k-no",34.7498413,10.7286425,contact@softtodo.com,https://www.facebook.com/share/19gV345eeg/?mibextid=LQQJ4d,Not Available,https://www.instagram.com/soft_to_do?igsh=bXZiYjQ3Zm82dm5i,Not Available,https://www.linkedin.com/company/softtodo/,"Accessibility,,Wheelchair-accessible entrance,    Service options,,Online appointments,,On-site services,    Amenities,,Gender-neutral toilets"
ABS COMPUTER,https://www.google.com/maps/place/ABS+COMPUTER/data=!4m7!3m6!1s0x13002d2e73eff565:0xc45bb5d43e58051d!8m2!3d34.7524554!4d10.7607482!16s%2Fg%2F1vlnsvwp!19sChIJZfXvcy4tABMRHQVYPtS1W8Q?authuser=0&hl=en&rclk=1,https://lh3.googleusercontent.com/gps-cs-s/AHRPTWm5W4Dm-za3Z8knCVUAjIyD4PKdY9lpKsU1YbJVQmkdYHdRJTvips6x5yhDv6FIsBd7MLLB5Hy7-kLhSmf6Xt4jMeO2vgYT7N3AHw9xzplwIiuC0TehsjaXQTMeySt59kEJ8-xp_A=w427-h240-k-no,4.8,Not Available,Software company,"Rte de Tunis IMM. Moulin ville center BLOC B BR. 02 Sfax، 3002, Tinis, Sfax","Monday, 8 AM to 1 PM, 2 to 5:30 PM,Thursday, 8 AM to 1 PM, 2 to 5:30 PM,Friday, 8 AM to 12 PM, 2 to 6 PM,Saturday, Closed,Sunday, Closed",Not Available,http://www.abscomputer.co/,70 015 081,"https://lh3.googleusercontent.com/gps-cs-s/AHRPTWm5W4Dm-za3Z8knCVUAjIyD4PKdY9lpKsU1YbJVQmkdYHdRJTvips6x5yhDv6FIsBd7MLLB5Hy7-kLhSmf6Xt4jMeO2vgYT7N3AHw9xzplwIiuC0TehsjaXQTMeySt59kEJ8-xp_A=w32-h32-p-k-no,https://lh3.googleusercontent.com/gps-cs-s/AHRPTWm5W4Dm-za3Z8knCVUAjIyD4PKdY9lpKsU1YbJVQmkdYHdRJTvips6x5yhDv6FIsBd7MLLB5Hy7-kLhSmf6Xt4jMeO2vgYT7N3AHw9xzplwIiuC0TehsjaXQTMeySt59kEJ8-xp_A=w427-h240-k-no,https://lh3.googleusercontent.com/gps-cs-s/AHRPTWm5W4Dm-za3Z8knCVUAjIyD4PKdY9lpKsU1YbJVQmkdYHdRJTvips6x5yhDv6FIsBd7MLLB5Hy7-kLhSmf6Xt4jMeO2vgYT7N3AHw9xzplwIiuC0TehsjaXQTMeySt59kEJ8-xp_A=w530-h298-k-no,https://lh3.googleusercontent.com/gps-cs-s/AHRPTWkrQ-mSDFA7wzHGNCSrH4DfaZvZpfv6BIA8OxVQqLVXnBET1njf6cAwA6dKaSKUQn03QcZWxK3nHyY450M22pqVVprqHLE-vaauf63VIPtFjwJvVdDRHo0AK96JQtt-tiOBUoW-LQ=w397-h298-k-no,https://lh3.googleusercontent.com/gps-cs-s/AHRPTWk9gyX9mUZn1mrCMkbLLefbF5wXyBKZ_9jeWTpu1fCJ6c29IvV2AJN3iWekG1HcQLtHawsLjS_D0-bEwBMwQIOhBEdxB4RG9o8rYPAucte0DGB3xbkS7Du3Nz4hg7wnqVMdRELU=w397-h298-k-no,https://lh3.googleusercontent.com/a-/ALV-UjX6hI16uDW3HArnhkBYhglEXkp0dMedAhwtA0bK4X1r2OiFJ_t0=w36-h36-p-rp-mo-br100,https://lh3.googleusercontent.com/a/ACg8ocLeFR6eOnRNLC1YNjHbPF5S1JsGkgkhGkm_wepV_m5kLnH4dg=w36-h36-p-rp-mo-br100,https://lh3.googleusercontent.com/a/ACg8ocIXJFz_mBqIB36KlMeyVxR2tnBG6o9X_8FhXz0Vxj-_tOUuzA=w36-h36-p-rp-mo-br100,https://lh3.googleusercontent.com/gps-cs-s/AHRPTWkL5UEgK8F3XvPI5xb0fGj49WNe5XvpiJcB94RsMBXDlTxYOqFXuTlI7TYOJUYv-7RYSmxW7bXeCHqK8fHY7zoRSur2KB3T6L_dqyorchsy81Ks5M6zrXwavzv244Mh61woYTJN=w156-h114-p-k-no,https://lh3.googleusercontent.com/gps-cs-s/AHRPTWne0QMwKyNBQxs3m5C1u9b10lzsXn4OevpqHnfr4duPqqO8AdWfVp3EwgFFmcTTjwBSIul4Ol0jJiSXRQalI9ob7YFHz3kj4khCU2VuIl7BUC33H45FgvXFR7J2xua13K2EnwFjlw=w156-h114-p-k-no",34.7524554,10.7607482,contact@abscomputer.tn,https://www.facebook.com/abscomputer.tn/,Not Available,Not Available,https://www.youtube.com/channel/UCI66VlhRSmDC-A1pTJVSBLg,Not Available,"Service options,,On-site services,,Online appointments,    Planning,,Appointment required"
Business Software,https://www.google.com/maps/place/Business+Software/data=!4m7!3m6!1s0x13002cd25fc3ab9d:0xb977cfd339922cf6!8m2!3d34.7410273!4d10.7564755!16s%2Fg%2F1q5bw1_c3!19sChIJnavDX9IsABMR9iySOdPPd7k?authuser=0&hl=en&rclk=1,https://lh3.googleusercontent.com/a/ACg8ocJdAkXgpV161vK2oPDviVMmMM7ZiQAjthLaHcwa4PTe5Khn_Ls=w36-h36-p-rp-mo-ba12-br100,4.3,Not Available,Software company,"PQR4+CH9, Sfax","Monday, 8:30 AM to 5:30 PM,Thursday, 8:30 AM to 5:30 PM,Friday, 8:30 AM to 5:30 PM,Saturday, 8:30 AM to 5:30 PM,Sunday, Closed",Not Available,http://www.businessoftware.com.tn/,74 452 209,"https://lh3.googleusercontent.com/a/ACg8ocJdAkXgpV161vK2oPDviVMmMM7ZiQAjthLaHcwa4PTe5Khn_Ls=w36-h36-p-rp-mo-ba12-br100,https://lh3.googleusercontent.com/a/ACg8ocJUd-SB2MTvG7FeyAo7SzlvWhHKsUaILo8-1KgAwWZPj-RuFg=w36-h36-p-rp-mo-ba12-br100,https://lh3.googleusercontent.com/a-/ALV-UjUiplp6dwcyl2fsLUoxxN-3-RM_gl5bNRroC4capMarhXG7lZ0=w36-h36-p-rp-mo-br100,https://lh6.googleusercontent.com/proxy/2ZMoWFxBB6PtPnDf4qp1T-8fHOLjHHQZ7RNhGkd2_jYcbN5pTPrrTzeMC7D9B6DfV2xsfDo_nDuKbJLN4FagKTguCEx3Y2suLUrY6ZdLUlO9wD0Yffk4SpmKEhUGP7fbzWBNs5esRj77k6cFvyD20kxF_7DZFw=w156-h114-p-k-no,https://lh3.googleusercontent.com/gps-cs-s/AHRPTWm5W4Dm-za3Z8knCVUAjIyD4PKdY9lpKsU1YbJVQmkdYHdRJTvips6x5yhDv6FIsBd7MLLB5Hy7-kLhSmf6Xt4jMeO2vgYT7N3AHw9xzplwIiuC0TehsjaXQTMeySt59kEJ8-xp_A=w156-h114-p-k-no",34.7410273,10.7564755,contact@businessoftware.com.tn,https://www.facebook.com/Business.Software2006,Not Available,https://www.instagram.com/business.software2006/,Not Available,https://www.linkedin.com/company/business-software2006/,Not Available
PixiMind,https://www.google.com/maps/place/PixiMind/data=!4m7!3m6!1s0x13002d4d0d8e6425:0x397e274630276d20!8m2!3d34.7457378!4d10.7436363!16s%2Fg%2F11gwgq256c!19sChIJJWSODU0tABMRIG0nMEYnfjk?authuser=0&hl=en&rclk=1,https://lh3.googleusercontent.com/gps-cs-s/AHRPTWkgNOQFUhIAEdxHmviaG1B4JMvdCueYT2_PuvzmklO9J28vQCkm9pLfsUErSpPZkY_zD1iS_Kr73m78Iy6A7M0CI_UOs0MEVdbPd88Ta2EenuZ92K5neSK6B68Zs8qmqP0yKOlR=w408-h271-k-no,5.0,Not Available,Software company,"Route El Ain, Km 1,5 Imm Ihssen , Etage2 Sfax, 3026","Monday, 9 AM to 5 PM,Thursday, 9 AM to 5 PM,Friday, 9 AM to 5 PM,Saturday, Closed,Sunday, Closed",Not Available,https://www.piximind.com/,31 587 777,"https://lh3.googleusercontent.com/gps-cs-s/AHRPTWkgNOQFUhIAEdxHmviaG1B4JMvdCueYT2_PuvzmklO9J28vQCkm9pLfsUErSpPZkY_zD1iS_Kr73m78Iy6A7M0CI_UOs0MEVdbPd88Ta2EenuZ92K5neSK6B68Zs8qmqP0yKOlR=w32-h32-p-k-no,https://lh3.googleusercontent.com/gps-cs-s/AHRPTWkgNOQFUhIAEdxHmviaG1B4JMvdCueYT2_PuvzmklO9J28vQCkm9pLfsUErSpPZkY_zD1iS_Kr73m78Iy6A7M0CI_UOs0MEVdbPd88Ta2EenuZ92K5neSK6B68Zs8qmqP0yKOlR=w408-h271-k-no,https://lh3.googleusercontent.com/gps-cs-s/AHRPTWkgNOQFUhIAEdxHmviaG1B4JMvdCueYT2_PuvzmklO9J28vQCkm9pLfsUErSpPZkY_zD1iS_Kr73m78Iy6A7M0CI_UOs0MEVdbPd88Ta2EenuZ92K5neSK6B68Zs8qmqP0yKOlR=w447-h298-k-no,https://lh3.googleusercontent.com/gps-cs-s/AHRPTWnBvMn5z8jfevv_Av7AqKiOftjZbtQLpFwkeFIw8W41vCH7Ti5tpR8d5l80lQYPNM07FEjHyZltL80ePuLNDLmq3D9DYm_Nm1ixFx1J0wZyO9J8uoFHofrcibfosr74bHt9pjC25w=w529-h298-k-no,https://streetviewpixels-pa.googleapis.com/v1/thumbnail?panoid=bkYwUQPhNPP0sZ0amh103Q&cb_client=maps_sv.tactile.gps&w=224&h=298&yaw=300.50638&pitch=0&thumbfov=100,https://lh3.googleusercontent.com/a-/ALV-UjUq3rqU69wSCAGmYIInnmuFTe114U7NLnsxH_eAWkRD7rl0_fmp_g=w36-h36-p-rp-mo-ba12-br100,https://lh3.googleusercontent.com/gps-cs-s/AHRPTWlDxk9v_-Pxql_oONH9jqAf69tFsDx5Buq6J-iVRcj_NEbI1edrmHLmiLmDxdxKSEmhLXaeH776V0DMhyz-1KlzXxaeXPx8OehSUY7bFxSpU_5uuCETFU4YAZOvfbQmoYriEXFD=w156-h114-p-k-no",34.7457378,10.7436363,Not Available,https://www.facebook.com/piximind/?ref=pages_you_manage,Not Available,https://www.instagram.com/piximind_officiel/,Not Available,https://www.linkedin.com/company/piximind/mycompany/?viewAsMember=true,"Accessibility,,Wheelchair-accessible entrance,    Service options,,Online appointments,    Planning,,Appointment required,    Parking,,Free of charge street parking"
IDEAL SOFTWARE SOLUTIONS,https://www.google.com/maps/place/IDEAL+SOFTWARE+SOLUTIONS/data=!4m7!3m6!1s0x1301d3c67863d8f1:0xaae9b89e134aad32!8m2!3d34.7507344!4d10.7673776!16s%2Fg%2F11mhwmqrfj!19sChIJ8dhjeMbTARMRMq1KE5646ao?authuser=0&hl=en&rclk=1,https://lh3.googleusercontent.com/gps-cs-s/AHRPTWl35pI-2bwcyvTvoz3YQXdEeT7-aYokozdWwXt6gbgA_7Dtbr41xnpTKIzzgHQymLQna86J84YcJn8ZNQyp4d9mPQvcfAEGO6AvmCT36HCjz1M4XvkvqEzDZGlQmzkFNjz7G64P=w408-h576-k-no,5.0,Not Available,Software company,Route de Mahdia km 1.5,"Monday, 8 AM to 6 PM,Thursday, 8 AM to 6 PM,Friday, 8 AM to 6 PM,Saturday, 8 AM to 1 PM,Sunday, Closed",Not Available,Not Available,28 814 500,"https://lh3.googleusercontent.com/gps-cs-s/AHRPTWl35pI-2bwcyvTvoz3YQXdEeT7-aYokozdWwXt6gbgA_7Dtbr41xnpTKIzzgHQymLQna86J84YcJn8ZNQyp4d9mPQvcfAEGO6AvmCT36HCjz1M4XvkvqEzDZGlQmzkFNjz7G64P=w32-h32-p-k-no,https://lh3.googleusercontent.com/gps-cs-s/AHRPTWl35pI-2bwcyvTvoz3YQXdEeT7-aYokozdWwXt6gbgA_7Dtbr41xnpTKIzzgHQymLQna86J84YcJn8ZNQyp4d9mPQvcfAEGO6AvmCT36HCjz1M4XvkvqEzDZGlQmzkFNjz7G64P=w408-h576-k-no,https://lh3.googleusercontent.com/gps-cs-s/AHRPTWl35pI-2bwcyvTvoz3YQXdEeT7-aYokozdWwXt6gbgA_7Dtbr41xnpTKIzzgHQymLQna86J84YcJn8ZNQyp4d9mPQvcfAEGO6AvmCT36HCjz1M4XvkvqEzDZGlQmzkFNjz7G64P=w224-h316-k-no,https://lh3.googleusercontent.com/gps-cs-s/AHRPTWmP9nABqmicsnP2sHXkePMvk6TJPyCTv4xCcIDgdOIisUa7DvX_Yv02ATwi_20iSkBZT_AaZpWPP8oexjB57bQ2jLx63HS5sL_6wqVGf02u88U0OTc10X2m4CtfwQ4WIFaXfFIo=w741-h298-k-no,https://streetviewpixels-pa.googleapis.com/v1/thumbnail?panoid=EGOgUxelE1zWrZDdUaYOGA&cb_client=maps_sv.tactile.gps&w=224&h=298&yaw=305.7644&pitch=0&thumbfov=100,https://lh3.googleusercontent.com/a/ACg8ocLbeGFyR3XSVMCcfAcN7Ftc22dS7hsywkWdv_i8HVfuPXGqxQ=w36-h36-p-rp-mo-br100,https://lh3.googleusercontent.com/gps-cs-s/AHRPTWkkqmWZ0L5-QjIMpFoIhILkxLfOzkunWptJJYHj3E6fcSNvwpp4niuFLHqu4IVQ3FF-cdjyZfemRJDXzSoCbDCI_xlscTWCaMCBk8RtLydcJxaKkWMvCMgVRGzgSdYNtzCH96rx=w156-h114-p-k-no,https://lh3.googleusercontent.com/gps-cs-s/AHRPTWlkHehlIiOQAXrxVDj4f-FuKlDzeyXsOxx-RtOt7AB2V4jNGeaqL2DlPBezC6vUk790aqk86-fKyqT9hg_a2nNjBMYiEFRtdrC6KMgpibtCIeExnx5AeBYnQeCyCin16eekLo2IdJV8s5Nv=w156-h114-p-k-no,https://lh3.googleusercontent.com/gps-cs-s/AHRPTWkEVIoh7YXseUqxRNTHzaiBFxT_ou46UWNzu_EdkbjAoxyn7vNaVexIDpwwMoYtmzPHi9tnKGbkMdJ5YmjtLL4M54ICuG2URIjx6wIB3i4m2N0zECZy9Pij5MpwJV5SwQnAGGnW=w156-h114-p-k-no",34.7507344,10.7673776,Not Available,Not Available,Not Available,Not Available,Not Available,Not Available,Not Available
A2SOFT,https://www.google.com/maps/place/A2SOFT/data=!4m7!3m6!1s0x13002cd54315c653:0x705cbd01efd221a3!8m2!3d34.7403396!4d10.7551015!16s%2Fg%2F11g6mff66d!19sChIJU8YVQ9UsABMRoyHS7wG9XHA?authuser=0&hl=en&rclk=1,https://lh3.googleusercontent.com/gps-cs-s/AHRPTWnTvhANvCWf31N9rqANLq7R9m_hR8nDQoHXz22jJDJNtOy8E_eh4PTrmgwPAlOg2mh-ly1YMIlSDdPXOc-jipsKEr9QCOx44oryQN6m_qdftZQMSgzxmHFTpqEOsUxMxqjxQbCB=w408-h337-k-no,5.0,Not Available,Software company,"App N°6, Complexe La Couronne, 3 ème étage Bloc A, Sfax","Monday, 8 AM to 5 PM,Thursday, 8 AM to 5 PM,Friday, 8 AM to 5 PM,Saturday, Closed,Sunday, Closed",Not Available,http://www.a2soft.tn/,74 400 336,"https://lh3.googleusercontent.com/gps-cs-s/AHRPTWnTvhANvCWf31N9rqANLq7R9m_hR8nDQoHXz22jJDJNtOy8E_eh4PTrmgwPAlOg2mh-ly1YMIlSDdPXOc-jipsKEr9QCOx44oryQN6m_qdftZQMSgzxmHFTpqEOsUxMxqjxQbCB=w32-h32-p-k-no,https://lh3.googleusercontent.com/gps-cs-s/AHRPTWnTvhANvCWf31N9rqANLq7R9m_hR8nDQoHXz22jJDJNtOy8E_eh4PTrmgwPAlOg2mh-ly1YMIlSDdPXOc-jipsKEr9QCOx44oryQN6m_qdftZQMSgzxmHFTpqEOsUxMxqjxQbCB=w408-h337-k-no,https://lh3.googleusercontent.com/gps-cs-s/AHRPTWnTvhANvCWf31N9rqANLq7R9m_hR8nDQoHXz22jJDJNtOy8E_eh4PTrmgwPAlOg2mh-ly1YMIlSDdPXOc-jipsKEr9QCOx44oryQN6m_qdftZQMSgzxmHFTpqEOsUxMxqjxQbCB=w360-h298-k-no,https://lh3.googleusercontent.com/a/ACg8ocKSdmai6YUXBistKGfysyzuLOxSfHRcCKf5TTwhiO_t-H7GqA=w36-h36-p-rp-mo-br100,https://lh3.googleusercontent.com/gps-cs-s/AHRPTWm5W4Dm-za3Z8knCVUAjIyD4PKdY9lpKsU1YbJVQmkdYHdRJTvips6x5yhDv6FIsBd7MLLB5Hy7-kLhSmf6Xt4jMeO2vgYT7N3AHw9xzplwIiuC0TehsjaXQTMeySt59kEJ8-xp_A=w156-h114-p-k-no,https://lh3.googleusercontent.com/gps-cs-s/AHRPTWmwaW897l9MuH7IEipOy6I-ECZ5zBMbU5BEtXrWZgS5GH6HJH4byE1gLCe0o-ueN0TarfqU_oPXVK47TeKp7bWW0WeuT79xkhHApeLWPcQb9ZFimhyIvA_PLVesrYza8mGj7iE5=w156-h114-p-k-no",34.7403396,10.7551015,Contact@a2soft.tn,https://fr-fr.facebook.com/a2soft.tn/,Not Available,Not Available,Not Available,Not Available,Not Available
GREATSOFT,https://www.google.com/maps/place/GREATSOFT/data=!4m7!3m6!1s0x1301d15051315cdf:0x39f2b740930cf8fb!8m2!3d34.8358451!4d10.7541866!16s%2Fg%2F11pkjrlr8b!19sChIJ31wxUVDRARMR-_gMk0C38jk?authuser=0&hl=en&rclk=1,https://lh3.googleusercontent.com/gps-cs-s/AHRPTWlu-vEFukhalJ7j8VJ2r-u5YWP2NjckGIetNItdIPHv_bg5U_tpTd55E2ozrDO5a6Z8wh0qAJee_aLPN5jUojwXKB6kFErUjN9b7mrd-79WDGpqxAMucsAvJ1GdXEndCCTxDkeh=w1008-h240-k-no,5.0,Not Available,Software company,"Technopôle de Sfax Route de Tunis km 10, Cité El Ons Sfax, 3021","Monday, 8:30 AM to 5:30 PM,Thursday, 8:30 AM to 5:30 PM,Friday, 8:30 AM to 5:30 PM,Saturday, 8:30 AM to 1 PM,Sunday, Closed",Not Available,http://www.greatsoft.com.tn/,22 247 041,"https://lh3.googleusercontent.com/gps-cs-s/AHRPTWlu-vEFukhalJ7j8VJ2r-u5YWP2NjckGIetNItdIPHv_bg5U_tpTd55E2ozrDO5a6Z8wh0qAJee_aLPN5jUojwXKB6kFErUjN9b7mrd-79WDGpqxAMucsAvJ1GdXEndCCTxDkeh=w32-h32-p-k-no,https://lh3.googleusercontent.com/gps-cs-s/AHRPTWlu-vEFukhalJ7j8VJ2r-u5YWP2NjckGIetNItdIPHv_bg5U_tpTd55E2ozrDO5a6Z8wh0qAJee_aLPN5jUojwXKB6kFErUjN9b7mrd-79WDGpqxAMucsAvJ1GdXEndCCTxDkeh=w1008-h240-k-no,https://lh3.googleusercontent.com/gps-cs-s/AHRPTWlu-vEFukhalJ7j8VJ2r-u5YWP2NjckGIetNItdIPHv_bg5U_tpTd55E2ozrDO5a6Z8wh0qAJee_aLPN5jUojwXKB6kFErUjN9b7mrd-79WDGpqxAMucsAvJ1GdXEndCCTxDkeh=w1252-h298-k-no,https://lh3.googleusercontent.com/a/ACg8ocI4Y_izQacf_vyaHL5JT5lkA5asa6hDiQTOO-CnGQ6071ZRoQ=w36-h36-p-rp-mo-br100,https://lh3.googleusercontent.com/gps-cs-s/AHRPTWlnHzjqWgEKL9Q1eMcgjrJgguHKrlcJoydNd6RRjMs-519OFQbCx_uZuRld-0laqP35cBXQzNWrENFVMmcY7hF9lZGUP1pl6-N08EPZZemAhgJeO8NMCbFP4ZTb8h2syvz8JeJUHw=w156-h114-p-k-no",34.8358451,10.7541866,contact@greatsoft.com.tn,https://www.facebook.com/greatsoft.com.tn,Not Available,Not Available,Not Available,https://www.linkedin.com/company/greatsofttn,Not Available
INFOSOFT,https://www.google.com/maps/place/INFOSOFT/data=!4m7!3m6!1s0x1301d2d03919528f:0x7268248f20ba097e!8m2!3d34.746236!4d10.765006!16s%2Fg%2F1pv043kbp!19sChIJj1IZOdDSARMRfgm6II8kaHI?authuser=0&hl=en&rclk=1,https://lh3.googleusercontent.com/gps-cs-s/AHRPTWkL5UEgK8F3XvPI5xb0fGj49WNe5XvpiJcB94RsMBXDlTxYOqFXuTlI7TYOJUYv-7RYSmxW7bXeCHqK8fHY7zoRSur2KB3T6L_dqyorchsy81Ks5M6zrXwavzv244Mh61woYTJN=w426-h240-k-no,5.0,Not Available,Computer support and services,"Résidence Pavillon d'Or Mezzanine B05، Rue Majida Boulila, Sfax 3000","Monday, 8 AM to 6 PM,Thursday, 8 AM to 6 PM,Friday, 8 AM to 6 PM,Saturday, 8 AM to 2 PM,Sunday, Closed",Not Available,https://www.infosoft.tn/,70 032 511,"https://lh3.googleusercontent.com/gps-cs-s/AHRPTWkL5UEgK8F3XvPI5xb0fGj49WNe5XvpiJcB94RsMBXDlTxYOqFXuTlI7TYOJUYv-7RYSmxW7bXeCHqK8fHY7zoRSur2KB3T6L_dqyorchsy81Ks5M6zrXwavzv244Mh61woYTJN=w32-h32-p-k-no,https://lh3.googleusercontent.com/gps-cs-s/AHRPTWkL5UEgK8F3XvPI5xb0fGj49WNe5XvpiJcB94RsMBXDlTxYOqFXuTlI7TYOJUYv-7RYSmxW7bXeCHqK8fHY7zoRSur2KB3T6L_dqyorchsy81Ks5M6zrXwavzv244Mh61woYTJN=w426-h240-k-no,https://lh3.googleusercontent.com/gps-cs-s/AHRPTWkL5UEgK8F3XvPI5xb0fGj49WNe5XvpiJcB94RsMBXDlTxYOqFXuTlI7TYOJUYv-7RYSmxW7bXeCHqK8fHY7zoRSur2KB3T6L_dqyorchsy81Ks5M6zrXwavzv244Mh61woYTJN=w530-h298-k-no,https://lh3.googleusercontent.com/gps-cs-s/AHRPTWlsii2llonr1mVii4VH0dfeU-2eHjX3Zvadgeptq7wSO4kaCdJQV6hKO4wMQnSZMc6DNp1buPIMNBPsRB4Q31DzH6yeR-5tZ2_Qr8oaXlzrxx917Yd2c8YIWKg8QUeCinrNYdDojg=w298-h298-k-no,https://lh3.googleusercontent.com/a-/ALV-UjXiCWQ_Z0tGLn0ewd5nnmiCHhXtrKfsyqfhO6jbZKTspOYk_8E3=w36-h36-p-rp-mo-ba12-br100,https://lh3.googleusercontent.com/a-/ALV-UjUvTeGJiDgiRxzOz8gXRvZtzuUDyGldgNmnVw2G0TJ5QdWhLSWo=w36-h36-p-rp-mo-br100,https://lh3.googleusercontent.com/a-/ALV-UjVkdnVp5JcAVZo8qlDHf7ImzY9Bz4kbOBJ7imX8__njWNhnUYbe=w36-h36-p-rp-mo-br100,https://lh3.googleusercontent.com/gps-cs-s/AHRPTWmBjrV8ra2w0xdTkBVV3P6eEAYiaoyEhSUn9eldzeMhvS3C_5C6LECVFRMM4wM1JFKj5UYNv7DYe3NsP-ntZYYpK07KJaVGl4hJdYGqRqJJ1Ecvg-YYy7KuTQEuzrB0f9AytBbq=w156-h114-p-k-no,https://lh3.googleusercontent.com/gps-cs-s/AHRPTWkEVIoh7YXseUqxRNTHzaiBFxT_ou46UWNzu_EdkbjAoxyn7vNaVexIDpwwMoYtmzPHi9tnKGbkMdJ5YmjtLL4M54ICuG2URIjx6wIB3i4m2N0zECZy9Pij5MpwJV5SwQnAGGnW=w156-h114-p-k-no,https://lh3.googleusercontent.com/gps-cs-s/AHRPTWlGhRuKYpiHfjr-SoSIrv_a6iPE2BJYs9sRCCYgRxcPdnEQRYUyVeYr_NXCdFrnKC8Cs0kXqSeEDJRVPzO56vpr1Br_lQgSa6EfhiX8Ep23CvhZCTHw2mAcEpLZTYv0V1bWauWOug=w156-h114-p-k-no",34.746236,10.765006,Not Available,https://www.facebook.com/infosoft.tn/,https://twitter.com/SageInfosoft,https://www.instagram.com/infosoftsage/,https://www.youtube.com/channel/UC7SyVPQwArTnWN50UDCE2Kg,https://www.linkedin.com/in/infosoft-sage-8331773b/,Not Available
ICT Technologies,https://www.google.com/maps/place/ICT+Technologies/data=!4m7!3m6!1s0x1301d1781b1cc251:0xbf58d6dafda1746b!8m2!3d34.7403261!4d10.7583409!16s%2Fg%2F11b708lkxq!19sChIJUcIcG3jRARMRa3Sh_drWWL8?authuser=0&hl=en&rclk=1,https://streetviewpixels-pa.googleapis.com/v1/thumbnail?panoid=wgwFoi22k-PRrqfucm10fA&cb_client=search.gws-prod.gps&w=408&h=240&yaw=219.01007&pitch=0&thumbfov=100,5.0,Not Available,Software company,"3éme étage, Immeuble ibn zohr, Av. de Carthage, Sfax","Monday, 8:30 AM to 3 PM,Thursday, 8:30 AM to 3 PM,Friday, 8:30 AM to 3 PM,Saturday, Closed,Sunday, Closed",Not Available,http://www.ict.com.tn/,26 219 632,"https://streetviewpixels-pa.googleapis.com/v1/thumbnail?panoid=wgwFoi22k-PRrqfucm10fA&cb_client=search.gws-prod.gps&w=86&h=86&yaw=219.01007&pitch=0&thumbfov=100,https://streetviewpixels-pa.googleapis.com/v1/thumbnail?panoid=wgwFoi22k-PRrqfucm10fA&cb_client=search.gws-prod.gps&w=408&h=240&yaw=219.01007&pitch=0&thumbfov=100,https://streetviewpixels-pa.googleapis.com/v1/thumbnail?panoid=wgwFoi22k-PRrqfucm10fA&cb_client=maps_sv.tactile.gps&w=224&h=298&yaw=219.01007&pitch=0&thumbfov=100,https://lh3.googleusercontent.com/a-/ALV-UjV5P0oqgnYsQspzWPn7R-K5tVQaXFC2Tp713P_aJZF8O-N6cXotpA=w36-h36-p-rp-mo-br100,https://lh3.googleusercontent.com/gps-cs-s/AHRPTWmNFFa2bsCe0QmXvUQxdaZmyC6YZLBbylYutcueebf9qiK_Df9E51jTZ5In8j8VJIWpH666RYLry9JpboHTBMTHjWc86TiYvb0KzJcPga9-Dx3K9l0ILvUlYy16HACFZ-C0brsh_94VKVI0=w156-h114-p-k-no",34.7403261,10.7583409,contact@ict.com.tn,https://www.facebook.com/www.ict.com.tn,Not Available,https://www.instagram.com/ict_marketing_digital/,Not Available,https://www.linkedin.com/company/ict-tn/,Not Available
ZETA-BOX,https://www.google.com/maps/place/ZETA-BOX/data=!4m7!3m6!1s0x1301d3f8b4a5e0b3:0x5a89a93824bc97aa!8m2!3d34.7394803!4d10.7557951!16s%2Fg%2F11h2fvv50k!19sChIJs-CltPjTARMRqpe8JDipiVo?authuser=0&hl=en&rclk=1,https://lh3.googleusercontent.com/gps-cs-s/AHRPTWlDxk9v_-Pxql_oONH9jqAf69tFsDx5Buq6J-iVRcj_NEbI1edrmHLmiLmDxdxKSEmhLXaeH776V0DMhyz-1KlzXxaeXPx8OehSUY7bFxSpU_5uuCETFU4YAZOvfbQmoYriEXFD=w408-h306-k-no,5.0,Not Available,Software company,"B-51، Av. Hedi Nouira, Sfax 3027","Monday, 8 AM to 6 PM,Thursday, 8 AM to 6 PM,Friday, 8 AM to 6 PM,Saturday, Closed,Sunday, Closed",Not Available,https://zeta-box.com/,29 009 390,"https://lh3.googleusercontent.com/gps-cs-s/AHRPTWlDxk9v_-Pxql_oONH9jqAf69tFsDx5Buq6J-iVRcj_NEbI1edrmHLmiLmDxdxKSEmhLXaeH776V0DMhyz-1KlzXxaeXPx8OehSUY7bFxSpU_5uuCETFU4YAZOvfbQmoYriEXFD=w32-h32-p-k-no,https://lh3.googleusercontent.com/gps-cs-s/AHRPTWlDxk9v_-Pxql_oONH9jqAf69tFsDx5Buq6J-iVRcj_NEbI1edrmHLmiLmDxdxKSEmhLXaeH776V0DMhyz-1KlzXxaeXPx8OehSUY7bFxSpU_5uuCETFU4YAZOvfbQmoYriEXFD=w408-h306-k-no,https://lh3.googleusercontent.com/gps-cs-s/AHRPTWlDxk9v_-Pxql_oONH9jqAf69tFsDx5Buq6J-iVRcj_NEbI1edrmHLmiLmDxdxKSEmhLXaeH776V0DMhyz-1KlzXxaeXPx8OehSUY7bFxSpU_5uuCETFU4YAZOvfbQmoYriEXFD=w397-h298-k-no,https://lh3.googleusercontent.com/gps-cs-s/AHRPTWnrtEMK9JzU6O1_Bnpwc7fNhSq0gYRh4TZlczGGDCj5dWtVLYC0Jik6t6dDOzHRahVEAMCqPYkh36KYeRxX00awzLPkvB3cqt2ef2QZVVUycz0RNBEQh6SrDpSyCppDXmO0Bk7nsA=w436-h298-k-no,https://lh3.googleusercontent.com/gps-cs-s/AHRPTWmjC-oIEXkqTumCUuXQhNAm01Z6SpTd69wvKomuG9CW0HmLi7Ry0QvbumRb4qMZkrFZvvS6LeQ8mA3kxgUn6JFd7Pg7xY_z15-RwIYaoEDcCE8hkfSl3QxLbSXLWpEOQ8_wZJHrWQ=w224-h399-k-no,https://lh3.googleusercontent.com/a-/ALV-UjUcI6KDLfvfWi-TYCRo25GYxMjn9jhJDet7iS4sW8eAl29ysnWq=w36-h36-p-rp-mo-br100,https://lh3.googleusercontent.com/a/ACg8ocJBo9ePRq8DzyP1LfFYvW_fRM4euhRUadMVo6sr88nn3xPGOA=w36-h36-p-rp-mo-br100,https://lh3.googleusercontent.com/a-/ALV-UjVgvl0L_wviEoFy3G4BhvPbSJKH2J4jPbliYtV6eHKxM6KMb9Gy=w36-h36-p-rp-mo-ba12-br100,https://lh3.googleusercontent.com/gps-cs-s/AHRPTWkgNOQFUhIAEdxHmviaG1B4JMvdCueYT2_PuvzmklO9J28vQCkm9pLfsUErSpPZkY_zD1iS_Kr73m78Iy6A7M0CI_UOs0MEVdbPd88Ta2EenuZ92K5neSK6B68Zs8qmqP0yKOlR=w156-h114-p-k-no,https://lh3.googleusercontent.com/gps-cs-s/AHRPTWlQuvYAKjIZJ42u4MbTsNq4EdC1dBXMqD3Ykoc6S1ZAywLQjweC8IbBpOomQaAZwnnxShzZYrfY4I9LJgRXFKpE3Avaa35cQHoKItpPeYXnbbhHx1j-JENxJLWDce8F5eLUZFP-=w156-h114-p-k-no",34.7394803,10.7557951,contact@zeta-box.com,https://www.facebook.com/ZetaBoxSoftwareEngineering,Not Available,https://www.instagram.com/zeta_box/,Not Available,https://www.linkedin.com/company/zeta-box/,"Accessibility,,Wheelchair-accessible seating,    Service options,,Online appointments,,On-site services,    Planning,,Appointment required"
SfaxSoft,https://www.google.com/maps/place/SfaxSoft/data=!4m7!3m6!1s0x1301d30e14580f29:0x809ac11d2e5266df!8m2!3d34.7387488!4d10.7562066!16s%2Fg%2F11h3v88t4l!19sChIJKQ9YFA7TARMR32ZSLh3BmoA?authuser=0&hl=en&rclk=1,https://lh3.googleusercontent.com/a/ACg8ocJXu8aYm85ZJZU2pn6n0hDEiUEVOSlIDO0PWCVm6cet1xSNjA=w36-h36-p-rp-mo-ba12-br100,5.0,Not Available,Software company,"Immeuble Ibn Rochd, Rue Hédi Nouira, Sfax 3000","Monday, 9 AM to 5 PM,Thursday, 9 AM to 5 PM,Friday, 9 AM to 5 PM,Saturday, 9 AM to 12 PM,Sunday, Closed",Not Available,http://www.sfaxsoft.com/,54 443 877,"https://lh3.googleusercontent.com/a/ACg8ocJXu8aYm85ZJZU2pn6n0hDEiUEVOSlIDO0PWCVm6cet1xSNjA=w36-h36-p-rp-mo-ba12-br100,https://lh3.googleusercontent.com/gps-cs-s/AHRPTWmBjrV8ra2w0xdTkBVV3P6eEAYiaoyEhSUn9eldzeMhvS3C_5C6LECVFRMM4wM1JFKj5UYNv7DYe3NsP-ntZYYpK07KJaVGl4hJdYGqRqJJ1Ecvg-YYy7KuTQEuzrB0f9AytBbq=w156-h114-p-k-no,https://lh3.googleusercontent.com/gps-cs-s/AHRPTWlN6TLcnPaTbnrlW9XYUJwepAwNue1_G3YJOqUlgqwHwayORXx0hS82HoswMBTCIbTz-ty7zSO7riuRM0XKieeAciRMyeWz8MaZO06FCGEh6qI8hI8MS8naaKApzQMHuRUeKD0PWg=w156-h114-p-k-no,https://lh3.googleusercontent.com/gps-cs-s/AHRPTWlGhRuKYpiHfjr-SoSIrv_a6iPE2BJYs9sRCCYgRxcPdnEQRYUyVeYr_NXCdFrnKC8Cs0kXqSeEDJRVPzO56vpr1Br_lQgSa6EfhiX8Ep23CvhZCTHw2mAcEpLZTYv0V1bWauWOug=w156-h114-p-k-no,https://lh3.googleusercontent.com/gps-cs-s/AHRPTWkL5UEgK8F3XvPI5xb0fGj49WNe5XvpiJcB94RsMBXDlTxYOqFXuTlI7TYOJUYv-7RYSmxW7bXeCHqK8fHY7zoRSur2KB3T6L_dqyorchsy81Ks5M6zrXwavzv244Mh61woYTJN=w156-h114-p-k-no",34.7387488,10.7562066,Not Available,Not Available,Not Available,Not Available,Not Available,Not Available,Not Available
sifo-consulting Software Engineering compagny,https://www.google.com/maps/place/sifo-consulting+Software+Engineering+compagny/data=!4m7!3m6!1s0x13002cc8135c9d33:0x9e9acf7a7266b964!8m2!3d34.7331365!4d10.7573593!16s%2Fg%2F11bttcldxh!19sChIJM51cE8gsABMRZLlmcnrPmp4?authuser=0&hl=en&rclk=1,https://streetviewpixels-pa.googleapis.com/v1/thumbnail?panoid=qaBxdKoa4WWdMAmmQS_qNg&cb_client=search.gws-prod.gps&w=408&h=240&yaw=311.545&pitch=0&thumbfov=100,5.0,Not Available,Software company,"Rue ibn chabat, Sfax 3000","Monday, 8 AM to 6 PM,Thursday, 8 AM to 6 PM,Friday, 8 AM to 6 PM,Saturday, Closed,Sunday, Closed",Not Available,Not Available,22 978 631,"https://streetviewpixels-pa.googleapis.com/v1/thumbnail?panoid=qaBxdKoa4WWdMAmmQS_qNg&cb_client=search.gws-prod.gps&w=86&h=86&yaw=311.545&pitch=0&thumbfov=100,https://streetviewpixels-pa.googleapis.com/v1/thumbnail?panoid=qaBxdKoa4WWdMAmmQS_qNg&cb_client=search.gws-prod.gps&w=408&h=240&yaw=311.545&pitch=0&thumbfov=100,https://streetviewpixels-pa.googleapis.com/v1/thumbnail?panoid=qaBxdKoa4WWdMAmmQS_qNg&cb_client=maps_sv.tactile.gps&w=224&h=298&yaw=311.545&pitch=0&thumbfov=100,https://lh3.googleusercontent.com/gps-cs-s/AHRPTWkWa3vVMdELKK4DC9UAS_rS8fqpPhA0fiP5n_VTWYp5Fl0m7ClzqEuSLnvsusKqwHceLSKI68fti1b1GeRmlA8pBXyIira0Ff1aET5TxWbc2cxWyNK8g2iejaikBlS2qzlaQDpX=w402-h298-k-no,https://lh3.googleusercontent.com/a-/ALV-UjWVVHAKj79yP8neZoKZMg89Wdt82e-ctLe-l1KqCS0uja69nxpW=w36-h36-p-rp-mo-br100,https://lh3.googleusercontent.com/a/ACg8ocIo9K6uJUHYt_oDlpKwSfLfnlh_rNO6tzCQ1uk6Nk-FbMRUXg=w36-h36-p-rp-mo-br100,https://lh3.googleusercontent.com/gps-cs-s/AHRPTWnZZG08MCyQfH0ZISd5IT7wSbkYQBNMaHgjncWbcgGV81bEqRr1vmWmlhRz3_N7POucrh4Bp5MkL0CGJJjrp2UQTABo2Mdg32f9fcwIZPVzWUj15kvZTy56fIvuNlt90OrKCCmzWg=w156-h114-p-k-no,https://lh3.googleusercontent.com/gps-cs-s/AHRPTWlDxk9v_-Pxql_oONH9jqAf69tFsDx5Buq6J-iVRcj_NEbI1edrmHLmiLmDxdxKSEmhLXaeH776V0DMhyz-1KlzXxaeXPx8OehSUY7bFxSpU_5uuCETFU4YAZOvfbQmoYriEXFD=w156-h114-p-k-no,https://lh3.googleusercontent.com/gps-cs-s/AHRPTWm-fIUFDInrnC6NDM4OVEyhCuKL_9f9RFG-LfZPxYfysRsJH9h9XvUbib3xDiZ75CDaS7qpIYpgp7ZZo0WKTpdfdtpuA2Op02vQnGgw6hmLflenz7u1tFqYvNxe1ONjgLehGtiE=w156-h114-p-k-no",34.7331365,10.7573593,Not Available,Not Available,Not Available,Not Available,Not Available,Not Available,Not Available
Telnet,https://www.google.com/maps/place/Telnet/data=!4m7!3m6!1s0x1301d2c5cfb89cbf:0xedb8bee553e2090a!8m2!3d34.7495018!4d10.7710535!16s%2Fg%2F1tglcyhb!19sChIJv5y4z8XSARMRCgniU-W-uO0?authuser=0&hl=en&rclk=1,https://lh3.googleusercontent.com/gps-cs-s/AHRPTWmR3mXq5Omz8ESkMHT2piEKfPzFa_BCVGMaIoEp_CRAobZechVnzOwkjpa36ybZnpFP80W7edJm1EIRcuir2JVmti7mQuUB654wPSsW1OrQNdEXMiky23msWZLk6tjbFEGPu0FR8Q=w408-h306-k-no,4.2,Not Available,Software company,"PQXC+RC3, Rue jamel eddin el Afghani, Sfax 3099",Not Available,Not Available,http://www.groupe-telnet.com/,Not Available,"https://lh3.googleusercontent.com/gps-cs-s/AHRPTWmR3mXq5Omz8ESkMHT2piEKfPzFa_BCVGMaIoEp_CRAobZechVnzOwkjpa36ybZnpFP80W7edJm1EIRcuir2JVmti7mQuUB654wPSsW1OrQNdEXMiky23msWZLk6tjbFEGPu0FR8Q=w32-h32-p-k-no,https://lh3.googleusercontent.com/gps-cs-s/AHRPTWmR3mXq5Omz8ESkMHT2piEKfPzFa_BCVGMaIoEp_CRAobZechVnzOwkjpa36ybZnpFP80W7edJm1EIRcuir2JVmti7mQuUB654wPSsW1OrQNdEXMiky23msWZLk6tjbFEGPu0FR8Q=w408-h306-k-no,https://lh3.googleusercontent.com/gps-cs-s/AHRPTWkQZJHzDA9kYv5Tzv8QLkny_2c19XLTODEZS_yx2KS4ua7AIrj5RwDxthgGP1UQWaweft587bMg3XruRIuUv4dWGs7rb9kH_ARlR9QwJR6I9H2vAd5w0OcSXN4_wZnltBohzmgf=w360-h175-k-no,https://lh3.googleusercontent.com/a-/ALV-UjUCiCif0EP3uosCSJlmKCy9n8YrD3cMSOdvfbbXP_w_w0kFkHDv6Q=w36-h36-p-rp-mo-br100,https://lh3.googleusercontent.com/a-/ALV-UjVPqw4anOYIUxZdp0WN25DvF_YFCida1tAr4oHjL2CYRQX9mr9GGQ=w36-h36-p-rp-mo-ba12-br100,https://lh3.googleusercontent.com/a-/ALV-UjU0fgqEOZOfLmauseXz23wICa4PEAQLJAh1EG5k41i3W5OmkpZ_wQ=w36-h36-p-rp-mo-ba12-br100,https://lh3.googleusercontent.com/gps-cs-s/AHRPTWlvlsDvxvbO7PKiAKpQRCwGlXZjgo4Q_WBSrGHMMOgYymVnKkldbfi4g7Ecaa3Jr0W5okbKhVf4lJLroTizor-uHsfBwtfSSb41FfkfLPOFuouzzFRWZXwUmZP_SUsvr0rukkTR=w156-h114-p-k-no,https://lh3.googleusercontent.com/gps-cs-s/AHRPTWnig-8z00CyHFDnwG_epZ76Gn1KyXeD7_c4F2RS2ys1DZhZIi7OR9zgLe7vrOOTQKoq0xWMoo0CrUQR2fg842txhAQ8Eo2NdK2D7VFg11BdqIGo76pRTXpc9mmx5atmrSET0knU=w156-h114-p-k-no,https://lh3.googleusercontent.com/gps-cs-s/AHRPTWlA1P1PLiqpgsDeYKTIK-CprABvY9yvK50BSG3U7qwe75i-wpMRMjk_SfFDPnSXV4ztwE1oSdadueztELGEb_apV_YojwNW188oR3bxALgVHG6G81j0OuNei1fJuHKHnT-yPCxToId7svE=w156-h114-p-k-no",34.7495018,10.7710535,info@groupe-telnet.net,https://www.facebook.com/telnet.holding.tn,https://twitter.com/telnetholding,Not Available,Not Available,https://tn.linkedin.com/in/telnet-tunisie-bb5883140,Not Available
ID SOFT - Caisse Tactile Tunisie,https://www.google.com/maps/place/ID+SOFT+-+Caisse+Tactile+Tunisie/data=!4m7!3m6!1s0x1301d3928cf84e95:0x3daf68477c622216!8m2!3d34.7546776!4d10.7622827!16s%2Fg%2F11hht7_gdp!19sChIJlU74jJLTARMRFiJifEdorz0?authuser=0&hl=en&rclk=1,https://lh3.googleusercontent.com/gps-cs-s/AHRPTWlkHehlIiOQAXrxVDj4f-FuKlDzeyXsOxx-RtOt7AB2V4jNGeaqL2DlPBezC6vUk790aqk86-fKyqT9hg_a2nNjBMYiEFRtdrC6KMgpibtCIeExnx5AeBYnQeCyCin16eekLo2IdJV8s5Nv=w408-h541-k-no,5.0,Not Available,Computer support and services,"Ariana Palace, Immeuble, Ave El-Bousten, Sfax","Monday, 9 AM to 6 PM,Thursday, 9 AM to 6 PM,Friday, 9 AM to 6 PM,Saturday, Closed,Sunday, Closed",Not Available,https://idsoft.tn/,52 316 703,"https://lh3.googleusercontent.com/gps-cs-s/AHRPTWlkHehlIiOQAXrxVDj4f-FuKlDzeyXsOxx-RtOt7AB2V4jNGeaqL2DlPBezC6vUk790aqk86-fKyqT9hg_a2nNjBMYiEFRtdrC6KMgpibtCIeExnx5AeBYnQeCyCin16eekLo2IdJV8s5Nv=w32-h32-p-k-no,https://lh3.googleusercontent.com/gps-cs-s/AHRPTWlkHehlIiOQAXrxVDj4f-FuKlDzeyXsOxx-RtOt7AB2V4jNGeaqL2DlPBezC6vUk790aqk86-fKyqT9hg_a2nNjBMYiEFRtdrC6KMgpibtCIeExnx5AeBYnQeCyCin16eekLo2IdJV8s5Nv=w408-h541-k-no,https://lh3.googleusercontent.com/gps-cs-s/AHRPTWlkHehlIiOQAXrxVDj4f-FuKlDzeyXsOxx-RtOt7AB2V4jNGeaqL2DlPBezC6vUk790aqk86-fKyqT9hg_a2nNjBMYiEFRtdrC6KMgpibtCIeExnx5AeBYnQeCyCin16eekLo2IdJV8s5Nv=w224-h298-k-no,https://lh3.googleusercontent.com/gps-cs-s/AHRPTWnyUs4owUNDC7KIRV8iF-uhyWkPRSECJOxFOxW3I6LoKexyf_fL-W8GdjTF54L3TIiuoc4Jmm2OiAiR6AgMwksKMNnbjCWb_petTFEbj6Ty8FUwn2BAE6yh6biCKWoiYEOaVwROTA=w529-h298-k-no,https://streetviewpixels-pa.googleapis.com/v1/thumbnail?panoid=ZOs6Z7H4if6KzFULxkkgXQ&cb_client=maps_sv.tactile.gps&w=224&h=298&yaw=102.35918&pitch=0&thumbfov=100,https://lh3.googleusercontent.com/a-/ALV-UjVg2a0STH2obYHSTBKof4wvBGgI-ICzBMuZDxxPQTT710yCf6p7jw=w36-h36-p-rp-mo-ba12-br100,https://lh3.googleusercontent.com/a-/ALV-UjV8yEcPe2QNY83VLK9gDXV48CBEQIPbFxb9YEm51yIiZl5uCS3G=w36-h36-p-rp-mo-br100,https://lh3.googleusercontent.com/a-/ALV-UjU0JcJMRljhMAWR2jjR2Vx6Up0M5MAdpL3J5MgJ1lYeNRTytnCG=w36-h36-p-rp-mo-br100,https://lh3.googleusercontent.com/gps-cs-s/AHRPTWmwaW897l9MuH7IEipOy6I-ECZ5zBMbU5BEtXrWZgS5GH6HJH4byE1gLCe0o-ueN0TarfqU_oPXVK47TeKp7bWW0WeuT79xkhHApeLWPcQb9ZFimhyIvA_PLVesrYza8mGj7iE5=w156-h114-p-k-no,https://lh3.googleusercontent.com/gps-cs-s/AHRPTWlGhRuKYpiHfjr-SoSIrv_a6iPE2BJYs9sRCCYgRxcPdnEQRYUyVeYr_NXCdFrnKC8Cs0kXqSeEDJRVPzO56vpr1Br_lQgSa6EfhiX8Ep23CvhZCTHw2mAcEpLZTYv0V1bWauWOug=w156-h114-p-k-no,https://lh3.googleusercontent.com/gps-cs-s/AHRPTWkL5UEgK8F3XvPI5xb0fGj49WNe5XvpiJcB94RsMBXDlTxYOqFXuTlI7TYOJUYv-7RYSmxW7bXeCHqK8fHY7zoRSur2KB3T6L_dqyorchsy81Ks5M6zrXwavzv244Mh61woYTJN=w156-h114-p-k-no,https://lh3.googleusercontent.com/gps-cs-s/AHRPTWkkqmWZ0L5-QjIMpFoIhILkxLfOzkunWptJJYHj3E6fcSNvwpp4niuFLHqu4IVQ3FF-cdjyZfemRJDXzSoCbDCI_xlscTWCaMCBk8RtLydcJxaKkWMvCMgVRGzgSdYNtzCH96rx=w156-h114-p-k-no",34.7546776,10.7622827,id2softwaresolutions@gmail.com,https://www.facebook.com/ID2S.Software.Solutions,Not Available,https://www.instagram.com/id2softwaresolutions/,https://www.youtube.com/@idsoftwaresolutions7363,https://www.linkedin.com/company/hyper-software-solutions/about/,"Service options,,Online appointments,,On-site services"
Fogits - Intégrateur ERP Odoo,https://www.google.com/maps/place/Fogits+-+Int%C3%A9grateur+ERP+Odoo/data=!4m7!3m6!1s0x1301d39be1174909:0x3b6104895a49c873!8m2!3d34.7510455!4d10.7727325!16s%2Fg%2F11ll511l2l!19sChIJCUkX4ZvTARMRc8hJWokEYTs?authuser=0&hl=en&rclk=1,https://lh3.googleusercontent.com/gps-cs-s/AHRPTWkEVIoh7YXseUqxRNTHzaiBFxT_ou46UWNzu_EdkbjAoxyn7vNaVexIDpwwMoYtmzPHi9tnKGbkMdJ5YmjtLL4M54ICuG2URIjx6wIB3i4m2N0zECZy9Pij5MpwJV5SwQnAGGnW=w408-h305-k-no,4.9,Not Available,Computer consultant,"QQ2F+C35, Sfax 3099, Sfax 3002","Monday, 8:30 AM to 5:30 PM,Thursday, 8:30 AM to 5:30 PM,Friday, 8:30 AM to 5:30 PM,Saturday, Closed,Sunday, Closed",Not Available,http://www.fogits.com/,58 433 533,"https://lh3.googleusercontent.com/gps-cs-s/AHRPTWkEVIoh7YXseUqxRNTHzaiBFxT_ou46UWNzu_EdkbjAoxyn7vNaVexIDpwwMoYtmzPHi9tnKGbkMdJ5YmjtLL4M54ICuG2URIjx6wIB3i4m2N0zECZy9Pij5MpwJV5SwQnAGGnW=w32-h32-p-k-no,https://lh3.googleusercontent.com/gps-cs-s/AHRPTWkEVIoh7YXseUqxRNTHzaiBFxT_ou46UWNzu_EdkbjAoxyn7vNaVexIDpwwMoYtmzPHi9tnKGbkMdJ5YmjtLL4M54ICuG2URIjx6wIB3i4m2N0zECZy9Pij5MpwJV5SwQnAGGnW=w408-h305-k-no,https://lh3.googleusercontent.com/gps-cs-s/AHRPTWkEVIoh7YXseUqxRNTHzaiBFxT_ou46UWNzu_EdkbjAoxyn7vNaVexIDpwwMoYtmzPHi9tnKGbkMdJ5YmjtLL4M54ICuG2URIjx6wIB3i4m2N0zECZy9Pij5MpwJV5SwQnAGGnW=w397-h298-k-no,https://lh3.googleusercontent.com/gps-cs-s/AHRPTWm0pMhhAKNcFN_DzcSEbucB2Pmw7_mavJLyMLH7DQJGxtKTjU2-BTSOZ0Mz-WGHKOotP5MY1OcDtZx3EdvPeUjZwidZ6XQNVSfG8bv5tRAasglN5ELyqPSl3F7BSJYAKs-wkjWEPg=w298-h298-k-no,https://lh3.googleusercontent.com/a-/ALV-UjUBzVsnyYLOTqELrRtPhs6EMznsOSSJDEk1Iw7jmZofTn1zoH8=w36-h36-p-rp-mo-br100,https://lh3.googleusercontent.com/a/ACg8ocKqxyHZljrqtMYNnQjrk0CoYGbwS9S6dMlw6bzGBM-PQ_vtog=w36-h36-p-rp-mo-br100,https://lh3.googleusercontent.com/a-/ALV-UjX9W3b-xftXA1wVNjsuZW2QZUdPGe11Lp866uBhKCh7Y9JEkMoaZg=w36-h36-p-rp-mo-br100,https://lh3.googleusercontent.com/gps-cs-s/AHRPTWkL5UEgK8F3XvPI5xb0fGj49WNe5XvpiJcB94RsMBXDlTxYOqFXuTlI7TYOJUYv-7RYSmxW7bXeCHqK8fHY7zoRSur2KB3T6L_dqyorchsy81Ks5M6zrXwavzv244Mh61woYTJN=w156-h114-p-k-no,https://lh3.googleusercontent.com/gps-cs-s/AHRPTWmBjrV8ra2w0xdTkBVV3P6eEAYiaoyEhSUn9eldzeMhvS3C_5C6LECVFRMM4wM1JFKj5UYNv7DYe3NsP-ntZYYpK07KJaVGl4hJdYGqRqJJ1Ecvg-YYy7KuTQEuzrB0f9AytBbq=w156-h114-p-k-no",34.7510455,10.7727325,info@fogits.com,https://www.facebook.com/Fogits,Not Available,https://www.instagram.com/fogits_solutions/,Not Available,https://www.linkedin.com/company/fogits-solutions/,"Service options,,Online appointments,,On-site services"
Avantages Soft,https://www.google.com/maps/place/Avantages+Soft/data=!4m7!3m6!1s0x1301d2d44ddf3ea1:0x1c14f1d886ee0814!8m2!3d34.7859978!4d10.7601503!16s%2Fg%2F1tgldk1m!19sChIJoT7fTdTSARMRFAjuhtjxFBw?authuser=0&hl=en&rclk=1,https://streetviewpixels-pa.googleapis.com/v1/thumbnail?panoid=TFzg0OWZvz6rHNuzYqC0Wg&cb_client=search.gws-prod.gps&w=408&h=240&yaw=177.65904&pitch=0&thumbfov=100,3.3,Not Available,Computer consultant,"entre Taniour et Tunis, Ceinture Bourguiba, Sfax 3027","Monday, 9 AM to 6 PM,Thursday, 9 AM to 6 PM,Friday, 9 AM to 6 PM,Saturday, 9 AM to 2 PM,Sunday, Closed",Not Available,http://www.avantages-soft.com.tn/,74 402 909,"https://streetviewpixels-pa.googleapis.com/v1/thumbnail?panoid=TFzg0OWZvz6rHNuzYqC0Wg&cb_client=search.gws-prod.gps&w=86&h=86&yaw=177.65904&pitch=0&thumbfov=100,https://streetviewpixels-pa.googleapis.com/v1/thumbnail?panoid=TFzg0OWZvz6rHNuzYqC0Wg&cb_client=search.gws-prod.gps&w=408&h=240&yaw=177.65904&pitch=0&thumbfov=100,https://streetviewpixels-pa.googleapis.com/v1/thumbnail?panoid=TFzg0OWZvz6rHNuzYqC0Wg&cb_client=maps_sv.tactile.gps&w=224&h=298&yaw=177.65904&pitch=0&thumbfov=100,https://lh3.googleusercontent.com/gps-cs-s/AHRPTWm7KKcHyw3VQYya0G6Kv_iz12D4pkRJWxVEKUN4AaYwa16HoEx1_kj9tPMGL4wlndXN6Ci9mUIygupA8U21sHS11Bwv3ASWdGZu7c_gP-J8CB0dCRbXoromZCqfQJ7mNUPAOH3OXg=w295-h298-k-no,https://lh3.googleusercontent.com/a/ACg8ocLAQArD5ZjcOrhqCXf8a9AiWkR35FXjkA87KJGoqkx0-C1mqw=w36-h36-p-rp-mo-br100,https://lh3.googleusercontent.com/a/ACg8ocKnlxH7ZumXeqdGIrZV8j02VjXzoEZunldMjNzEXNS2A3F3bw=w36-h36-p-rp-mo-br100,https://lh3.googleusercontent.com/a-/ALV-UjXOuZsYrnn4rLlJEZwAsRalZOwcfzoyx8M7dbv0nYEZ-zb-X3g=w36-h36-p-rp-mo-br100,https://lh3.googleusercontent.com/gps-cs-s/AHRPTWlGhRuKYpiHfjr-SoSIrv_a6iPE2BJYs9sRCCYgRxcPdnEQRYUyVeYr_NXCdFrnKC8Cs0kXqSeEDJRVPzO56vpr1Br_lQgSa6EfhiX8Ep23CvhZCTHw2mAcEpLZTYv0V1bWauWOug=w156-h114-p-k-no,https://lh3.googleusercontent.com/gps-cs-s/AHRPTWlN6TLcnPaTbnrlW9XYUJwepAwNue1_G3YJOqUlgqwHwayORXx0hS82HoswMBTCIbTz-ty7zSO7riuRM0XKieeAciRMyeWz8MaZO06FCGEh6qI8hI8MS8naaKApzQMHuRUeKD0PWg=w156-h114-p-k-no,https://lh3.googleusercontent.com/gps-cs-s/AHRPTWkL5UEgK8F3XvPI5xb0fGj49WNe5XvpiJcB94RsMBXDlTxYOqFXuTlI7TYOJUYv-7RYSmxW7bXeCHqK8fHY7zoRSur2KB3T6L_dqyorchsy81Ks5M6zrXwavzv244Mh61woYTJN=w156-h114-p-k-no",34.7859978,10.7601503,contact@avantages-soft.com.tn,https://www.facebook.com/avantagessoft/,Not Available,Not Available,Not Available,Not Available,Not Available
EXADEV,https://www.google.com/maps/place/EXADEV/data=!4m7!3m6!1s0x13002dd510495c1f:0x6966f9597aaea2c3!8m2!3d34.7376919!4d10.7551612!16s%2Fg%2F11g_zlblx1!19sChIJH1xJENUtABMRw6Kueln5Zmk?authuser=0&hl=en&rclk=1,https://streetviewpixels-pa.googleapis.com/v1/thumbnail?panoid=AcXPj6worVMWhTLEoDEKZQ&cb_client=search.gws-prod.gps&w=408&h=240&yaw=249.42781&pitch=0&thumbfov=100,5.0,Not Available,Software company,"1 ére étage N°105، Immeuble Ayda, Liberty St, Sfax 3000","Monday, 8:30 AM to 6 PM,Thursday, 8:30 AM to 6 PM,Friday, 8:30 AM to 6 PM,Saturday, Closed,Sunday, Closed",Not Available,https://www.exadev.tn/,70 032 532,"https://streetviewpixels-pa.googleapis.com/v1/thumbnail?panoid=AcXPj6worVMWhTLEoDEKZQ&cb_client=search.gws-prod.gps&w=86&h=86&yaw=249.42781&pitch=0&thumbfov=100,https://streetviewpixels-pa.googleapis.com/v1/thumbnail?panoid=AcXPj6worVMWhTLEoDEKZQ&cb_client=search.gws-prod.gps&w=408&h=240&yaw=249.42781&pitch=0&thumbfov=100,https://streetviewpixels-pa.googleapis.com/v1/thumbnail?panoid=AcXPj6worVMWhTLEoDEKZQ&cb_client=maps_sv.tactile.gps&w=224&h=298&yaw=249.42781&pitch=0&thumbfov=100,https://lh3.googleusercontent.com/gps-cs-s/AHRPTWmInZbHqQ0r-RP-vBr6dSJAYk2CCO0CzNcSRL9KrG51ZP03K1ZGy3EWm7MeDyHM0SEk3RhjaHUAlmpn4fHt53upw05NUTJkO2va0DvIVC_0Mm6k_uzOLwribpEWEZCAU-uT5OWM_A=w298-h298-k-no,https://lh3.googleusercontent.com/a-/ALV-UjUWvBOdtUrWr_mg5moRLVwlVfSssZH8ONAi7SRVG4fkI3I8WAg=w36-h36-p-rp-mo-br100,https://lh3.googleusercontent.com/a/ACg8ocKs0jp7ltJt-KVck6z3BJQr61gcs1tliorH9PDm6Ur0zajjgg=w36-h36-p-rp-mo-br100,https://lh3.googleusercontent.com/a-/ALV-UjU8S0JGakLiXbiGO2bHUKi4b2gIpH4sgJlzyKfXM-gB7p_w9f5a=w36-h36-p-rp-mo-br100,https://lh3.googleusercontent.com/gps-cs-s/AHRPTWlGhRuKYpiHfjr-SoSIrv_a6iPE2BJYs9sRCCYgRxcPdnEQRYUyVeYr_NXCdFrnKC8Cs0kXqSeEDJRVPzO56vpr1Br_lQgSa6EfhiX8Ep23CvhZCTHw2mAcEpLZTYv0V1bWauWOug=w156-h114-p-k-no,https://lh3.googleusercontent.com/gps-cs-s/AHRPTWkhX2GTgFM_jFAM_eodmf-4oIpp-gVz4eJUJ-Gx5FJSAVs0QhAcxDxGg9RUF-9yIplJK3uTtjqmWXTDBNGoyeAcf8yPaRoTNOSRvMsZQURZKkFukKtG8-qkcbu5v19HWe29oWdszQ=w156-h114-p-k-no,https://lh3.googleusercontent.com/gps-cs-s/AHRPTWlDxk9v_-Pxql_oONH9jqAf69tFsDx5Buq6J-iVRcj_NEbI1edrmHLmiLmDxdxKSEmhLXaeH776V0DMhyz-1KlzXxaeXPx8OehSUY7bFxSpU_5uuCETFU4YAZOvfbQmoYriEXFD=w156-h114-p-k-no",34.7376919,10.7551612,Not Available,Not Available,Not Available,Not Available,Not Available,Not Available,"Accessibility,,Wheelchair-accessible seating,,Wheelchair-accessible toilet,    Service options,,Online appointments,,On-site services"
AS AGENCY - Agence Web Tunis,https://www.google.com/maps/place/AS+AGENCY+-+Agence+Web+Tunis/data=!4m7!3m6!1s0x12e2cda2ef3a6d03:0x47309ad10c358fdb!8m2!3d36.8559141!4d10.1566294!16s%2Fg%2F11nnvwygy1!19sChIJA20676LN4hIR2481DNGaMEc?authuser=0&hl=en&rclk=1,https://lh3.googleusercontent.com/gps-cs-s/AHRPTWmXcHwf7z9cUZ6RuEwHUNEphXwKZ01OSZi4QV7zeqN7kiyyirIjpTN0BVv_ofB64qXDQP8mUFXslS5Q1lEkPpQlH9ujQiNE_CjfqL2GOIQBbZADT_XhozNXqh054PVoGYObUos7dQ=w600-h240-k-no,4.9,Not Available,Website designer,"B3, Résidence L'Horizon RDC, 2 2080","Monday, 8 AM to 7 PM,Thursday, 8 AM to 7 PM,Friday, 8 AM to 7 PM,Saturday, Closed,Sunday, Closed",Not Available,https://as-agency.com/,26 052 000,"https://lh3.googleusercontent.com/gps-cs-s/AHRPTWmXcHwf7z9cUZ6RuEwHUNEphXwKZ01OSZi4QV7zeqN7kiyyirIjpTN0BVv_ofB64qXDQP8mUFXslS5Q1lEkPpQlH9ujQiNE_CjfqL2GOIQBbZADT_XhozNXqh054PVoGYObUos7dQ=w32-h32-p-k-no,https://lh3.googleusercontent.com/gps-cs-s/AHRPTWmXcHwf7z9cUZ6RuEwHUNEphXwKZ01OSZi4QV7zeqN7kiyyirIjpTN0BVv_ofB64qXDQP8mUFXslS5Q1lEkPpQlH9ujQiNE_CjfqL2GOIQBbZADT_XhozNXqh054PVoGYObUos7dQ=w600-h240-k-no,https://lh3.googleusercontent.com/gps-cs-s/AHRPTWmXcHwf7z9cUZ6RuEwHUNEphXwKZ01OSZi4QV7zeqN7kiyyirIjpTN0BVv_ofB64qXDQP8mUFXslS5Q1lEkPpQlH9ujQiNE_CjfqL2GOIQBbZADT_XhozNXqh054PVoGYObUos7dQ=w745-h298-k-no,https://lh3.googleusercontent.com/gps-cs-s/AHRPTWlFWmFLBISsSv_QkUrm9bdA-26OdHocR6AR5mp-Vlx3G8ugiL0hm59q-jLkLFhmuDu_tl4j6ICFyj1xiF9r3To4W9LvPFs8MyXTIvPBSjzLzoxouEnfS384anWGbkf58yJhe9yu6A=w529-h298-k-no,https://lh3.googleusercontent.com/gps-cs-s/AHRPTWnn4h0MnZk4detn9iiGjxGWUEITjJTLfHOTKtFpdnLFpnsCyPSFV8yNKCWp0GTTycubIJ5WhelycABGaKBkyi8rWnfY-zhx2uiMB7QDpo9rhcH7mAVb_Hkx8rXdDRJ9GmZg2vk8=w526-h298-k-no,https://streetviewpixels-pa.googleapis.com/v1/thumbnail?panoid=93MWU2tVmC8U2ZrCf2xkVQ&cb_client=maps_sv.tactile.gps&w=224&h=298&yaw=204.00667&pitch=0&thumbfov=100,https://lh3.googleusercontent.com/a-/ALV-UjWVlfM8x0CjOOX4ndeHEF6b_jqGWOFk6DY-IbLs6x_DClLsij5r=w36-h36-p-rp-mo-br100,https://lh3.googleusercontent.com/a-/ALV-UjULXnnY3KDx-mt2PKGsQqsM50iNmJxCHixB-CMQGscN-RhZXZAb=w36-h36-p-rp-mo-br100,https://lh3.googleusercontent.com/a-/ALV-UjWn9-V7xnC8f60aK5YNaOvQ849U1Kq_cIXRTFKqN6NpbLqAd467jw=w36-h36-p-rp-mo-ba12-br100,https://lh3.googleusercontent.com/gps-cs-s/AHRPTWmX8N_usm3uVlyJ9gmy6tkw15DtzxPRMkWSroAlVqYAxiReaqay0CNZ08pukG76MiKHB1WCWoJWLmnlYzVpDcePk1nh4OYbOoWDwek1-QROLvt89ib8X9SkYyRYFzB5J9p4lLbz=w156-h114-p-k-no,https://lh3.googleusercontent.com/gps-cs-s/AHRPTWkCItGtzJaB7EJLO65PBV8mFXlvT21FCSBNvFIaR-AGE9axSrBFkxIc2oTF32QN7WwFeifebwqQSQndxKcQSKD42PpUwuTHyHLe_FQNvrgDfI7S3c4kZhcipQLQlW5rp2nE2LYnLw=w156-h114-p-k-no,https://lh3.googleusercontent.com/gps-cs-s/AHRPTWnIAx-NekDxEXK6Ylh-p4s88QQAoC6hujbtthqtn_YbssBGIimK7p1SfWLLooHjpy9whhIAX-srcgioI61KIoeQR5tfKeM5nYMQCJgj3DSD5Z3PnZPxe5NZuUlcBNhMAC9XVb4jNA=w156-h114-p-k-no,https://lh3.googleusercontent.com/gps-cs-s/AHRPTWktnCGYIb2NDqfd0YZpmeCnZ2OcnWm2Op1_2Wd3mbLdjSXMzRIldYj6z6mnZ3Op88orRE6JaCJwcg77Aq4YK3gkCbfWoHq3ogv8msp2Uj_ULWRYqATETPnQOXLPuDwbZEPGMNcZeA=w156-h114-p-k-no",36.8559141,10.1566294,hello@as-agency.com, https://www.facebook.com/agencyas,Not Available, https://www.instagram.com/agency.as/,Not Available, https://www.linkedin.com/company/as-agencytn,Not Available
Web Media Tunisie,https://www.google.com/maps/place/Web+Media+Tunisie/data=!4m7!3m6!1s0x12fd346e36decab1:0xe4dc0947538aadcc!8m2!3d36.806987!4d10.181332!16s%2Fg%2F1thlq566!19sChIJscreNm40_RIRzK2KU0cJ3OQ?authuser=0&hl=en&rclk=1,https://lh3.googleusercontent.com/gps-cs-s/AHRPTWnzSEiRQMUCH_CuokTPjbrydGAG4MGqeWtKY1q0Rn8ymR6I_f50NtYoItGwqh0hmNdKNjuiZVXcc9bKbGiHorFEjohE-Z_IOdLp3Wog1Vv2MoExvahhdpaLcQcjocD2G1_dC1v_og=w840-h240-k-no,4.8,Not Available,Website designer,"N 1, étage, Centre Mariem Bureau, 66, 3 Av. Jean Jaurès, Tunis 1001","Monday, 8 AM to 5 PM,Thursday, 8 AM to 5 PM,Friday, 8 AM to 5 PM,Saturday, Closed,Sunday, Closed",Not Available,http://webmedia-tunisie.com/,25 472 525,"https://lh3.googleusercontent.com/gps-cs-s/AHRPTWnzSEiRQMUCH_CuokTPjbrydGAG4MGqeWtKY1q0Rn8ymR6I_f50NtYoItGwqh0hmNdKNjuiZVXcc9bKbGiHorFEjohE-Z_IOdLp3Wog1Vv2MoExvahhdpaLcQcjocD2G1_dC1v_og=w32-h32-p-k-no,https://lh3.googleusercontent.com/gps-cs-s/AHRPTWnzSEiRQMUCH_CuokTPjbrydGAG4MGqeWtKY1q0Rn8ymR6I_f50NtYoItGwqh0hmNdKNjuiZVXcc9bKbGiHorFEjohE-Z_IOdLp3Wog1Vv2MoExvahhdpaLcQcjocD2G1_dC1v_og=w840-h240-k-no,https://lh3.googleusercontent.com/gps-cs-s/AHRPTWnzSEiRQMUCH_CuokTPjbrydGAG4MGqeWtKY1q0Rn8ymR6I_f50NtYoItGwqh0hmNdKNjuiZVXcc9bKbGiHorFEjohE-Z_IOdLp3Wog1Vv2MoExvahhdpaLcQcjocD2G1_dC1v_og=w1043-h298-k-no,https://lh3.googleusercontent.com/gps-cs-s/AHRPTWkhjSrDnxgbPEImkmqJy0augS3sOSOAd7qhZQFkS60CsbBHC-EVfBIaIrMWPOgskNpyFXmYaggPkRmk1VC3wWMvgCCkcNmJDa0JLYp1tDc_7ETxRoQbgkV-2ZcCWCiAf6wWp2L7=w529-h298-k-no,https://lh3.googleusercontent.com/gps-cs-s/AHRPTWmEJe7FaZJjQ6IDfqg6AztvCvn1uCr_HKURvQ9i9Xy97RF_Xe90xOm9ZsIQs7pFKnl6fxDA4n92Efz8kI27qXz8eRVI0tqs--QeRiS9Ds5-k2MyfwKKjTQApmDB7ninuFIzUOI=w529-h298-k-no,https://lh3.googleusercontent.com/gps-cs-s/AHRPTWl6-0U62t46w0hVNVmLXLJ7KtiHXKEJDJsB7b7OXL5duhi0iibNO_cLev6d4nD4h7g-aiOnFIG7Fc_jzvDosUrhsQH5LhGtnFSJc1VTkRuccMvaM1u09VGrbLXOQLHDgb0IrBLJ=w436-h298-k-no,https://lh3.googleusercontent.com/gps-cs-s/AHRPTWnFsndtGD0UXPXx6xobIgpw7pBbAcKkrjQIHUXloSTHIMv7pOJbDUGhWzdclzb7RA_BsP_0bJ11HuU1UaupkOLL9N1m1wY8UZ5X1mJ3nfZo99qtuJlaGomHEd2ALSNBQp_6_dw9=w529-h298-k-no,https://streetviewpixels-pa.googleapis.com/v1/thumbnail?panoid=nI3FCtlr3wJWGfOsP2L5bg&cb_client=maps_sv.tactile.gps&w=224&h=298&yaw=269.77148&pitch=0&thumbfov=100,https://lh3.googleusercontent.com/a-/ALV-UjVkZne6uUYF1NOXflayQW_rtR7rEDCQe5J9dADSNSXViePD5l-w=w36-h36-p-rp-mo-br100,https://lh3.googleusercontent.com/a-/ALV-UjWWQE4msCGWtiiXgPnxSiC5vnYl6WevZc913gfSO3hdKidqs8lF=w36-h36-p-rp-mo-br100,https://lh3.googleusercontent.com/a/ACg8ocJ9zd9_BYoOAtl6Mvoz0qwCauok8AsHjxy1KkHzf83Dk4NglOs=w36-h36-p-rp-mo-br100,https://lh3.googleusercontent.com/gps-cs-s/AHRPTWk50B2CZCu5ucuJfRq9bq5GKl84_aBu31QJP7f8knQCSym107L0IIwnYOTHQuE54HmKwOiOAeCQbXOCDeHYKxc7u9WIk_Cm0YjE2v7k0jxz_qZcvCnKa3t-ij-IrlpHMwlHcLM=w156-h114-p-k-no,https://lh3.googleusercontent.com/gps-cs-s/AHRPTWlCcLtz62-IXaf570t48esDmQlsdm_o0aadpjuD3_KnZ0vVWW-Hicxy80VoNgOJIsj0362fnLmBq_ORxWKqbXLO1o7AjUK0e8f2Cq2ZoJRafeXAava0P86Dm9zSZBJen_oSaqiN=w156-h114-p-k-no,https://lh3.googleusercontent.com/gps-cs-s/AHRPTWmpd_aBfpBhXUYORahc4ewj_PvASace8tNZ2jgXUNXGxtPMsUwYCqDN0DeNv6FTJML3ioRlTixtKrIWIX6NbZcaE7AMfiE5eLDwtjrBhefB8ZcYyCncHYFjYvecx82AH8JFJzCJQXKy97WX=w156-h114-p-k-no",36.806987,10.181332,commercial@webmediatunisie.com,https://www.facebook.com/webmediainternational/,Not Available,Not Available,https://www.youtube.com/user/WEBMEDIATunisie,https://www.linkedin.com/company/web-media-international/,Not Available
Agence webdesign.,https://www.google.com/maps/place/Agence+webdesign./data=!4m7!3m6!1s0x12fd347d2d5fec85:0xae594021f2b4446a!8m2!3d36.8490379!4d10.183208!16s%2Fg%2F1q6679597!19sChIJhexfLX00_RIRakS08iFAWa4?authuser=0&hl=en&rclk=1,https://streetviewpixels-pa.googleapis.com/v1/thumbnail?panoid=bo8pl3ButAwMmG7B3eO-cw&cb_client=search.gws-prod.gps&w=408&h=240&yaw=64.41926&pitch=0&thumbfov=100,4.6,Not Available,Website designer,"32, avenue Habib Bourguiba, Bureau 3-4, 3ème étage, Nouvelle Ariana 2080","Monday, 8:30 AM to 6 PM,Thursday, 8:30 AM to 6 PM,Friday, 8:30 AM to 6 PM,Saturday, Closed,Sunday, Closed",Not Available,https://www.webdesign.tn/,71 704 932,"https://streetviewpixels-pa.googleapis.com/v1/thumbnail?panoid=bo8pl3ButAwMmG7B3eO-cw&cb_client=search.gws-prod.gps&w=86&h=86&yaw=64.41926&pitch=0&thumbfov=100,https://streetviewpixels-pa.googleapis.com/v1/thumbnail?panoid=bo8pl3ButAwMmG7B3eO-cw&cb_client=search.gws-prod.gps&w=408&h=240&yaw=64.41926&pitch=0&thumbfov=100,https://streetviewpixels-pa.googleapis.com/v1/thumbnail?panoid=bo8pl3ButAwMmG7B3eO-cw&cb_client=maps_sv.tactile.gps&w=224&h=298&yaw=64.41926&pitch=0&thumbfov=100,https://lh3.googleusercontent.com/a/ACg8ocK1yACNdIOpwhpsyWP2oJJEKQI47xEJ_CTsOAKc3KNPq1zwHA=w36-h36-p-rp-mo-br100,https://lh3.googleusercontent.com/a-/ALV-UjVRivHerJK0afiNVh2h1KqTkwbMHZAbxI6qGt0DZTRgZp0VGkZf=w36-h36-p-rp-mo-br100,https://lh3.googleusercontent.com/a-/ALV-UjUfuhwlyo-khfp3LAG8cB0Md4GFaoD7kuJwSZ_T4Fk_nd_mfygY=w36-h36-p-rp-mo-br100,https://lh3.googleusercontent.com/gps-cs-s/AHRPTWmX8N_usm3uVlyJ9gmy6tkw15DtzxPRMkWSroAlVqYAxiReaqay0CNZ08pukG76MiKHB1WCWoJWLmnlYzVpDcePk1nh4OYbOoWDwek1-QROLvt89ib8X9SkYyRYFzB5J9p4lLbz=w156-h114-p-k-no,https://lh3.googleusercontent.com/gps-cs-s/AHRPTWmXcHwf7z9cUZ6RuEwHUNEphXwKZ01OSZi4QV7zeqN7kiyyirIjpTN0BVv_ofB64qXDQP8mUFXslS5Q1lEkPpQlH9ujQiNE_CjfqL2GOIQBbZADT_XhozNXqh054PVoGYObUos7dQ=w156-h114-p-k-no,https://lh3.googleusercontent.com/gps-cs-s/AHRPTWnzSEiRQMUCH_CuokTPjbrydGAG4MGqeWtKY1q0Rn8ymR6I_f50NtYoItGwqh0hmNdKNjuiZVXcc9bKbGiHorFEjohE-Z_IOdLp3Wog1Vv2MoExvahhdpaLcQcjocD2G1_dC1v_og=w156-h114-p-k-no,https://lh3.googleusercontent.com/gps-cs-s/AHRPTWkgbHV0V3XkXpB3eB26cnvSifT5JzpSD9fqNvb_qNGwO-sxwNFQYWbLn0ZkZ7qVZVYdzcYuKZzRzkrovJmuQ9P7ZnTVrQ8wjBSIKCdvqXEyncLacTW4-oxlVMEFhMvBeWLoUFA=w156-h114-p-k-no",36.8490379,10.183208,info@webdesign.tn,https://www.facebook.com/WebDesignTunisie/,https://twitter.com/AgenceWD,https://www.instagram.com/webdesign.tn,https://www.youtube.com/user/AgenceWD,https://www.linkedin.com/company/webdesign-tn/,"Service options,,Online appointments,,On-site services"
Yoursly,https://www.google.com/maps/place/Yoursly/data=!4m7!3m6!1s0x12fd4fde2e2b1933:0xbb77098a92eed77a!8m2!3d36.7302757!4d10.3303431!16s%2Fg%2F11f66vnrxn!19sChIJMxkrLt5P_RIRetfukooJd7s?authuser=0&hl=en&rclk=1,https://streetviewpixels-pa.googleapis.com/v1/thumbnail?panoid=cLxQcKYnduEju7KZLvP_kg&cb_client=search.gws-prod.gps&w=408&h=240&yaw=55.938835&pitch=0&thumbfov=100,5.0,Not Available,Website designer,"RN1, Hammam-Lif","Monday, 10 AM to 7 PM,Thursday, 10 AM to 7 PM,Friday, 10 AM to 7 PM,Saturday, Closed,Sunday, Closed",Not Available,http://www.yrsly.com/,26 900 904,"https://streetviewpixels-pa.googleapis.com/v1/thumbnail?panoid=cLxQcKYnduEju7KZLvP_kg&cb_client=search.gws-prod.gps&w=86&h=86&yaw=55.938835&pitch=0&thumbfov=100,https://streetviewpixels-pa.googleapis.com/v1/thumbnail?panoid=cLxQcKYnduEju7KZLvP_kg&cb_client=search.gws-prod.gps&w=408&h=240&yaw=55.938835&pitch=0&thumbfov=100,https://streetviewpixels-pa.googleapis.com/v1/thumbnail?panoid=cLxQcKYnduEju7KZLvP_kg&cb_client=maps_sv.tactile.gps&w=224&h=298&yaw=55.938835&pitch=0&thumbfov=100,https://lh3.googleusercontent.com/a-/ALV-UjVostAC_pkhvk7iV4ldInA4IrKoIsKAZ8eFVkxPFHNgHgpBgSg=w36-h36-p-rp-mo-br100,https://lh3.googleusercontent.com/a-/ALV-UjXtUFbFgp726iNlzmtupwhkIEfI89-CPLmc1y0d2DZH3c8jUfIg=w36-h36-p-rp-mo-ba12-br100,https://lh3.googleusercontent.com/a-/ALV-UjXXdmK48SoEE-gWlUiTWBqX25KoRPwNHljnUMM58J0eI1LONJUN=w36-h36-p-rp-mo-br100,https://lh3.googleusercontent.com/gps-cs-s/AHRPTWmF30AazQHB0CyYWvTYpLXs12Jco4BCp-S3Qny-_N6rKfPA4drwhOa__6qMn_8ci3DIDpi0N3whaDidFNMvE3jpGaEwufPUV8jLV1ZqBlvbp2vES5GmjnFv6FUjYxeUkHC6xbN4AmtR_W5O=w156-h114-p-k-no,https://lh3.googleusercontent.com/gps-cs-s/AHRPTWnSwOPkVqlK_QR9ZG7Xmmj_UrfZ5dwk1BWA2y9JfztBfK3Z7cviLdroKTwclAF6hlFPQDIw6vANmVf1MuPkRy9HB82-pvudLQYisQHGjHvw-zgqnvX0vIbqiDkmikJ791KPdic4zw=w156-h114-p-k-no,https://lh3.googleusercontent.com/gps-cs-s/AHRPTWnKboYi_b8MS3PTUIC-XyZL0uE8ZWxNq1Tw0KaE5O0WqNScXLE05cHIFyygh7EIhoo_q0abMeLNw5-Db_YWzjN9f6II48wd7Ygkg7XuT-zKD2fJT0gQwIby3gfAD4F_fewaDO-R=w156-h114-p-k-no",36.7302757,10.3303431,Business@yrsly.com,https://www.facebook.com/Yoursly-205975012810366/,Not Available,https://www.instagram.com/yrsly.business/,https://www.youtube.com/channel/TOTO121/,https://www.linkedin.com/company/yrsly,"Service options,,Online appointments,    Planning,,Appointment required"
Mynds,https://www.google.com/maps/place/Mynds/data=!4m7!3m6!1s0x12fd350592a1ba61:0x88a2d2db3d27acfa!8m2!3d36.8182094!4d10.1784098!16s%2Fg%2F11kq55nn_k!19sChIJYbqhkgU1_RIR-qwnPdvSoog?authuser=0&hl=en&rclk=1,https://lh3.googleusercontent.com/gps-cs-s/AHRPTWnjZSI1iWu8Hp3b_99kDZ_8pusGZLSeXs3lt5Uo5-vo2wvt9lSJMolC7fbA4vJF59v4rZ5R7fDcn-tsPi9aPqiyx088XSTtOlgfcj4MYZUT2y_uqR9KebS4jP2JIBC4gY7CR3_RGi9RB86r=w408-h725-k-no,4.8,Not Available,Marketing agency,"Le belvedere, 136 Av. de La Liberté, Tunis 1000","Monday, 9 AM to 3 PM,Thursday, 9 AM to 3 PM,Friday, 9 AM to 3 PM,Saturday, Closed,Sunday, Closed",Not Available,http://mynds-team.com/,29 543 202,"https://lh3.googleusercontent.com/gps-cs-s/AHRPTWnjZSI1iWu8Hp3b_99kDZ_8pusGZLSeXs3lt5Uo5-vo2wvt9lSJMolC7fbA4vJF59v4rZ5R7fDcn-tsPi9aPqiyx088XSTtOlgfcj4MYZUT2y_uqR9KebS4jP2JIBC4gY7CR3_RGi9RB86r=w32-h32-p-k-no,https://lh3.googleusercontent.com/gps-cs-s/AHRPTWnjZSI1iWu8Hp3b_99kDZ_8pusGZLSeXs3lt5Uo5-vo2wvt9lSJMolC7fbA4vJF59v4rZ5R7fDcn-tsPi9aPqiyx088XSTtOlgfcj4MYZUT2y_uqR9KebS4jP2JIBC4gY7CR3_RGi9RB86r=w408-h725-k-no,https://lh3.googleusercontent.com/gps-cs-s/AHRPTWnjZSI1iWu8Hp3b_99kDZ_8pusGZLSeXs3lt5Uo5-vo2wvt9lSJMolC7fbA4vJF59v4rZ5R7fDcn-tsPi9aPqiyx088XSTtOlgfcj4MYZUT2y_uqR9KebS4jP2JIBC4gY7CR3_RGi9RB86r=w224-h398-k-no,https://lh3.googleusercontent.com/gps-cs-s/AHRPTWlqxt59LjXDitx8N5iXBCqdjsi_wCV9MFKkHiWTWxU4I1eDRhFxhxkYPxGmo3_aMDVjqIsICFkyvLHF_hgBybpog6PmW4N-CgZIXAhZiIdt7rQlwSBiNh7i8g45NBDYAczzcJslH_k8iFg5=w224-h398-k-no,https://lh3.googleusercontent.com/gps-cs-s/AHRPTWk95bxPsxVdoAihUJOy1GpBU8Y0fYMXW9iKu9BdJXM3bvbTz-a7kP50NlWwIAJjHG2og0EqumNyuGk6WP-m5fBBmUxAYE7TptNYRwqInsRp6VN3otH0hJW6pTlUeYO5EnF69xi1XA=w224-h405-k-no,https://streetviewpixels-pa.googleapis.com/v1/thumbnail?panoid=LK5WJPbUn7T7jALpJn7_vA&cb_client=maps_sv.tactile.gps&w=224&h=298&yaw=243.8606&pitch=0&thumbfov=100,https://lh3.googleusercontent.com/a-/ALV-UjWvpHXEhi8fZMG7BPWFBh2DqiPTiEB8D82QTr3MVz8e_nCiqjY=w36-h36-p-rp-mo-br100,https://lh3.googleusercontent.com/a/ACg8ocIk6S9ujkYDFOajEiPkY7bYp-g6M6eiCXsctptCM-74dTMrGw=w36-h36-p-rp-mo-br100,https://lh3.googleusercontent.com/a/ACg8ocJvwwA05D1it9TcY3a-j_k38Z08z_U_ItJYcxAkA3I8FPSzFQ=w36-h36-p-rp-mo-br100,https://lh3.googleusercontent.com/gps-cs-s/AHRPTWnIAx-NekDxEXK6Ylh-p4s88QQAoC6hujbtthqtn_YbssBGIimK7p1SfWLLooHjpy9whhIAX-srcgioI61KIoeQR5tfKeM5nYMQCJgj3DSD5Z3PnZPxe5NZuUlcBNhMAC9XVb4jNA=w156-h114-p-k-no,https://lh3.googleusercontent.com/gps-cs-s/AHRPTWnlFRnaTzP1i-A8Xw1N8kZfgQP8w_igMk2RXQHOXyrc1T3zpDf7eHrZLq0vT9DBDd74EG6iBK0nZjKKQJ-Y0SjDasusvB_K1Y132Cm8zMH02wdwPuhl8w7ZovBKtdCjDRzXUJk=w156-h114-p-k-no,https://lh3.googleusercontent.com/gps-cs-s/AHRPTWl2gXWII7XpHXl53bDHeLminbPoF6JxdjXpsvaPFpL6z9JKboCg0c0ohljyEPvnZnhQi6cX1JmHC_Q6IH8ywhtlSsvDzaowtjvzzYMcbumHRiTAo2kHxRT-87lCvNGU3kQ-zj5x=w156-h114-p-k-no",36.8182094,10.1784098,contact@mynds-team.com,https://www.facebook.com/profile.php?id=100093965944186,Not Available,https://www.instagram.com/m.y.n.d.s/,Not Available,Not Available,"Accessibility,,Assisted listening devices,,Wheelchair-accessible car park,,Wheelchair-accessible entrance,,Wheelchair-accessible seating,,Wheelchair-accessible toilet,    Service options,,Online appointments,,On-site services,    Amenities,,Gender-neutral toilets,    Planning,,Appointment required,    Parking,,Free multi-storey car park"
DCI Websolutions,https://www.google.com/maps/place/DCI+Websolutions/data=!4m7!3m6!1s0x12fd34ec809f027f:0x9f2f17ef7cb8b516!8m2!3d46.952891!4d-42.2811849!16s%2Fg%2F11bzz02qx5!19sChIJfwKfgOw0_RIRFrW4fO8XL58?authuser=0&hl=en&rclk=1,https://lh3.googleusercontent.com/gps-cs-s/AHRPTWnUPEfFWxAjjN0wx3RU19R75R51QuFy-e7dP_LMQ8IxguZANxgs-sKudCHezx5kZG0zPNsV55M__Py7ll9GPniJBTlrxhpVaZbUk7-0SFPuDD7qOV2fLyrgOl7vxXwZb4iRe9Ll=w648-h240-k-no,5.0,Not Available,Website designer,Not Available,"Monday, 8 AM to 8 PM,Thursday, 8 AM to 8 PM,Friday, 8 AM to 8 PM,Saturday, 8 AM to 12 PM,Sunday, 8 AM to 12 PM",Not Available,https://www.dci-websolutions.com/,+1 418-262-5167,"https://lh3.googleusercontent.com/gps-cs-s/AHRPTWnUPEfFWxAjjN0wx3RU19R75R51QuFy-e7dP_LMQ8IxguZANxgs-sKudCHezx5kZG0zPNsV55M__Py7ll9GPniJBTlrxhpVaZbUk7-0SFPuDD7qOV2fLyrgOl7vxXwZb4iRe9Ll=w32-h32-p-k-no,https://lh3.googleusercontent.com/gps-cs-s/AHRPTWnUPEfFWxAjjN0wx3RU19R75R51QuFy-e7dP_LMQ8IxguZANxgs-sKudCHezx5kZG0zPNsV55M__Py7ll9GPniJBTlrxhpVaZbUk7-0SFPuDD7qOV2fLyrgOl7vxXwZb4iRe9Ll=w648-h240-k-no,https://lh3.googleusercontent.com/gps-cs-s/AHRPTWnUPEfFWxAjjN0wx3RU19R75R51QuFy-e7dP_LMQ8IxguZANxgs-sKudCHezx5kZG0zPNsV55M__Py7ll9GPniJBTlrxhpVaZbUk7-0SFPuDD7qOV2fLyrgOl7vxXwZb4iRe9Ll=w805-h298-k-no,https://lh3.googleusercontent.com/gps-cs-s/AHRPTWkH5KyJAfWAigHV69CQO9FLWPqq-aWaSJ7rhLWy4H_HMy9OpFIcJTzornqgyiol097ql8rP75Zdb89234pFxjGZAvT51y6XwFJndMbjMDMav43cPr_7kTGq9PhKzIDihqupyoTI=w420-h298-k-no,https://lh3.googleusercontent.com/a-/ALV-UjX6jHLmLOTHJR71a9yMldkCJnVtLLep5mDXrDNfqOOeDCQVkABtCQ=w36-h36-p-rp-mo-br100,https://lh3.googleusercontent.com/a-/ALV-UjVMuaxWdl8gEo6nU3shUZWsZfNtbKNRO8LDp7IXUjfUBe40EH0V=w36-h36-p-rp-mo-br100,https://lh3.googleusercontent.com/a-/ALV-UjXbmppb_FACaXL3jwfFsKirzyhkqwqxK-Xp0twagYdQ2sLSNem7Qg=w36-h36-p-rp-mo-br100,https://lh3.googleusercontent.com/gps-cs-s/AHRPTWlAFV2H34WkkBsHlwUGb1eg9Rqr54lyV8lHhwSHf7zQUpzQK5C1koSEjgS6g55TQf9vz-hbJMARWuRfISdYSaLKUNED7MNSTkK1_Aen9MmCvCurusjHBs4vJrFJGYFxCIZXqUq6nQ=w156-h114-p-k-no,https://lh3.googleusercontent.com/gps-cs-s/AHRPTWnxLuFrl26uTTXNxbNBJo60bc4I-OjBoTvx4AakvBPBOUZquo94slQk7d_t8cknRTWrMDCXcT-SJ9OvLePet5-hLG6Tp2onOb_yqKUc5q3qemCmTfr8QNWMGPySaYhy04XtHK2Gig=w156-h114-p-k-no",46.952891,-42.2811849,contact@dci-websolutions.com,https://www.facebook.com/dachi.club.informatique2014,Not Available,Not Available,https://www.youtube.com/watch?v=eXRjPSqlIsA,https://www.linkedin.com/company/11101260/,Not Available
Aftercode,https://www.google.com/maps/place/Aftercode/data=!4m7!3m6!1s0x1302999f3dc47bbb:0x66b6992d2a679b96!8m2!3d36.4631015!4d10.7445528!16s%2Fg%2F11rg1vkq2v!19sChIJu3vEPZ-ZAhMRlptnKi2ZtmY?authuser=0&hl=en&rclk=1,https://lh3.googleusercontent.com/gps-cs-s/AHRPTWkkBG5EJYTp0KRKizP4UCGdxyh9w-uo78jID9dnEN0wx4nsjrMP7qqckSskNKho6KOSxAKb0JUS_HGtZ6dfL4OaG-Zl_hIEEAqFFuwAwBFC8zh_k25ye-PB9oqFqiq_mpiBulc7=w408-h544-k-no,5.0,Not Available,Software company,"نهج الجامعة العربية، Nabeul, Dar Chaabane Al Fehri 8011","Monday, 8 AM to 6 PM,Thursday, 8 AM to 6 PM,Friday, 8 AM to 6 PM,Saturday, 8 AM to 1 PM,Sunday, Closed",Not Available,http://www.aftercode.tn/,24 201 201,"https://lh3.googleusercontent.com/gps-cs-s/AHRPTWkkBG5EJYTp0KRKizP4UCGdxyh9w-uo78jID9dnEN0wx4nsjrMP7qqckSskNKho6KOSxAKb0JUS_HGtZ6dfL4OaG-Zl_hIEEAqFFuwAwBFC8zh_k25ye-PB9oqFqiq_mpiBulc7=w32-h32-p-k-no,https://lh3.googleusercontent.com/gps-cs-s/AHRPTWkkBG5EJYTp0KRKizP4UCGdxyh9w-uo78jID9dnEN0wx4nsjrMP7qqckSskNKho6KOSxAKb0JUS_HGtZ6dfL4OaG-Zl_hIEEAqFFuwAwBFC8zh_k25ye-PB9oqFqiq_mpiBulc7=w408-h544-k-no,https://lh3.googleusercontent.com/gps-cs-s/AHRPTWkkBG5EJYTp0KRKizP4UCGdxyh9w-uo78jID9dnEN0wx4nsjrMP7qqckSskNKho6KOSxAKb0JUS_HGtZ6dfL4OaG-Zl_hIEEAqFFuwAwBFC8zh_k25ye-PB9oqFqiq_mpiBulc7=w224-h298-k-no,https://lh3.googleusercontent.com/gps-cs-s/AHRPTWnXhBKATQM-KFM5uRPJDdhWJx_9WtjwDKatJ8sqmHh9fp5mVuEKGMHRenPQlrz62CBPIvbwvDWXeVfZ1Gqo6LELnoip4eBiABfRDazYa3TsSDeRRXqdJv3RM6g21dbnFTGaPWLKEw=w224-h298-k-no,https://lh3.googleusercontent.com/gps-cs-s/AHRPTWk2U-pnskidqnq4AfLXfsDr0OYqGHLPVR7StsShVxiwxvemjpycdVUeQf3yruOtQ96mAFHTtIrSuymKXY4ysFePHXF6up9DGGR-8gmsox_vpbvizm2-MSBnoKP7nNl5o9199HY8=w529-h298-k-no,https://streetviewpixels-pa.googleapis.com/v1/thumbnail?panoid=a_WLL3GX20qUz_msm_SJmA&cb_client=maps_sv.tactile.gps&w=224&h=298&yaw=224.64659&pitch=0&thumbfov=100,https://lh3.googleusercontent.com/a-/ALV-UjU3VVFPOcYckUEGSzpAMuJrfrv4gDGkkqhYwH7eKfjFt5YVIi1B=w36-h36-p-rp-mo-br100,https://lh3.googleusercontent.com/a-/ALV-UjUqS4tn4fgR7sXKH6QDdujs4S1VEk5jOV_SDGnMupIPqdMYA2KR=w36-h36-p-rp-mo-br100,https://lh3.googleusercontent.com/a-/ALV-UjU5A18CjbajXF2UpNpEv-1pd13AadCWST5aNf57LPWUK5HjHZ8=w36-h36-p-rp-mo-br100,https://lh3.googleusercontent.com/gps-cs-s/AHRPTWn4K1rMNMTJmwSqeaDbnvxkwdlevLp36avpiXIIW-phh6W0HVR2_-Vz-I6mI1gk3DS7gqhywEYkYy215ZSyOVUMtgJbpbQYXs_5F6nN-Y_x0UeudOGHBJfZY24zLTQWy7ri0AMLEw=w156-h114-p-k-no,https://lh3.googleusercontent.com/gps-cs-s/AHRPTWm7lPlkH1R9N3F86nX1KxSSoNS1mAZO10XhnAHGCDfAeFUIZUT6sUui3LXq8-ZXdinwZ43YhXdnVNACa1-2a5nWWZ8wB2-d-KPN0AnfSnzs_HQCnqcQrZafCFzLz82gHorHESmo=w156-h114-p-k-no",36.4631015,10.7445528,contact@aftercode.tn,https://www.facebook.com/aftercode.tn/,Not Available,https://www.instagram.com/aftercode_agency/,Not Available,https://www.linkedin.com/in/after-code-55760a194/,Not Available
Digital rise solutions | SEO | référencement naturel | Agence SEO Tunisie | سيو,https://www.google.com/maps/place/Digital+rise+solutions+%7C+SEO+%7C+r%C3%A9f%C3%A9rencement+naturel+%7C+Agence+SEO+Tunisie+%7C+%D8%B3%D9%8A%D9%88%E2%80%AD/data=!4m7!3m6!1s0x12fdc56894569dfd:0x984d0d124496d953!8m2!3d35.6563556!4d10.0843537!16s%2Fg%2F11sjjy7jqw!19sChIJ_Z1WlGjF_RIRU9mWRBINTZg?authuser=0&hl=en&rclk=1,https://lh3.googleusercontent.com/gps-cs-s/AHRPTWlitS19ojHs2bec4nrtAUbvVeCiy2v8I7jB_-nktCWDi1L3TXbOTP1Gf9f_yAhYg68As0yNEz99yNbp6QX5-DUbmhEQgWdgvHWxsaaLhL0usJJLWoNdgpHwgqcyJE94ZCb3rTM=w426-h240-k-no,5.0,Not Available,Internet marketing service,"hassan hlel, Kairouan 3100","Monday, 8 AM to 6 PM,Thursday, 8 AM to 6 PM,Friday, 8 AM to 6 PM,Saturday, 8 AM to 6 PM,Sunday, Closed",Not Available,https://digital-rise-solutions.com/,22 105 514,"https://lh3.googleusercontent.com/gps-cs-s/AHRPTWlitS19ojHs2bec4nrtAUbvVeCiy2v8I7jB_-nktCWDi1L3TXbOTP1Gf9f_yAhYg68As0yNEz99yNbp6QX5-DUbmhEQgWdgvHWxsaaLhL0usJJLWoNdgpHwgqcyJE94ZCb3rTM=w32-h32-p-k-no,https://lh3.googleusercontent.com/gps-cs-s/AHRPTWlitS19ojHs2bec4nrtAUbvVeCiy2v8I7jB_-nktCWDi1L3TXbOTP1Gf9f_yAhYg68As0yNEz99yNbp6QX5-DUbmhEQgWdgvHWxsaaLhL0usJJLWoNdgpHwgqcyJE94ZCb3rTM=w426-h240-k-no,https://lh3.googleusercontent.com/gps-cs-s/AHRPTWlitS19ojHs2bec4nrtAUbvVeCiy2v8I7jB_-nktCWDi1L3TXbOTP1Gf9f_yAhYg68As0yNEz99yNbp6QX5-DUbmhEQgWdgvHWxsaaLhL0usJJLWoNdgpHwgqcyJE94ZCb3rTM=w529-h298-k-no,https://lh3.googleusercontent.com/gps-cs-s/AHRPTWlKqp7qXTS-BX3mE_capZPUyTotXorLqSkxz1tKATGyxSNW5KZVh-ZfkYsMfvb0I_l54LPAzc5FamzHkvnbF3hYFSdbZbhuy26IC1Amm4cgMlyQJEUr8VFjb0uUjHFISoTc6zWwnw=w397-h298-k-no,https://lh3.googleusercontent.com/gps-cs-s/AHRPTWnfhczH7iqCpE_DXapIE3rRhGXUaYAAr3su875L1DRjt_-VIfeGg77cv7BkkhMyDuXmymFe7RrAMfNSTRblwWW5_MyToUghoQd4PUcDtwrU6jT-T8XAUkKiAwzqOemPclN4HO0zYw=w224-h398-k-no,https://lh3.googleusercontent.com/gps-cs-s/AHRPTWl6J28ClIQooiVnrIXaSg8KyaIK8FtoaXLR13dzBCHO1bs6JJqxAe9TOs_Dj29SQNVPXY8Anqb7n6DRFoqKnLzXY2s6pKIbQ5fJp3FeMwL0GZjQOND1DVEIMp9fQ6SbGofTzxe0QA=w373-h298-k-no,https://lh3.googleusercontent.com/a-/ALV-UjXe3sV2wYV1PP9HQZG8b0KQ7LvNOzpUAqcUo3j6JaXKGCHQjOc=w36-h36-p-rp-mo-br100,https://lh3.googleusercontent.com/a/ACg8ocLpENsCmEmrY8EbsUTsFkBz-tpCnnUFDQPoO-spkFglYIDjzA=w36-h36-p-rp-mo-br100,https://lh3.googleusercontent.com/a-/ALV-UjV3PHiylXAmsqf91PBvs1toUibcDdxICoLd1a27TsmIVFRz704=w36-h36-p-rp-mo-ba12-br100,https://lh3.googleusercontent.com/gps-cs-s/AHRPTWly7KIXfN8EQZn2wMal9XwfTHivaKWrAOvwjAu-0QwJI6aPw_oDCerF6QdfyRVxWV5ZQGdCmExDVQzAg2MGEUTCgKzoyleCT2YzZTbfosh6YmpKl0xFkmxSq9zDpLaQTvZC8SJT=w156-h114-p-k-no,https://lh3.googleusercontent.com/gps-cs-s/AHRPTWn2R8dx2BzaL9IWVmkSRwO62WxXgmFYN6_aw0tECAgeSC_JRSlxZDtnKDBMrjZgmQJavZBbRGO6pVsE893xZStvHNY8ztrOyFw0z6-Ohloe_G4Y7dRwKbrHjdfm4wa6kVwt28NV=w156-h114-p-k-no",35.6563556,10.0843537,amira@digital-rise-solutions.com,https://www.facebook.com/share/1CBYdb6KLA/,Not Available,https://www.instagram.com/digital_rise_solutions/,https://www.youtube.com/@DIGITALRISESOLUTIONS,https://www.linkedin.com/company/92480443,"Accessibility,,Wheelchair-accessible entrance,,Wheelchair-accessible seating,,Wheelchair-accessible toilet,    From the business,,Identifies as women-owned,    Service options,,Online appointments,,On-site services,    Planning,,Appointment required"
Ikigai Agence de communication Tunisie,https://www.google.com/maps/place/Ikigai+Agence+de+communication+Tunisie/data=!4m7!3m6!1s0x12fd3589b8a47033:0xa1a796bb4f30080!8m2!3d36.8438581!4d10.1980601!16s%2Fg%2F11ll3396_f!19sChIJM3CkuIk1_RIRgADztGt5Ggo?authuser=0&hl=en&rclk=1,https://lh3.googleusercontent.com/gps-cs-s/AHRPTWlzTX2UxB3wX1vwPXlcNq2PA8NPdY_L_X_4OACEYSZ0mt-l2cAVhI_e7j61MQaGYWihGSPyU81pIUrJ7c2Wsil8wDwipWYDke0llx0qhoCcB-3vbW3q5dWsBeak6RcYDhFc1iMMvg=w408-h271-k-no,4.7,Not Available,Marketing agency,"إقامة إيناس، Bloc A-1 3ème étage, Tunis 1082","Monday, Open 24 hours,Thursday, Open 24 hours,Friday, Open 24 hours,Saturday, Open 24 hours,Sunday, Open 24 hours",Not Available,https://ikigai.tn/,90 601 300,"https://lh3.googleusercontent.com/gps-cs-s/AHRPTWlzTX2UxB3wX1vwPXlcNq2PA8NPdY_L_X_4OACEYSZ0mt-l2cAVhI_e7j61MQaGYWihGSPyU81pIUrJ7c2Wsil8wDwipWYDke0llx0qhoCcB-3vbW3q5dWsBeak6RcYDhFc1iMMvg=w32-h32-p-k-no,https://lh3.googleusercontent.com/gps-cs-s/AHRPTWlzTX2UxB3wX1vwPXlcNq2PA8NPdY_L_X_4OACEYSZ0mt-l2cAVhI_e7j61MQaGYWihGSPyU81pIUrJ7c2Wsil8wDwipWYDke0llx0qhoCcB-3vbW3q5dWsBeak6RcYDhFc1iMMvg=w408-h271-k-no,https://lh3.googleusercontent.com/gps-cs-s/AHRPTWlzTX2UxB3wX1vwPXlcNq2PA8NPdY_L_X_4OACEYSZ0mt-l2cAVhI_e7j61MQaGYWihGSPyU81pIUrJ7c2Wsil8wDwipWYDke0llx0qhoCcB-3vbW3q5dWsBeak6RcYDhFc1iMMvg=w448-h298-k-no,https://lh3.googleusercontent.com/gps-cs-s/AHRPTWnKLLE4gmnzutJ8pajf3UYMfNKZdjFlg3HJV_UZW2hVupE5rA8lG5P5tmnMKedrNDUdLVNlSGs2NkUYMy3pxnvPF58YmNWmfz4ZzfXZhsc03RYqi_icwkO9EpFUPoe5jhqAAj9i=w529-h298-k-no,https://lh3.googleusercontent.com/gps-cs-s/AHRPTWmoezLpWJbqWOOC5THQLdH3U7lZnIr2-qyn8EHl2iivmvh3_UNUh9K-pd6m78LSJEkWNQuphlNMv708ZQkgY9Rn-6Zq0DxxKkk_LXNHQitAHjFr93Roki78p60njOMPugns-NY=w529-h298-k-no,https://lh3.googleusercontent.com/gps-cs-s/AHRPTWkE9itS_QmA_UosVf4gfN5c7hTURH39ZxbuEBavRMlVAQn3eAeJU4P5_2VxCYS1qZL7bxsbfecfkMjFq3Qh8q1bxSUmyWqTFLuGqVk_r0O7aSdJjK1VidOS0eEknIvOAfcQpdVT=w529-h298-k-no,https://streetviewpixels-pa.googleapis.com/v1/thumbnail?panoid=pAmQl-arLe_xNRdA2fZNxA&cb_client=maps_sv.tactile.gps&w=224&h=298&yaw=33.59757&pitch=0&thumbfov=100,https://lh3.googleusercontent.com/a/ACg8ocLkpxH9yMUcTHYMffOlkCzRiwk34sltpjhL0NpKHN4dqp6jWg=w36-h36-p-rp-mo-br100,https://lh3.googleusercontent.com/a-/ALV-UjUZCtGQq3WpKOcTncgXRIW9lLIzv-Wxm5GmzKIu77Vc3vBjJs8ZQQ=w36-h36-p-rp-mo-br100,https://lh3.googleusercontent.com/a-/ALV-UjV_Xa7Dm04wCZAStMWikEEoDT8RYtHEJODvuvBgfJicY5OFfqAa=w36-h36-p-rp-mo-br100,https://lh3.googleusercontent.com/gps-cs-s/AHRPTWnIAx-NekDxEXK6Ylh-p4s88QQAoC6hujbtthqtn_YbssBGIimK7p1SfWLLooHjpy9whhIAX-srcgioI61KIoeQR5tfKeM5nYMQCJgj3DSD5Z3PnZPxe5NZuUlcBNhMAC9XVb4jNA=w156-h114-p-k-no,https://lh3.googleusercontent.com/gps-cs-s/AHRPTWnlFRnaTzP1i-A8Xw1N8kZfgQP8w_igMk2RXQHOXyrc1T3zpDf7eHrZLq0vT9DBDd74EG6iBK0nZjKKQJ-Y0SjDasusvB_K1Y132Cm8zMH02wdwPuhl8w7ZovBKtdCjDRzXUJk=w156-h114-p-k-no,https://lh3.googleusercontent.com/gps-cs-s/AHRPTWm4xbRkU2JArhxaTAMvu_Ew8VEcC8spfNZfXoAUZanS9js98efwdklm1QIH5MHxgnD05WWFnoQCDhBTOERUDhYWFoo2e0LhHBzCc8Sj-J9HTfhE9g8H57qyj8pnprTV_WoCVqTfwg=w156-h114-p-k-no",36.8438581,10.1980601,contact@ikigai.tn,https://www.facebook.com/ikigai.tn,https://twitter.com/ikigai_tunisie,https://www.instagram.com/ikigai.agency.tn/,https://www.youtube.com/@ikigai.tunisia,https://www.linkedin.com/company/ikigai-agence-de-communication-tunisie,"Accessibility,,Wheelchair-accessible car park,,Wheelchair-accessible entrance,,Wheelchair-accessible seating,,Wheelchair-accessible toilet,    Service options,,Online appointments,,On-site services,    Amenities,,Gender-neutral toilets,    Planning,,Appointment required"
E-SKILLS - WEB AND MOBILE DEVELOPMENT AGENCY,https://www.google.com/maps/place/E-SKILLS+-+WEB+AND+MOBILE+DEVELOPMENT+AGENCY/data=!4m7!3m6!1s0x12fd350bba791f03:0x554206200e48e58e!8m2!3d36.8530523!4d10.2049546!16s%2Fg%2F11sp92jb9m!19sChIJAx95ugs1_RIRjuVIDiAGQlU?authuser=0&hl=en&rclk=1,https://lh3.googleusercontent.com/gps-cs-s/AHRPTWnOL2fZ_X91cJPUsDfz_f3Fu_zjOawakBfNj-AFmIXVDCnfIdrAA-4zVbTgXxUMaBRoK1kNqCFaRiRPDcmznZ3oXeOcGte9C4CixjHXCOaLOpZJr0C9857vwj6q2cLYloR2sqxpZFIt9A0d=w408-h510-k-no,5.0,Not Available,Website designer,"22 Rue de l'artisanat, Ariana 2035","Monday, 9 AM to 5 PM,Thursday, 9 AM to 5 PM,Friday, 9 AM to 5 PM,Saturday, Closed,Sunday, Closed",Not Available,https://eskills.agency/,52 838 318,"https://lh3.googleusercontent.com/gps-cs-s/AHRPTWnOL2fZ_X91cJPUsDfz_f3Fu_zjOawakBfNj-AFmIXVDCnfIdrAA-4zVbTgXxUMaBRoK1kNqCFaRiRPDcmznZ3oXeOcGte9C4CixjHXCOaLOpZJr0C9857vwj6q2cLYloR2sqxpZFIt9A0d=w32-h32-p-k-no,https://lh3.googleusercontent.com/gps-cs-s/AHRPTWnOL2fZ_X91cJPUsDfz_f3Fu_zjOawakBfNj-AFmIXVDCnfIdrAA-4zVbTgXxUMaBRoK1kNqCFaRiRPDcmznZ3oXeOcGte9C4CixjHXCOaLOpZJr0C9857vwj6q2cLYloR2sqxpZFIt9A0d=w408-h510-k-no,https://lh3.googleusercontent.com/gps-cs-s/AHRPTWnOL2fZ_X91cJPUsDfz_f3Fu_zjOawakBfNj-AFmIXVDCnfIdrAA-4zVbTgXxUMaBRoK1kNqCFaRiRPDcmznZ3oXeOcGte9C4CixjHXCOaLOpZJr0C9857vwj6q2cLYloR2sqxpZFIt9A0d=w238-h298-k-no,https://lh3.googleusercontent.com/gps-cs-s/AHRPTWm6KUwB-JB0-1b1Z6egAfwsn64sKtDMJmgkQBwgQ7iG0WvFYA_-2YOts-EhCMdsQlMvuct8_y_RYzgk2OdQZEroIdH8rEk66ZxhuhtcBcZFDvgOYCZ7M3H3ueSS4opahGY44y9IqnYyLav3=w238-h298-k-no,https://lh3.googleusercontent.com/a/ACg8ocJ8IOg_Y1UgjyJ4swM2L-mmP5B8wMX0yU4YzEyFP47uDR0HWA=w36-h36-p-rp-mo-br100,https://lh3.googleusercontent.com/a-/ALV-UjWl4WUXw7iqA1WPeMTTCrhyupHiubIbnRFMbZWEtNHZUsMycKhX=w36-h36-p-rp-mo-br100,https://lh3.googleusercontent.com/a/ACg8ocKY27dTC4mk_ezpRbf4ZMVlb2pfyLmH7i5sFctGL1iMV_QZ7g=w36-h36-p-rp-mo-br100,https://lh3.googleusercontent.com/gps-cs-s/AHRPTWmXcHwf7z9cUZ6RuEwHUNEphXwKZ01OSZi4QV7zeqN7kiyyirIjpTN0BVv_ofB64qXDQP8mUFXslS5Q1lEkPpQlH9ujQiNE_CjfqL2GOIQBbZADT_XhozNXqh054PVoGYObUos7dQ=w156-h114-p-k-no,https://lh3.googleusercontent.com/gps-cs-s/AHRPTWl0ViOrxlnKTe8-DX6qu-zzowfdItLMZ6swvSU0-X1yFmlqoffvdocissu9ng-tQGQRsj4HZL-F7V2aFm94U5V5xTxRJ-JoD5DR_4Ak5gS7mWKHdPQBnvx5Vo8sqc5uVF5qXideYg=w156-h114-p-k-no,https://lh3.googleusercontent.com/gps-cs-s/AHRPTWkgbHV0V3XkXpB3eB26cnvSifT5JzpSD9fqNvb_qNGwO-sxwNFQYWbLn0ZkZ7qVZVYdzcYuKZzRzkrovJmuQ9P7ZnTVrQ8wjBSIKCdvqXEyncLacTW4-oxlVMEFhMvBeWLoUFA=w156-h114-p-k-no,https://lh3.googleusercontent.com/gps-cs-s/AHRPTWlLmBTvKEByr-nvH6edk66ifJEY-kePUGLPW_zHDukqT911p5kZ34J-EDASZo9_ajfR-RttbMYp-0ShdTHh6LdtK136C2ezcvuvSp2MBryRPXGnbw1hIpKLPixJXT0ckX4R7gdinA=w156-h114-p-k-no",36.8530523,10.2049546,dhiaguedri@eskills.agency,https://facebook.com/eskillsagency,Not Available,https://instagram.com/eskills_tn,Not Available,https://www.linkedin.com/company/eskillstn/,"Accessibility,,Wheelchair-accessible seating,,Wheelchair-accessible toilet,    Service options,,Online appointments,,On-site services,    Planning,,Appointment required,    Parking,,On-site parking"
Silkdev - Global Website Design Company,https://www.google.com/maps/place/Silkdev+-+Global+Website+Design+Company/data=!4m7!3m6!1s0x60d2f1b03434cd51:0x325495a3d7fd64ed!8m2!3d37.1549076!4d9.7937072!16s%2Fg%2F11kq4m3dw1!19sChIJUc00NLDx0mAR7WT916OVVDI?authuser=0&hl=en&rclk=1,https://lh3.googleusercontent.com/gps-cs-s/AHRPTWloDrFlEqHI9UKTnOyBbLZjR5TPlA-ccuSztsKzUJ_zq03fJY2HskG2j2Oc8NWqpG16pgNsTNiA80lSyS8QGnyM6fSZSaWVtxR8bg9SIbALK7snxvNuG75f25strvGxpJBV3JFq=w408-h306-k-no,5.0,Not Available,Design agency,"bureau 5, centre aziza, 1ere etage, Av. de l’Indépendance, Menzel Bourguiba 7050","Monday, 8 AM to 5 PM,Thursday, 8 AM to 5 PM,Friday, 8 AM to 5 PM,Saturday, Closed,Sunday, Closed",Not Available,https://silkdev.com.tn/,92 018 279,"https://lh3.googleusercontent.com/gps-cs-s/AHRPTWloDrFlEqHI9UKTnOyBbLZjR5TPlA-ccuSztsKzUJ_zq03fJY2HskG2j2Oc8NWqpG16pgNsTNiA80lSyS8QGnyM6fSZSaWVtxR8bg9SIbALK7snxvNuG75f25strvGxpJBV3JFq=w32-h32-p-k-no,https://lh3.googleusercontent.com/gps-cs-s/AHRPTWloDrFlEqHI9UKTnOyBbLZjR5TPlA-ccuSztsKzUJ_zq03fJY2HskG2j2Oc8NWqpG16pgNsTNiA80lSyS8QGnyM6fSZSaWVtxR8bg9SIbALK7snxvNuG75f25strvGxpJBV3JFq=w408-h306-k-no,https://lh3.googleusercontent.com/gps-cs-s/AHRPTWloDrFlEqHI9UKTnOyBbLZjR5TPlA-ccuSztsKzUJ_zq03fJY2HskG2j2Oc8NWqpG16pgNsTNiA80lSyS8QGnyM6fSZSaWVtxR8bg9SIbALK7snxvNuG75f25strvGxpJBV3JFq=w397-h298-k-no,https://lh3.googleusercontent.com/gps-cs-s/AHRPTWnenkryagP4wYzFiyqBZg2n-8lnZm1yUFQ6kKzBeNvv6MS8LjyVBeX9pbf9dpsy8Y3iKa05voyuVWH-YDiOfh2c65miIiqmxxqqcjsS4esabx7utrylbIJ-nKgHuqT4NYgwrBXgLQ=w397-h298-k-no,https://lh3.googleusercontent.com/a/ACg8ocKs72W7qUHLANkU3tvP5vRC-gSyqf_bCKfh2aC_i0CoXCkpUA=w36-h36-p-rp-mo-br100,https://lh3.googleusercontent.com/a-/ALV-UjVd9IRuGXipclCNizzGMVBuAqr_HAQ-0kdOCpg-28zAUwWbYf16-g=w36-h36-p-rp-mo-br100,https://lh3.googleusercontent.com/a-/ALV-UjWr7P2pNevju6Ur1eN9MT4d2lMkqabpL6t_PRB7yW_wRhSwre0YFQ=w36-h36-p-rp-mo-ba12-br100,https://lh3.googleusercontent.com/gps-cs-s/AHRPTWmCngDpo4WpdcLKl9j3BlncpU5sI3GqdgHCWRA4ClVR1b36qoklN6Hzdo-kgkOmAWmLCmZFhjUfoCCTbwktFPUXLHE6pHsQp6IBkqNvqA24Gi6v63VeaC8EiZ0-sW-1IsEVqWQx=w156-h114-p-k-no,https://lh3.googleusercontent.com/gps-cs-s/AHRPTWnCyJOHEXba5mTNT2Hx1LFIcSEipRffbwHjLy6hGU0KZcILYEiH-d5OyW2nohslnPwAc7_I1cxoE0_Yz_1hweFmGCc4vw6n7wx6PI9crVaIIzjex4m_a-wt95J6bOGdPI_c-f4o=w156-h114-p-k-no",37.1549076,9.7937072,contact@silkdev.com.tn,https://www.facebook.com/silkdevcorp,Not Available,https://www.instagram.com/silk.dev,Not Available,https://www.linkedin.com/company/silkdev,"Service options,,Online appointments,,On-site services,    Planning,,Appointment required"
DEVEOO : Agence web Tunisie,https://www.google.com/maps/place/DEVEOO+:+Agence+web+Tunisie/data=!4m7!3m6!1s0x12fd35e8dae69101:0x61da3dc6ad479da4!8m2!3d36.8377243!4d10.2369256!16s%2Fg%2F11kl_3ds_c!19sChIJAZHm2ug1_RIRpJ1HrcY92mE?authuser=0&hl=en&rclk=1,https://lh3.googleusercontent.com/a-/ALV-UjWc0Dvv75447ySgqmCt7yAUUBmCBBZ54erBHgnDm0l0t-UyFRur9g=w36-h36-p-rp-mo-ba12-br100,4.8,Not Available,Internet marketing service,"Bloc C, A-28, Lac Malären, Tunis 1053","Monday, 9 AM to 6 PM,Thursday, 9 AM to 6 PM,Friday, 9 AM to 6 PM,Saturday, Closed,Sunday, Closed",Not Available,https://www.deveoo.com/,29 801 298,"https://lh3.googleusercontent.com/gps-cs-s/AHRPTWnpmIIT8axlM6vEu8A_v7aiKyUEFsjADaauokGbq_XQfkYC7nZwYwaPB0y1HvIFDhnjSjgKHaQd82uw_XlmJw4qxQR01MzwX_sPk0gucEsXduk6X4rqoswUNXm2h-P1Jsu-lcUG3Q=w32-h32-p-k-no,https://lh3.googleusercontent.com/gps-cs-s/AHRPTWnpmIIT8axlM6vEu8A_v7aiKyUEFsjADaauokGbq_XQfkYC7nZwYwaPB0y1HvIFDhnjSjgKHaQd82uw_XlmJw4qxQR01MzwX_sPk0gucEsXduk6X4rqoswUNXm2h-P1Jsu-lcUG3Q=w408-h244-k-no,https://lh3.googleusercontent.com/gps-cs-s/AHRPTWnpmIIT8axlM6vEu8A_v7aiKyUEFsjADaauokGbq_XQfkYC7nZwYwaPB0y1HvIFDhnjSjgKHaQd82uw_XlmJw4qxQR01MzwX_sPk0gucEsXduk6X4rqoswUNXm2h-P1Jsu-lcUG3Q=w496-h298-k-no,https://lh3.googleusercontent.com/gps-cs-s/AHRPTWl2a99JCMO7fivcnuNp0C9N00NdC7n6aAWZjHMxJ_alqKIOxRi97h_trPwYBPPa6gDh1v6w3_oa45k-TXEL_7D_tdaFmqK8g9LJ68-_wQ0TYAxpKP7HrP_xPEp0CA9DbRTTElp4=w447-h298-k-no,https://lh3.googleusercontent.com/a-/ALV-UjWc0Dvv75447ySgqmCt7yAUUBmCBBZ54erBHgnDm0l0t-UyFRur9g=w36-h36-p-rp-mo-ba12-br100,https://lh3.googleusercontent.com/a/ACg8ocKm_gDK9mjHlvyLmV9s51gyogt8lQX7gE6B0E-lH46TtTt_=w36-h36-p-rp-mo-br100,https://lh3.googleusercontent.com/a/ACg8ocJSRcUyys7nwTUICp99Y8_h1kdGjil0m1RW8uSLQDY99qzW7Q=w36-h36-p-rp-mo-br100,https://lh3.googleusercontent.com/gps-cs-s/AHRPTWlydzDiXnk4PWMZr-Nwm8sq3Rjij1CCpO7hMVFo4KW5oK-c-FCZpd6bSLfhnvgdasMhqoHdbZ_17NG2WGVtAtXXc15G6vmWmtlMm93pAjssa1ehVpNmabyOCOP6txqDGxEL07V9-BpSe8vR=w156-h114-p-k-no,https://lh3.googleusercontent.com/gps-cs-s/AHRPTWmxeJ39mRa1g-URRibsb1_Ltb9sG3PjvD2A5I-3imASf3mOoA7vCoc0kdv7P6dnH3W2ZNIU1qkFU124IDKdFjMqmtZ8HH9AA-uXMkzaqWchXCqw_7Tt-2eUWZLhryka73oBDjO1=w156-h114-p-k-no",36.8377243,10.2369256,Not Available,https://www.facebook.com/deveooagency,Not Available,https://www.instagram.com/deveooagency/,Not Available,https://www.linkedin.com/company/deveoo,Not Available
Hannibal advanced solutions : Agence Web Tunisie,https://www.google.com/maps/place/Hannibal+advanced+solutions+:+Agence+Web+Tunisie/data=!4m7!3m6!1s0x12fd357c19ed1859:0x356ee846af24433b!8m2!3d36.8154575!4d10.1857342!16s%2Fg%2F11ymn9g9y6!19sChIJWRjtGXw1_RIRO0Mkr0bobjU?authuser=0&hl=en&rclk=1,https://streetviewpixels-pa.googleapis.com/v1/thumbnail?panoid=dch_gcqilJ5E6-3g3NgIGQ&cb_client=search.gws-prod.gps&w=408&h=240&yaw=235.54387&pitch=0&thumbfov=100,5.0,Not Available,Website designer,Tunis 1000,"Monday, 8:30 AM to 6 PM,Thursday, 8:30 AM to 6 PM,Friday, 8:30 AM to 6 PM,Saturday, Closed,Sunday, Closed",Not Available,http://hannibaladvanced.com/,29 316 499,"https://streetviewpixels-pa.googleapis.com/v1/thumbnail?panoid=dch_gcqilJ5E6-3g3NgIGQ&cb_client=search.gws-prod.gps&w=86&h=86&yaw=235.54387&pitch=0&thumbfov=100,https://streetviewpixels-pa.googleapis.com/v1/thumbnail?panoid=dch_gcqilJ5E6-3g3NgIGQ&cb_client=search.gws-prod.gps&w=408&h=240&yaw=235.54387&pitch=0&thumbfov=100,https://streetviewpixels-pa.googleapis.com/v1/thumbnail?panoid=dch_gcqilJ5E6-3g3NgIGQ&cb_client=maps_sv.tactile.gps&w=224&h=298&yaw=235.54387&pitch=0&thumbfov=100,https://lh3.googleusercontent.com/gps-cs-s/AHRPTWmDdTwtzRELVjlSTFiFqatqR6-qpyA__e06BiHgEM9mN_A9Kpz5OUpYrMg2dxpS2-6isNPy-fonEoldlLZKlVvvQ5-3_hayWOatw2c7s-uYrkdw-Yjuf-x0xiP_sO3FfYm-zamD_FkLKOX0=w397-h298-k-no,https://lh3.googleusercontent.com/a-/ALV-UjXuA3t82huTzPCwxou_wggt5VnxUIu5Xt-qUnTbcwEKzXbChgm7=w36-h36-p-rp-mo-br100,https://lh3.googleusercontent.com/a-/ALV-UjXe24InoJPuszXA5pLg53E1bOZe1-ZbWi21uF4XaTWbceDB6Vo=w36-h36-p-rp-mo-br100,https://lh3.googleusercontent.com/a-/ALV-UjW3GX1qkk714MY1mF5HD_S0W0S1VnSO3MOFG6S31_K9pqMZaBM=w36-h36-p-rp-mo-br100",36.8154575,10.1857342,contact@hannibaladvanced.com,https://www.facebook.com/profile.php?id=61571023165350,Not Available,https://www.instagram.com/hannibaladvanced,https://www.youtube.com/@hannibaladvanced,https://www.linkedin.com/in/hannibal-advanced-03476138a/,Not Available
"Media Web Services : Agence Web Tunisie - Agence Web Kairouan, Site Web, Application Mobile, Shooting et Vidéo - MWS Services","https://www.google.com/maps/place/Media+Web+Services+:+Agence+Web+Tunisie+-+Agence+Web+Kairouan,+Site+Web,+Application+Mobile,+Shooting+et+Vid%C3%A9o+-+MWS+Services/data=!4m7!3m6!1s0x12fddaa8edc968c1:0x3939d5bd0e3d4534!8m2!3d36.80306!4d10.1451332!16s%2Fg%2F11c2n_4v35!19sChIJwWjJ7aja_RIRNEU9Dr3VOTk?authuser=0&hl=en&rclk=1",https://lh3.googleusercontent.com/gps-cs-s/AHRPTWkorDYi4tWU160-lWSCHTai6-n5JWcShVVrryPl_5TOUgrvvn8vG7VKNgi-dTA6JwvIXxtWh8g8cynE0jlSD8ngEgY_vxVsZc75qzIoTFYPYXleQaYnc0b-DBqSwrpjn0dLaa4N4A=w408-h272-k-no,4.8,Not Available,Computer support and services,"67 Rue Menzel Bourguiba, Ariana 7050","Monday, 7 AM to 7 PM,Thursday, 7 AM to 7 PM,Friday, 7 AM to 7 PM,Saturday, 7 AM to 3 PM,Sunday, Closed",Not Available,http://mws-services.com/,22 225 951,"https://lh3.googleusercontent.com/gps-cs-s/AHRPTWkorDYi4tWU160-lWSCHTai6-n5JWcShVVrryPl_5TOUgrvvn8vG7VKNgi-dTA6JwvIXxtWh8g8cynE0jlSD8ngEgY_vxVsZc75qzIoTFYPYXleQaYnc0b-DBqSwrpjn0dLaa4N4A=w32-h32-p-k-no,https://lh3.googleusercontent.com/gps-cs-s/AHRPTWkorDYi4tWU160-lWSCHTai6-n5JWcShVVrryPl_5TOUgrvvn8vG7VKNgi-dTA6JwvIXxtWh8g8cynE0jlSD8ngEgY_vxVsZc75qzIoTFYPYXleQaYnc0b-DBqSwrpjn0dLaa4N4A=w408-h272-k-no,https://lh3.googleusercontent.com/gps-cs-s/AHRPTWkorDYi4tWU160-lWSCHTai6-n5JWcShVVrryPl_5TOUgrvvn8vG7VKNgi-dTA6JwvIXxtWh8g8cynE0jlSD8ngEgY_vxVsZc75qzIoTFYPYXleQaYnc0b-DBqSwrpjn0dLaa4N4A=w447-h298-k-no,https://lh3.googleusercontent.com/gps-cs-s/AHRPTWkt3Ucvw2lpV3-0SHcYPn-DJtmNTd_cGnmx2Y1zF35WMBoSxidrEyDGmR_kKtLkyzbulEZ-8kV4LP0LHJ_PU_fYH2sXYZ-mxcszUuULsAG7T3LGifNAQld1PIbq6m1OMA5D5UXB=w525-h298-k-no,https://lh3.googleusercontent.com/a/ACg8ocKvtYHNFCWpGcnaQWjnTa4HQ8dcf313hsdzTp9OyQ14AXkv6g=w36-h36-p-rp-mo-br100,https://lh3.googleusercontent.com/a-/ALV-UjWDNxkp-BYZIlYsZDVhIGt0RFTvmAlk7mm0H7-l14U2epZCNwgV=w36-h36-p-rp-mo-br100,https://lh3.googleusercontent.com/a-/ALV-UjUCQWNJ7pvG5JgnyELm8gelwQW0g5JWYvjGExDsEaqjnE1gSYg=w36-h36-p-rp-mo-br100,https://lh3.googleusercontent.com/gps-cs-s/AHRPTWmcE9WPXHYtCWMnw86vC3hCmmumWZsfJFDNn3OoVivi-eCCUu8b-Ym5iWcqUsAVuc60DeQv73-8Oag6kYUnI1NGuuF_sZ6u6I0gFuC9OdDQetBuSrTUNfd4y3gNnsDd19b_cLfqzQ=w156-h114-p-k-no,https://lh3.googleusercontent.com/gps-cs-s/AHRPTWnzSEiRQMUCH_CuokTPjbrydGAG4MGqeWtKY1q0Rn8ymR6I_f50NtYoItGwqh0hmNdKNjuiZVXcc9bKbGiHorFEjohE-Z_IOdLp3Wog1Vv2MoExvahhdpaLcQcjocD2G1_dC1v_og=w156-h114-p-k-no",36.80306,10.1451332,contact@mws-services.com,https://www.facebook.com/MWSservices/,Not Available,Not Available,https://www.youtube.com/@MEDIAWEBSERVICES,https://www.linkedin.com/company/media-web-services/?viewAsMember=true,"Service options,,Online appointments"
Agence Web THE ROAD,https://www.google.com/maps/place/Agence+Web+THE+ROAD/data=!4m7!3m6!1s0x12fd353b213149f7:0x2495627ab611c978!8m2!3d36.8064948!4d10.1815316!16s%2Fg%2F11vx1jz9dd!19sChIJ90kxITs1_RIReMkRtnpilSQ?authuser=0&hl=en&rclk=1,https://streetviewpixels-pa.googleapis.com/v1/thumbnail?panoid=7gbO1-tvWIm551vqQldUcw&cb_client=search.gws-prod.gps&w=408&h=240&yaw=252.61525&pitch=0&thumbfov=100,5.0,Not Available,Website designer,"THE DOT, Tunis 1053","Monday, Open 24 hours,Thursday, Open 24 hours,Friday, Open 24 hours,Saturday, Open 24 hours,Sunday, Open 24 hours",Not Available,https://www.theroad.tn/,94 337 199,"https://streetviewpixels-pa.googleapis.com/v1/thumbnail?panoid=7gbO1-tvWIm551vqQldUcw&cb_client=search.gws-prod.gps&w=86&h=86&yaw=252.61525&pitch=0&thumbfov=100,https://streetviewpixels-pa.googleapis.com/v1/thumbnail?panoid=7gbO1-tvWIm551vqQldUcw&cb_client=search.gws-prod.gps&w=408&h=240&yaw=252.61525&pitch=0&thumbfov=100,https://streetviewpixels-pa.googleapis.com/v1/thumbnail?panoid=7gbO1-tvWIm551vqQldUcw&cb_client=maps_sv.tactile.gps&w=224&h=298&yaw=252.61525&pitch=0&thumbfov=100,https://lh3.googleusercontent.com/gps-cs-s/AHRPTWkccuy9t2yJX6bPthJFBuzaY-Ewot31XWI8I9-Ox0ZKLCJZZSpfEFfFmE5G9cjMRBUClvTfOlwqBMf0mJJU-BjBbmTL34eXXdX3nbsQYW06zgXtGb8zoRJWuXAGkrehjfhjIoGw=w529-h298-k-no,https://lh3.googleusercontent.com/a-/ALV-UjXWQdUvji89bill7hmXg3D4ms4fTBZFrTXYyhi9eVJdyJQZnQs=w36-h36-p-rp-mo-br100,https://lh3.googleusercontent.com/a-/ALV-UjVQeU3lXMhmrBLRc5BKxWc-tmZaXgPrVtocshoRnEetiNZEHaWv=w36-h36-p-rp-mo-br100,https://lh3.googleusercontent.com/a/ACg8ocKXUoS-f5BWG8KBJkhMeHBQHdtcD9NeOCIgQVBJueQfBn78MA=w36-h36-p-rp-mo-br100",36.8064948,10.1815316,contact@theroad.tn,https://www.facebook.com/theroadagencedigitale/,Not Available,https://www.instagram.com/theroadagence/,Not Available,https://www.linkedin.com/company/83515781,"Service options,,Online appointments,,On-site services"
AISYSNEXT,https://www.google.com/maps/place/AISYSNEXT/data=!4m7!3m6!1s0xa5d205a528628cef:0xd71c67ce7268a2a2!8m2!3d36.8376952!4d10.2371005!16s%2Fg%2F11lctx072k!19sChIJ74xiKKUF0qURoqJocs5nHNc?authuser=0&hl=en&rclk=1,https://lh3.googleusercontent.com/a/ACg8ocJzrHEgqs_xy_aNl7-vvQAEzVNbwQG-CHlXgD68ljAdruRi1w=w36-h36-p-rp-mo-br100,4.9,Not Available,Software company,"Bloc C, A-29, Lac Malären, Tunis 1053","Monday, 8:30 AM to 5:30 PM,Thursday, 8:30 AM to 5:30 PM,Friday, 8:30 AM to 5:30 PM,Saturday, 9 AM to 1 PM,Sunday, Closed",Not Available,http://aisysnext.com/,27 797 980,"https://lh3.googleusercontent.com/a/ACg8ocJzrHEgqs_xy_aNl7-vvQAEzVNbwQG-CHlXgD68ljAdruRi1w=w36-h36-p-rp-mo-br100,https://lh3.googleusercontent.com/a/ACg8ocIdO4ga3JLTfyub0uJJpp4jl8gzVHaM8Ur8f9lm7QxY7Oyq8g=w36-h36-p-rp-mo-br100,https://lh3.googleusercontent.com/a-/ALV-UjVDjRqIhQj_bn4ZfIx_mmGZ2hB15ddqJU6uFXbT-UOYJ3C50s0U=w36-h36-p-rp-mo-br100,https://lh3.googleusercontent.com/gps-cs-s/AHRPTWnFPGtTV0OX3oLgtQQ6NFRz2vfDFI2Uemlys3zCuqU9Emw7ECH1fjb7t6UYZPM4LpXi2lH1As2ZMQrH12R_f_GZN3mkyTbEB2kQF9rQbqYP2eOHgOh43DGgtYfzXdNMkgwLHhyiTg=w156-h114-p-k-no,https://lh3.googleusercontent.com/gps-cs-s/AHRPTWl-ikUWXkk70QDrqS35-TZYIwsgrG6QPhK_0S8WPzo8pU4_JcB7S06uGucvDbE3LohNqWOlVKZfncL1_APjuG_47k9Fs8ftMmmw9g6Oh44td8wYv9iQasz0RrpWn5JcK0GspDl1jw=w156-h114-p-k-no,https://lh3.googleusercontent.com/gps-cs-s/AHRPTWkhOy25m1P14DzW2RS67xH4Y4OCrigmyJrkB0h3AcNlVrVA8rj4vsmuGYMRLerSDiDFpLTWJxDeWwiyocJ3gLqkubNAawHeeCJzk95HyuK8-qd8usu4NrvyhW8JJFQDN3dFx8e5=w156-h114-p-k-no",36.8376952,10.2371005,contact@aisysnext.com,https://www.facebook.com/aisysnext,Not Available,https://www.instagram.com/aisysnext,Not Available,https://www.linkedin.com/company/aisysnext-internationnal,"Accessibility,,Wheelchair-accessible seating,    From the business,,Identifies as women-owned,    Service options,,Online appointments,,On-site services,    Planning,,Appointment required"
WEBI,https://www.google.com/maps/place/WEBI/data=!4m7!3m6!1s0x12fd4b33a1871827:0xe8cc727da3b796bc!8m2!3d36.868267!4d10.314865!16s%2Fg%2F1tdq36q8!19sChIJJxiHoTNL_RIRvJa3o31yzOg?authuser=0&hl=en&rclk=1,https://lh3.googleusercontent.com/gps-cs-s/AHRPTWl_D3zaw_1ClQ1JwWWpK8rkPUQbnrZro7F_swlAQ2f0-YspH77KpGdIOIeyXy3lUUAhoTtDaoPfcCD5COEMtc6WCCJKgCnayIvPVNzQGir7JEuAafQMkrzW3VlmwqGSnsThZZ_Bf70CEhZ6=w408-h317-k-no,4.9,Not Available,Website designer,Rue Mohamed Bairem 5، La Marsa، 2070,Not Available,Not Available,https://www.webi.tn/,27 707 777,"https://lh3.googleusercontent.com/gps-cs-s/AHRPTWl_D3zaw_1ClQ1JwWWpK8rkPUQbnrZro7F_swlAQ2f0-YspH77KpGdIOIeyXy3lUUAhoTtDaoPfcCD5COEMtc6WCCJKgCnayIvPVNzQGir7JEuAafQMkrzW3VlmwqGSnsThZZ_Bf70CEhZ6=w32-h32-p-k-no,https://lh3.googleusercontent.com/gps-cs-s/AHRPTWl_D3zaw_1ClQ1JwWWpK8rkPUQbnrZro7F_swlAQ2f0-YspH77KpGdIOIeyXy3lUUAhoTtDaoPfcCD5COEMtc6WCCJKgCnayIvPVNzQGir7JEuAafQMkrzW3VlmwqGSnsThZZ_Bf70CEhZ6=w408-h317-k-no,https://lh3.googleusercontent.com/gps-cs-s/AHRPTWl_D3zaw_1ClQ1JwWWpK8rkPUQbnrZro7F_swlAQ2f0-YspH77KpGdIOIeyXy3lUUAhoTtDaoPfcCD5COEMtc6WCCJKgCnayIvPVNzQGir7JEuAafQMkrzW3VlmwqGSnsThZZ_Bf70CEhZ6=w383-h298-k-no,https://lh3.googleusercontent.com/gps-cs-s/AHRPTWn9VeFwAs1uoQKZOJpKjH98c5YwOhewpH7dxjkrlDUCBbLqGUz-OYnobu4sxJnftVhyI1Mw76yy1gkFTUDe8VED8LOT2s6t0JP68_BHWLwyBNma_QDnwmixjSqhzpkd5TNPduqc7LHeUyCm=w447-h298-k-no,https://lh3.googleusercontent.com/a/ACg8ocIO1P7PUUonp1z_beptOQVxdjodQhJNkeRLBAsroWrfKZg0AA=w36-h36-p-rp-mo-br100,https://lh3.googleusercontent.com/a-/ALV-UjUUgdqNgR4lqH80zsMdnJs1U6lBcyCkO1lQZEd9TbqZ5NW0Us0=w36-h36-p-rp-mo-br100,https://lh3.googleusercontent.com/a-/ALV-UjWaQ6Zb8uble98eD983gem2RZMTGHSKDW3JvjfTzLIbzwJMQm8=w36-h36-p-rp-mo-br100",36.868267,10.314865,webitunisie@gmail.com,Not Available,Not Available,https://instagram.com/webi_studio,Not Available,https://www.linkedin.com/company/webi/,"Service options,,Online appointments,,On-site services,    Parking,,Free of charge street parking,,Free parking lot"
Zahou Tech,https://www.google.com/maps/place/Zahou+Tech/data=!4m7!3m6!1s0x12fd33ed8f274d7f:0x737a48fa8053c1a9!8m2!3d36.8229118!4d10.1937563!16s%2Fg%2F11rk24vrrh!19sChIJf00nj-0z_RIRqcFTgPpIenM?authuser=0&hl=en&rclk=1,https://lh3.googleusercontent.com/gps-cs-s/AHRPTWl5kRQOWbhWRqdecAyOoBnL4SFonko-pAmB_lAEx63bS1sRZlipxXugb1Rs8RQ-ycLUZhiyqz1ewedCh-492YFb8ZZ4qrWw1mOldrKe90WBa27-WOEnf0lYFD-TsE0lelNiBmfaHvGi4yAT=w408-h725-k-no,5.0,Not Available,Marketing agency,"Bloc A Bureau A8, Immeuble Zitouna Palace, Rue Omar Kaddeh, Tunis","Monday, 8 AM to 5 PM,Thursday, 8 AM to 5 PM,Friday, 8 AM to 5 PM,Saturday, Closed,Sunday, Closed",Not Available,https://zahou-tech.com/,99 655 495,"https://lh3.googleusercontent.com/gps-cs-s/AHRPTWl5kRQOWbhWRqdecAyOoBnL4SFonko-pAmB_lAEx63bS1sRZlipxXugb1Rs8RQ-ycLUZhiyqz1ewedCh-492YFb8ZZ4qrWw1mOldrKe90WBa27-WOEnf0lYFD-TsE0lelNiBmfaHvGi4yAT=w32-h32-p-k-no,https://lh3.googleusercontent.com/gps-cs-s/AHRPTWl5kRQOWbhWRqdecAyOoBnL4SFonko-pAmB_lAEx63bS1sRZlipxXugb1Rs8RQ-ycLUZhiyqz1ewedCh-492YFb8ZZ4qrWw1mOldrKe90WBa27-WOEnf0lYFD-TsE0lelNiBmfaHvGi4yAT=w408-h725-k-no,https://lh3.googleusercontent.com/gps-cs-s/AHRPTWl5kRQOWbhWRqdecAyOoBnL4SFonko-pAmB_lAEx63bS1sRZlipxXugb1Rs8RQ-ycLUZhiyqz1ewedCh-492YFb8ZZ4qrWw1mOldrKe90WBa27-WOEnf0lYFD-TsE0lelNiBmfaHvGi4yAT=w224-h398-k-no,https://lh3.googleusercontent.com/gps-cs-s/AHRPTWmyv1Eg-EnxLtcUU7AjuQLdwKcso36mwzOckgPAOzoCeqHKpvUj_bS6-o-lBHG1Zqu1Erqj4NeuMIosWnuJHpHXP2bkfQ_PfwDMlTYsBmCsGS0id2QsSx7lj944HGrn4x6W0SW3dhFcj7UK=w224-h398-k-no,https://lh3.googleusercontent.com/gps-cs-s/AHRPTWkPBngLbQQAA5AxQj7n-hLOlUx3TYeANUn5wOjG1qZq8OD34s_RX7AzIQ1_kkaOV-AXyVeb7IgDlepgDq8v4inylYzTDfnpqLFwdbMlL1XlqL8c70LJL7E1cqIBdLOPJS0Io_K5VtQ6Dj-D=w224-h403-k-no,https://streetviewpixels-pa.googleapis.com/v1/thumbnail?panoid=0pBMlDR5Ce7o06iPFsBkCw&cb_client=maps_sv.tactile.gps&w=224&h=298&yaw=162.40479&pitch=0&thumbfov=100,https://lh3.googleusercontent.com/a/ACg8ocLljZUBT_YOALiCPMpImgEVjUnYQon7WtDWIYc4sprFr4AdNQ=w36-h36-p-rp-mo-br100,https://lh3.googleusercontent.com/a/ACg8ocKgIq8fGCjxp1l6J4ZD1mjDKZBxMxquMcf6up6GjQWTAQDoiw=w36-h36-p-rp-mo-br100,https://lh3.googleusercontent.com/a/ACg8ocIdkS5Ghsl4gpTDdr6iB-nNUfUiU50ChFVhZlhjyN3-1KW3ew=w36-h36-p-rp-mo-br100,https://lh3.googleusercontent.com/gps-cs-s/AHRPTWnhFyCexwjcfddKkeuvI9SPKFmqG8wxHMzYdsvyymsltQ_3-uhZnXwiCFM-WgS3L19Pc2LsMU1m_YzUPn7jHQhO-NgNSm4niN0lbG2QrWZbLDep-AT1x4_MJCQS44JzpUAlZhE=w156-h114-p-k-no,https://lh3.googleusercontent.com/gps-cs-s/AHRPTWmPLkptoQM53xSuPoQriqoeNXG43-kL0i04oUH8_Ua4gpP3C1trAUM86i38ANv2N2AVnn-LXV3kp6z4EQlqGP2MWEwkfOP8rcRevnOGThqTZ1zIhr8EGZLZeLMPBomwMCJUrH8=w156-h114-p-k-no",36.8229118,10.1937563,contact@zahou-tech.com,https://www.facebook.com/zahouTech,Not Available,https://www.instagram.com/zahou_tech/,Not Available,https://www.linkedin.com/company/36974641,"From the business,,Identifies as women-owned,    Service options,,Online appointments,,On-site services"
AS Référencement,https://www.google.com/maps/place/AS+R%C3%A9f%C3%A9rencement/data=!4m7!3m6!1s0x12fd34b4740f3dff:0x38b877959f8d7fd7!8m2!3d36.855523!4d10.1874683!16s%2Fg%2F1jgm0sj38!19sChIJ_z0PdLQ0_RIR13-Nn5V3uDg?authuser=0&hl=en&rclk=1,https://lh3.googleusercontent.com/gps-cs-s/AHRPTWkCItGtzJaB7EJLO65PBV8mFXlvT21FCSBNvFIaR-AGE9axSrBFkxIc2oTF32QN7WwFeifebwqQSQndxKcQSKD42PpUwuTHyHLe_FQNvrgDfI7S3c4kZhcipQLQlW5rp2nE2LYnLw=w408-h306-k-no,5.0,Not Available,Internet marketing service,"Av. Habib Bourguiba, Tunis","Monday, 8 AM to 9 PM,Thursday, 8 AM to 9 PM,Friday, 8 AM to 9 PM,Saturday, 8 AM to 5 PM,Sunday, 8 AM to 5 PM",Not Available,https://www.as-referencement.com/,25 693 159,"https://lh3.googleusercontent.com/gps-cs-s/AHRPTWkCItGtzJaB7EJLO65PBV8mFXlvT21FCSBNvFIaR-AGE9axSrBFkxIc2oTF32QN7WwFeifebwqQSQndxKcQSKD42PpUwuTHyHLe_FQNvrgDfI7S3c4kZhcipQLQlW5rp2nE2LYnLw=w32-h32-p-k-no,https://lh3.googleusercontent.com/gps-cs-s/AHRPTWkCItGtzJaB7EJLO65PBV8mFXlvT21FCSBNvFIaR-AGE9axSrBFkxIc2oTF32QN7WwFeifebwqQSQndxKcQSKD42PpUwuTHyHLe_FQNvrgDfI7S3c4kZhcipQLQlW5rp2nE2LYnLw=w408-h306-k-no,https://lh3.googleusercontent.com/gps-cs-s/AHRPTWkCItGtzJaB7EJLO65PBV8mFXlvT21FCSBNvFIaR-AGE9axSrBFkxIc2oTF32QN7WwFeifebwqQSQndxKcQSKD42PpUwuTHyHLe_FQNvrgDfI7S3c4kZhcipQLQlW5rp2nE2LYnLw=w397-h298-k-no,https://lh3.googleusercontent.com/gps-cs-s/AHRPTWmw55ZErENukrE2mv28lQs2EnRBbeNj7RQyRKdeA3DgfiaZziYxazR7MVWRtlt1AD_LdWj8Xy3zUe4n01XLM7J20Wp1zbOYW73jyNTs2OTQCpPdOzgQa6VS5YRE5Q0-tX9GRjS7rA=w397-h298-k-no,https://lh3.googleusercontent.com/gps-cs-s/AHRPTWmwZv3eudHxokkRQP9rMB_O1gWk2W6xa9wuMvT1-Mn3OihjqVtcirpGYI49cJ6bqdbtqI7mVCr0vLfIU3imLcKtpsrbOOP9y5B_ysluamSUquVQ2GnXC8omGm6XaQ7vJjzZCt5n=w397-h298-k-no,https://streetviewpixels-pa.googleapis.com/v1/thumbnail?panoid=q36gYW3OP8UmrCbIgrqxSA&cb_client=maps_sv.tactile.gps&w=224&h=298&yaw=320.04037&pitch=0&thumbfov=100,https://lh3.googleusercontent.com/a-/ALV-UjVfn4EIql5d61KADB-9cKZc9FNSgVVOO_My8c-9GbExPj7X_gc=w36-h36-p-rp-mo-br100,https://lh3.googleusercontent.com/a/ACg8ocI45OWzrWAde1ZshaId2kqx_jSuVXKnKMQim4V8pRadYuEq6g=w36-h36-p-rp-mo-br100,https://lh3.googleusercontent.com/a-/ALV-UjWLIgpVLhok4_XOsv_ggFaLflgBblG7XUYTLoJxTMsKkY4Yyx6k=w36-h36-p-rp-mo-br100,https://lh3.googleusercontent.com/gps-cs-s/AHRPTWmXcHwf7z9cUZ6RuEwHUNEphXwKZ01OSZi4QV7zeqN7kiyyirIjpTN0BVv_ofB64qXDQP8mUFXslS5Q1lEkPpQlH9ujQiNE_CjfqL2GOIQBbZADT_XhozNXqh054PVoGYObUos7dQ=w156-h114-p-k-no,https://lh3.googleusercontent.com/gps-cs-s/AHRPTWnQHB-llpcIO6ssJTIfTokXUovPLVxgXNvwhCRvTSQ3KjiUEO0y_N7TRf3Y0v40pX22OcD20iF6jOmvQAQQ9tVxXF_4Ua1ANuZ-crpCq4dQtnTgtl3wBucAWTu4M6QavOMgSKQm=w156-h114-p-k-no,https://lh3.googleusercontent.com/gps-cs-s/AHRPTWkiN_AnYlokACj3Dnctyq91FJ6HZ7U2QIWSCt9Ydv6F202oNqjqFEe4oaL_taIAh2Caj6MANTrg6AwEIxJkQ8qhksk9c9hDTz4Ba_-lSZ1lsbY_cqoCzsV_u7NZmyuvwsUNwqr5aQ=w156-h114-p-k-no",36.855523,10.1874683,contact@as-referencement.com,https://www.facebook.com/referencementas,Not Available,https://www.instagram.com/as.referencement/,https://www.youtube.com/@AchrafOuanes-AS-Referencement,https://www.linkedin.com/company/as-r-f-rencement/,"Service options,,Online appointments,,On-site services,    Amenities,,Gender-neutral toilets,    Planning,,Appointment required,    Parking,,Free of charge street parking,,Free parking lot"
TANIT WEB,https://www.google.com/maps/place/TANIT+WEB/data=!4m7!3m6!1s0x12fd3489bc0a13f5:0x14579de40e68a49e!8m2!3d36.818762!4d10.1853171!16s%2Fg%2F11_f3480_!19sChIJ9RMKvIk0_RIRnqRoDuSdVxQ?authuser=0&hl=en&rclk=1,https://lh3.googleusercontent.com/gps-cs-s/AHRPTWmpd_aBfpBhXUYORahc4ewj_PvASace8tNZ2jgXUNXGxtPMsUwYCqDN0DeNv6FTJML3ioRlTixtKrIWIX6NbZcaE7AMfiE5eLDwtjrBhefB8ZcYyCncHYFjYvecx82AH8JFJzCJQXKy97WX=w564-h240-k-no,4.0,Not Available,Software company,"Narimen, Chott Mariem, Tunis 1073","Monday, 8 AM to 5 PM,Thursday, 8 AM to 5 PM,Friday, 8 AM to 5 PM,Saturday, Closed,Sunday, Closed",Not Available,https://www.tanitweb.com/,71 900 906,"https://lh3.googleusercontent.com/gps-cs-s/AHRPTWmpd_aBfpBhXUYORahc4ewj_PvASace8tNZ2jgXUNXGxtPMsUwYCqDN0DeNv6FTJML3ioRlTixtKrIWIX6NbZcaE7AMfiE5eLDwtjrBhefB8ZcYyCncHYFjYvecx82AH8JFJzCJQXKy97WX=w32-h32-p-k-no,https://lh3.googleusercontent.com/gps-cs-s/AHRPTWmpd_aBfpBhXUYORahc4ewj_PvASace8tNZ2jgXUNXGxtPMsUwYCqDN0DeNv6FTJML3ioRlTixtKrIWIX6NbZcaE7AMfiE5eLDwtjrBhefB8ZcYyCncHYFjYvecx82AH8JFJzCJQXKy97WX=w564-h240-k-no,https://lh3.googleusercontent.com/gps-cs-s/AHRPTWmpd_aBfpBhXUYORahc4ewj_PvASace8tNZ2jgXUNXGxtPMsUwYCqDN0DeNv6FTJML3ioRlTixtKrIWIX6NbZcaE7AMfiE5eLDwtjrBhefB8ZcYyCncHYFjYvecx82AH8JFJzCJQXKy97WX=w701-h298-k-no,https://lh3.googleusercontent.com/a/ACg8ocI-uP550zejvdH_rtwLK3FTUYMHC47P-xzkKu8K7jmJPLlJ_Q=w36-h36-p-rp-mo-br100,https://lh3.googleusercontent.com/a/ACg8ocI9cKDrB7dFDVCa0FpWkM1IG9qJ3cRZAUa2J7FEp6eDszTxgw=w36-h36-p-rp-mo-br100,https://lh3.googleusercontent.com/a-/ALV-UjV9VhgG5NcJERdkCk8NpdvRDJq5g2d3MUtvsvLMeWFHstgfZNWF=w36-h36-p-rp-mo-br100,https://lh3.googleusercontent.com/gps-cs-s/AHRPTWnzSEiRQMUCH_CuokTPjbrydGAG4MGqeWtKY1q0Rn8ymR6I_f50NtYoItGwqh0hmNdKNjuiZVXcc9bKbGiHorFEjohE-Z_IOdLp3Wog1Vv2MoExvahhdpaLcQcjocD2G1_dC1v_og=w156-h114-p-k-no,https://lh3.googleusercontent.com/gps-cs-s/AHRPTWkEi6Y3Orl7h18g5-Fw-AAmHuGRk47_pt2rZ57eRFcjz7S77HhvvWU86VHMUP7aDEARBeloNmBcAjs_w-pzthhB69fXYAGWOstqShCRW0VG3udZuFTXRnqMAV34iqolKuPDcXyNmg=w156-h114-p-k-no",36.818762,10.1853171,Contact@tanitweb.com,https://www.facebook.com/tanitweb,https://twitter.com/tanitweb,https://www.instagram.com/tanitweb/,Not Available,https://www.linkedin.com/company/tanitweb/,Not Available
Medius,https://www.google.com/maps/place/Medius/data=!4m7!3m6!1s0x12fd4bb4756b32ef:0x9b5b5e93ea63be5c!8m2!3d36.8314208!4d10.232271!16s%2Fg%2F11j2ns1wzx!19sChIJ7zJrdbRL_RIRXL5j6pNeW5s?authuser=0&hl=en&rclk=1,https://lh3.googleusercontent.com/gps-cs-s/AHRPTWliCC9OnIJWfJT50EiSJNoAxbMdki0Fruss9noFNJEt9MjLtE65dqsiUmG5zklEgzUG-Bu7PRZptspnKbFIfNW0Xo2hZzywOKN_3TlnkIp1eXza5hEYAz4YuKUKibWhp1M8pA0=w408-h306-k-no,4.9,Not Available,Software company,"Rue du Lac Biwa, Tunis","Monday, 9 AM to 6 PM,Thursday, 9 AM to 6 PM,Friday, 9 AM to 6 PM,Saturday, Closed,Sunday, Closed",Not Available,https://www.expensya.com/,+33 1 85 09 28 40,"https://lh3.googleusercontent.com/gps-cs-s/AHRPTWliCC9OnIJWfJT50EiSJNoAxbMdki0Fruss9noFNJEt9MjLtE65dqsiUmG5zklEgzUG-Bu7PRZptspnKbFIfNW0Xo2hZzywOKN_3TlnkIp1eXza5hEYAz4YuKUKibWhp1M8pA0=w32-h32-p-k-no,https://lh3.googleusercontent.com/gps-cs-s/AHRPTWliCC9OnIJWfJT50EiSJNoAxbMdki0Fruss9noFNJEt9MjLtE65dqsiUmG5zklEgzUG-Bu7PRZptspnKbFIfNW0Xo2hZzywOKN_3TlnkIp1eXza5hEYAz4YuKUKibWhp1M8pA0=w408-h306-k-no,https://lh3.googleusercontent.com/gps-cs-s/AHRPTWliCC9OnIJWfJT50EiSJNoAxbMdki0Fruss9noFNJEt9MjLtE65dqsiUmG5zklEgzUG-Bu7PRZptspnKbFIfNW0Xo2hZzywOKN_3TlnkIp1eXza5hEYAz4YuKUKibWhp1M8pA0=w397-h298-k-no,https://lh3.googleusercontent.com/gps-cs-s/AHRPTWlse0o9bni1Cq9yDGs5p7dU97uxVPkPQNUbsn3LT4REcEbUKxZXvJgsOKLxxrE6eYOCR3S9PihB_cMCGoHC4dyzVmCEwCt5YNjZ1KQx8NbJNE2dwPrfFAfwJwXaJmUSYvrBcDQS=w224-h398-k-no,https://lh3.googleusercontent.com/a-/ALV-UjUQufuLuoJTHmP_jF7lNvUQhuRVKmpnGkJFjJGbbHf2LJ36y7mNLA=w36-h36-p-rp-mo-ba12-br100,https://lh3.googleusercontent.com/a-/ALV-UjWaLo5NVpvgLSe70Wjz5ekg_FUELN0pGO5qHm3VI_rWIzCjVFaL=w36-h36-p-rp-mo-ba12-br100,https://lh3.googleusercontent.com/a/ACg8ocIGPYzOczW4ZrNfC5zyVQ3jstt3HyAt_A2xXls2zxbp4YX3Mw=w36-h36-p-rp-mo-br100,https://lh3.googleusercontent.com/gps-cs-s/AHRPTWmUOSpYuJARzmg_Ugnma6UiNh6P1H2s7M_1FHTq9SITFhOjFv3tisCeQahBhs98q79J61qoVHE_CPyyePo3nuaDzd9_gT5-cmWU_3yKedmOdTtm_jY4JydKdhsEiYivM-zNS1NnWw=w156-h114-p-k-no,https://lh3.googleusercontent.com/gps-cs-s/AHRPTWmcD3kPwTU2D5RHezCWiYmKMtr1eJfi1mCbnWg2Kcwn0v_fM1AjM4n2OmfT1ICfGKChiCIUbj3LhLb3D7MGq5A6X7GJ46HQOVE8zZ04QevUIKPx0TdjCGx8D9vRsjUiWwDi8uck=w156-h114-p-k-no,https://lh3.googleusercontent.com/gps-cs-s/AHRPTWmtURcqXObwMyivpGCFHzmuYUbSxAPPlwfGtN8eI6oIFCebpIYAU7M7P08UMcmHlAFLkf3Q1ONm6JP49-RdwT9Staqw8qaM4Cnx_nOKLob6ly5yUCI8tE36BjfFZpVmA1gF9KxRQw=w156-h114-p-k-no",36.8314208,10.232271,info.france@medius.com,https://www.facebook.com/ExpensyaFR/,https://twitter.com/Expensya,https://www.instagram.com/expensya/,Not Available,https://www.linkedin.com/company/expensya,"Accessibility,,Wheelchair-accessible car park,,Wheelchair-accessible entrance"
Winit Tunisia - Erp - Sap Partner,https://www.google.com/maps/place/Winit+Tunisia+-+Erp+-+Sap+Partner/data=!4m7!3m6!1s0x12fd4bc82fc7889d:0x847480120b6bf8c5!8m2!3d36.8477534!4d10.2671394!16s%2Fg%2F11h2whyz9d!19sChIJnYjHL8hL_RIRxfhrCxKAdIQ?authuser=0&hl=en&rclk=1,https://lh3.googleusercontent.com/gps-cs-s/AHRPTWmtURcqXObwMyivpGCFHzmuYUbSxAPPlwfGtN8eI6oIFCebpIYAU7M7P08UMcmHlAFLkf3Q1ONm6JP49-RdwT9Staqw8qaM4Cnx_nOKLob6ly5yUCI8tE36BjfFZpVmA1gF9KxRQw=w408-h252-k-no,5.0,Not Available,Information services,"App B11, Imm MOLKA, 1053 Avenue De La Bourse، Tunis","Monday, 8 AM to 6 PM,Thursday, 8 AM to 6 PM,Friday, 8 AM to 6 PM,Saturday, Closed,Sunday, Closed",Not Available,https://www.winit.com.tn/,22 595 515,"https://lh3.googleusercontent.com/gps-cs-s/AHRPTWmtURcqXObwMyivpGCFHzmuYUbSxAPPlwfGtN8eI6oIFCebpIYAU7M7P08UMcmHlAFLkf3Q1ONm6JP49-RdwT9Staqw8qaM4Cnx_nOKLob6ly5yUCI8tE36BjfFZpVmA1gF9KxRQw=w32-h32-p-k-no,https://lh3.googleusercontent.com/gps-cs-s/AHRPTWmtURcqXObwMyivpGCFHzmuYUbSxAPPlwfGtN8eI6oIFCebpIYAU7M7P08UMcmHlAFLkf3Q1ONm6JP49-RdwT9Staqw8qaM4Cnx_nOKLob6ly5yUCI8tE36BjfFZpVmA1gF9KxRQw=w408-h252-k-no,https://lh3.googleusercontent.com/gps-cs-s/AHRPTWmtURcqXObwMyivpGCFHzmuYUbSxAPPlwfGtN8eI6oIFCebpIYAU7M7P08UMcmHlAFLkf3Q1ONm6JP49-RdwT9Staqw8qaM4Cnx_nOKLob6ly5yUCI8tE36BjfFZpVmA1gF9KxRQw=w482-h298-k-no,https://lh3.googleusercontent.com/a/ACg8ocLmXa9fRblQXcdQtpy_EJSrCVcVYaAXmAto-qpOCMpreb4PFA=w36-h36-p-rp-mo-br100,https://lh3.googleusercontent.com/a-/ALV-UjU1QTEBSxJr_HABTyotWhXs8S0ua_K6IZ_R6n5QmFzNIq1ccjBf=w36-h36-p-rp-mo-br100,https://lh3.googleusercontent.com/a/ACg8ocIZxXbX-QU5wC2ZT7joE5nifXODNt6nFJIuMRagzFC_Kjq7dg=w36-h36-p-rp-mo-br100",36.8477534,10.2671394,AbdelkrimBenFarhat@winit.com.tn,https://www.facebook.com/WinitTunisia,https://twitter.com/WixFrance,Not Available,Not Available,Not Available,"Accessibility,,Wheelchair-accessible entrance"
Kaoun,https://www.google.com/maps/place/Kaoun/data=!4m7!3m6!1s0x12fd35fff0c2f0bd:0x9420e251dd86ad27!8m2!3d36.8343719!4d10.2999422!16s%2Fg%2F11g0htz5j7!19sChIJvfDC8P81_RIRJ62G3VHiIJQ?authuser=0&hl=en&rclk=1,https://lh3.googleusercontent.com/gps-cs-s/AHRPTWkhQUgxh_S_EAhJjjMMdX0GYA7agk8a0rHd_1DamdJThpVkdzyczwK7oXyu-AO9IRQHtKXnUfxV1vqdN6fv5EBIK26pQkQBLloNo6F_sE33Mk3KSK7d8Y8IIxIiPs3cj8n6oDpJ=w408-h408-k-no,4.8,Not Available,Software company,"Lac III, Tunis 2015","Monday, 9 AM to 6 PM,Thursday, 9 AM to 6 PM,Friday, 9 AM to 6 PM,Saturday, Closed,Sunday, Closed",Not Available,https://www.kaoun.com/,31 334 400,"https://lh3.googleusercontent.com/gps-cs-s/AHRPTWkhQUgxh_S_EAhJjjMMdX0GYA7agk8a0rHd_1DamdJThpVkdzyczwK7oXyu-AO9IRQHtKXnUfxV1vqdN6fv5EBIK26pQkQBLloNo6F_sE33Mk3KSK7d8Y8IIxIiPs3cj8n6oDpJ=w32-h32-p-k-no,https://lh3.googleusercontent.com/gps-cs-s/AHRPTWkhQUgxh_S_EAhJjjMMdX0GYA7agk8a0rHd_1DamdJThpVkdzyczwK7oXyu-AO9IRQHtKXnUfxV1vqdN6fv5EBIK26pQkQBLloNo6F_sE33Mk3KSK7d8Y8IIxIiPs3cj8n6oDpJ=w408-h408-k-no,https://lh3.googleusercontent.com/gps-cs-s/AHRPTWkhQUgxh_S_EAhJjjMMdX0GYA7agk8a0rHd_1DamdJThpVkdzyczwK7oXyu-AO9IRQHtKXnUfxV1vqdN6fv5EBIK26pQkQBLloNo6F_sE33Mk3KSK7d8Y8IIxIiPs3cj8n6oDpJ=w298-h298-k-no,https://lh3.googleusercontent.com/a/ACg8ocIxEb8V9MFlxx2XOGafeXpLljXaQNer7PXN5DlByo1UykC00FI=w36-h36-p-rp-mo-ba12-br100,https://lh3.googleusercontent.com/a-/ALV-UjXoahyamu91LtWgzGqXryz7y9LfvNXEbZTmUZzm8zK7O34lD9UD=w36-h36-p-rp-mo-br100,https://lh3.googleusercontent.com/a-/ALV-UjXAuTGWGKC9pgBXJhx-gM7zie86Bl-SAxJqz2Ejnb20PdZDPV_R5w=w36-h36-p-rp-mo-ba12-br100,https://lh3.googleusercontent.com/gps-cs-s/AHRPTWlNAl7g5HhlyHFKZ-9bzIdlHZzqdgh37waI48eQuKlLdW276w9c5tjt2rxR1zr9hJZL1tBoLb_PCu-6mmOgYlhtgKg5CHybmUPwYKklPZWY_d4GeRMJdOJMPlFIuB8bMx36b5mPQg=w156-h114-p-k-no,https://lh3.googleusercontent.com/gps-cs-s/AHRPTWnEbQ0S4v-p0wmoC8Xr3tK3gWlhgDfCweDQcgxjw24FG91ZpZgFpaaJK4EWRN8OrVn5f4Vk_9mEtyjzDH_dfE2IH7eNy0KCdqMeeLpWdIipvSaPQFjwOlnlZOb9SEQEapEMVTk=w156-h114-p-k-no,https://lh3.googleusercontent.com/gps-cs-s/AHRPTWmcD3kPwTU2D5RHezCWiYmKMtr1eJfi1mCbnWg2Kcwn0v_fM1AjM4n2OmfT1ICfGKChiCIUbj3LhLb3D7MGq5A6X7GJ46HQOVE8zZ04QevUIKPx0TdjCGx8D9vRsjUiWwDi8uck=w156-h114-p-k-no,https://lh3.googleusercontent.com/gps-cs-s/AHRPTWnfsz5fmQQtZ35C2Q3oDpa98UsEj1bah9395Lgx2oSAWkma-2PW8sITHjYF0RK_Reo8OJ7LwVVpsDBbKiz6Etd9N4poBqHX_ZBEmN4kFtLLNK3Nci0lMmT1bvqWGw7tf4JKld8t=w156-h114-p-k-no,https://lh3.googleusercontent.com/gps-cs-s/AHRPTWnKThXyAd5qW10EVYMemUMtrnHDxs4vIGEyHaztQZ3abUSJpw7ftPVmnTikcheJdaARYf79fHWclb_EawmVFRQ3_XgVJhNjdyOqdNS1Vd8CwnlZC6MN-TM1vqtD6ikf92K3Ywsc=w156-h114-p-k-no",36.8343719,10.2999422,contact@flouci.com,https://www.facebook.com/flouci,Not Available,https://www.instagram.com/flouci__/,Not Available,https://tn.linkedin.com/company/flouci,"Accessibility,,Wheelchair-accessible car park,,Wheelchair-accessible entrance"
Ingenius IT - Société informatique Tunisie,https://www.google.com/maps/place/Ingenius+IT+-+Soci%C3%A9t%C3%A9+informatique+Tunisie/data=!4m7!3m6!1s0x12fd33056c5828d5:0xc0061a0f77167288!8m2!3d36.857604!4d10.1581233!16s%2Fg%2F11krgxmqpr!19sChIJ1ShYbAUz_RIRiHIWdw8aBsA?authuser=0&hl=en&rclk=1,https://lh3.googleusercontent.com/gps-cs-s/AHRPTWmdLD1yAyBwJ5fSqDy2hTDQUhAc1s003te6QVzPv1CWPbqMwbmRFKhK2RkgvXo82M7NYcLgoxOlO-yIQMNJL2pN0XGYRqwasPOTw1tP-EVsbc8m4XA9pc-KqBgkEufP176srr8Y=w408-h306-k-no,4.8,Not Available,Computer security service,"ENNASR 2, immeuble L'ALKAZAR, Appartement d5-2, Ariana 2037","Monday, 8 AM to 10 PM,Thursday, 8 AM to 10 PM,Friday, 8 AM to 10 PM,Saturday, 8 AM to 5 PM,Sunday, Closed",Not Available,https://ingeniusit.com/,92 682 923,"https://lh3.googleusercontent.com/gps-cs-s/AHRPTWmdLD1yAyBwJ5fSqDy2hTDQUhAc1s003te6QVzPv1CWPbqMwbmRFKhK2RkgvXo82M7NYcLgoxOlO-yIQMNJL2pN0XGYRqwasPOTw1tP-EVsbc8m4XA9pc-KqBgkEufP176srr8Y=w32-h32-p-k-no,https://lh3.googleusercontent.com/gps-cs-s/AHRPTWmdLD1yAyBwJ5fSqDy2hTDQUhAc1s003te6QVzPv1CWPbqMwbmRFKhK2RkgvXo82M7NYcLgoxOlO-yIQMNJL2pN0XGYRqwasPOTw1tP-EVsbc8m4XA9pc-KqBgkEufP176srr8Y=w408-h306-k-no,https://lh3.googleusercontent.com/gps-cs-s/AHRPTWmdLD1yAyBwJ5fSqDy2hTDQUhAc1s003te6QVzPv1CWPbqMwbmRFKhK2RkgvXo82M7NYcLgoxOlO-yIQMNJL2pN0XGYRqwasPOTw1tP-EVsbc8m4XA9pc-KqBgkEufP176srr8Y=w397-h298-k-no,https://lh3.googleusercontent.com/gps-cs-s/AHRPTWnT-jp7z5e2E-eEXljT9CpmBNxupsgd3OjkVIIIXgebcidbBj_npxwDAEaCOqXeRNJF9jLXVqpNvpcTTpeHd2n0aFlF9eibHggY984wkiEYGvhjF4JtmEZ_N49QKtEh4V5mPw_6=w224-h298-k-no,https://lh3.googleusercontent.com/gps-cs-s/AHRPTWkpVkXpONjbqvn6eK54BULuzkUQXhJEUlm-Stz_EXexRdl1lqdOFlkuSwFf_x2eY8WDX1f4NvZsh_VUPXtMKoAJ103wwBhd3vrWb6cRn1DNBaHzLgeu7JleKad9YEz75RASYLI5=w224-h398-k-no,https://lh3.googleusercontent.com/a/ACg8ocKiwky2cumZ2pbjoS29YlEHCcObDfKMuwooL244SgLeG1rCCw=w36-h36-p-rp-mo-br100,https://lh3.googleusercontent.com/a-/ALV-UjWdq-lJp1eFdj353XuGdmGo8iw-oQ-qrCk-Raj1443qeeXJgPM=w36-h36-p-rp-mo-br100,https://lh3.googleusercontent.com/a-/ALV-UjVHqbDc1NAKV_N1C-Qy9UuJUYaENsoIV0sBB18VQ6FSQMCEc5Q=w36-h36-p-rp-mo-br100,https://lh3.googleusercontent.com/gps-cs-s/AHRPTWkk8HsfUKYVgQVBlgtQ7fCBBBIz8qxyeE_3lSfPmdHq8pVle4Lto-C1kU6VpqNtPPoduZLTYztIJxSXCDDqIAdowj6nBvLwkYY_VUYwcWzu8p5yoB14Z_AUZvN3YW9BSBfhR38=w156-h114-p-k-no,https://lh3.googleusercontent.com/gps-cs-s/AHRPTWkSsNHKhmoapIlZGZiu_h_9eQuKHQ-ODNNNef1yJlth-XqoqE6HT-QC_uwt1fk8gZLW6wzk9ecZiGc6hCilXLTcMeE16J-ClOV0yeGfjWjbrHDQkUlFdN-NuU4H53rRE4IFeoqkWTE41juc=w156-h114-p-k-no",36.857604,10.1581233,contact@ingeniusit.com,Not Available,Not Available,Not Available,Not Available,Not Available,"Service options,,Online appointments,,On-site services,    Amenities,,Gender-neutral toilets"
eDonec,https://www.google.com/maps/place/eDonec/data=!4m7!3m6!1s0x12e2cb6a9493066f:0xa37b6a9be588ff8e!8m2!3d36.8600178!4d10.2599801!16s%2Fg%2F11fs0g6t1r!19sChIJbwaTlGrL4hIRjv-I5Ztqe6M?authuser=0&hl=en&rclk=1,https://lh3.googleusercontent.com/a-/ALV-UjUFb2EcKQniARGh5KgvsZ4ispvuXdMUorKUEHMcOiOQlj1oV5ob=w36-h36-p-rp-mo-br100,5.0,Not Available,Software company,"2ᵉ étage, 6 Rue de l’environnement, Tunis 2045","Monday, 9 AM to 5 PM,Thursday, 9 AM to 5 PM,Friday, 9 AM to 5 PM,Saturday, Closed,Sunday, Closed",Not Available,Not Available,25 652 424,"https://lh3.googleusercontent.com/a-/ALV-UjUFb2EcKQniARGh5KgvsZ4ispvuXdMUorKUEHMcOiOQlj1oV5ob=w36-h36-p-rp-mo-br100,https://lh3.googleusercontent.com/a-/ALV-UjU09OhfY5b1GsdirVz08XWNcmFHfFqexbisDfAT_moA1wTUtcm5=w36-h36-p-rp-mo-br100,https://lh3.googleusercontent.com/a/ACg8ocL--j6sujJg0XX6RxeRwAfbdeVTLb_RN3ISMy6Yppl_ojbS2A=w36-h36-p-rp-mo-ba12-br100,https://lh3.googleusercontent.com/gps-cs-s/AHRPTWnyzpM_KlQ__RxKjTu-Ej26f3r9NCR9ekZ73SNjeuPJWHqZdH4anXVNTrcu4d02dHnxtmIqFP3tUCCD7K_uVj_33-oDcohyiFP9eU7WaxlyAyqSmpszTVwLt2gv48wla5KwzOIz=w156-h114-p-k-no",36.8600178,10.2599801,Not Available,Not Available,Not Available,Not Available,Not Available,Not Available,Not Available
Devlopy,https://www.google.com/maps/place/Devlopy/data=!4m7!3m6!1s0x12fd3507a16309ad:0x2fd99f7f347e8289!8m2!3d36.8404523!4d10.2456471!16s%2Fg%2F11fnx1m4ds!19sChIJrQljoQc1_RIRiYJ-NH-f2S8?authuser=0&hl=en&rclk=1,https://lh3.googleusercontent.com/a/ACg8ocLiYKY4zr6NLrOwZo3JesRxJA3NDbn-vkalZs4quY38wq-hhg=w36-h36-p-rp-mo-br100,5.0,Not Available,Software company,"Rue des Lacs de Mazurie, Tunis 1053","Monday, 9 AM to 7 PM,Thursday, 9 AM to 7 PM,Friday, 9 AM to 7 PM,Saturday, 9 AM to 3:30 PM,Sunday, Closed",Not Available,https://devlopy.tn/,93 013 083,"https://lh3.googleusercontent.com/a/ACg8ocLiYKY4zr6NLrOwZo3JesRxJA3NDbn-vkalZs4quY38wq-hhg=w36-h36-p-rp-mo-br100,https://lh3.googleusercontent.com/gps-cs-s/AHRPTWnKThXyAd5qW10EVYMemUMtrnHDxs4vIGEyHaztQZ3abUSJpw7ftPVmnTikcheJdaARYf79fHWclb_EawmVFRQ3_XgVJhNjdyOqdNS1Vd8CwnlZC6MN-TM1vqtD6ikf92K3Ywsc=w156-h114-p-k-no,https://lh3.googleusercontent.com/gps-cs-s/AHRPTWnEbQ0S4v-p0wmoC8Xr3tK3gWlhgDfCweDQcgxjw24FG91ZpZgFpaaJK4EWRN8OrVn5f4Vk_9mEtyjzDH_dfE2IH7eNy0KCdqMeeLpWdIipvSaPQFjwOlnlZOb9SEQEapEMVTk=w156-h114-p-k-no,https://lh3.googleusercontent.com/gps-cs-s/AHRPTWmuMr0X-OfbxD0BWAbr7ABpELO_S5beoI56YoTnXcgMollMHGzrZ3mKFMWQVP9bSGObCOTbx5xqoEMWzBGrKqSPx6u4bjIMSh1lJ9XX7mK5QeG4XR5G78FG6SbVuYM8KwvNm3uRfg=w156-h114-p-k-no",36.8404523,10.2456471,Contact@devlopy.tn,https://www.facebook.com/devlopy,Not Available,https://www.instagram.com/devlopy/,Not Available,https://www.linkedin.com/company/devlopy,Not Available
Digital rise solutions | SEO | référencement naturel | Agence SEO Tunisie | سيو,https://www.google.com/maps/place/Digital+rise+solutions+%7C+SEO+%7C+r%C3%A9f%C3%A9rencement+naturel+%7C+Agence+SEO+Tunisie+%7C+%D8%B3%D9%8A%D9%88%E2%80%AD/data=!4m7!3m6!1s0x12fdc56894569dfd:0x984d0d124496d953!8m2!3d35.6563556!4d10.0843537!16s%2Fg%2F11sjjy7jqw!19sChIJ_Z1WlGjF_RIRU9mWRBINTZg?authuser=0&hl=en&rclk=1,https://lh3.googleusercontent.com/gps-cs-s/AHRPTWlitS19ojHs2bec4nrtAUbvVeCiy2v8I7jB_-nktCWDi1L3TXbOTP1Gf9f_yAhYg68As0yNEz99yNbp6QX5-DUbmhEQgWdgvHWxsaaLhL0usJJLWoNdgpHwgqcyJE94ZCb3rTM=w426-h240-k-no,5.0,Not Available,Internet marketing service,"hassan hlel, Kairouan 3100","Monday, 8 AM to 6 PM,Thursday, 8 AM to 6 PM,Friday, 8 AM to 6 PM,Saturday, 8 AM to 6 PM,Sunday, Closed",Not Available,https://digital-rise-solutions.com/,22 105 514,"https://lh3.googleusercontent.com/gps-cs-s/AHRPTWlitS19ojHs2bec4nrtAUbvVeCiy2v8I7jB_-nktCWDi1L3TXbOTP1Gf9f_yAhYg68As0yNEz99yNbp6QX5-DUbmhEQgWdgvHWxsaaLhL0usJJLWoNdgpHwgqcyJE94ZCb3rTM=w32-h32-p-k-no,https://lh3.googleusercontent.com/gps-cs-s/AHRPTWlitS19ojHs2bec4nrtAUbvVeCiy2v8I7jB_-nktCWDi1L3TXbOTP1Gf9f_yAhYg68As0yNEz99yNbp6QX5-DUbmhEQgWdgvHWxsaaLhL0usJJLWoNdgpHwgqcyJE94ZCb3rTM=w426-h240-k-no,https://lh3.googleusercontent.com/gps-cs-s/AHRPTWlitS19ojHs2bec4nrtAUbvVeCiy2v8I7jB_-nktCWDi1L3TXbOTP1Gf9f_yAhYg68As0yNEz99yNbp6QX5-DUbmhEQgWdgvHWxsaaLhL0usJJLWoNdgpHwgqcyJE94ZCb3rTM=w529-h298-k-no,https://lh3.googleusercontent.com/gps-cs-s/AHRPTWlKqp7qXTS-BX3mE_capZPUyTotXorLqSkxz1tKATGyxSNW5KZVh-ZfkYsMfvb0I_l54LPAzc5FamzHkvnbF3hYFSdbZbhuy26IC1Amm4cgMlyQJEUr8VFjb0uUjHFISoTc6zWwnw=w397-h298-k-no,https://lh3.googleusercontent.com/gps-cs-s/AHRPTWnfhczH7iqCpE_DXapIE3rRhGXUaYAAr3su875L1DRjt_-VIfeGg77cv7BkkhMyDuXmymFe7RrAMfNSTRblwWW5_MyToUghoQd4PUcDtwrU6jT-T8XAUkKiAwzqOemPclN4HO0zYw=w224-h398-k-no,https://lh3.googleusercontent.com/gps-cs-s/AHRPTWl6J28ClIQooiVnrIXaSg8KyaIK8FtoaXLR13dzBCHO1bs6JJqxAe9TOs_Dj29SQNVPXY8Anqb7n6DRFoqKnLzXY2s6pKIbQ5fJp3FeMwL0GZjQOND1DVEIMp9fQ6SbGofTzxe0QA=w373-h298-k-no,https://lh3.googleusercontent.com/a-/ALV-UjXe3sV2wYV1PP9HQZG8b0KQ7LvNOzpUAqcUo3j6JaXKGCHQjOc=w36-h36-p-rp-mo-br100,https://lh3.googleusercontent.com/a/ACg8ocLpENsCmEmrY8EbsUTsFkBz-tpCnnUFDQPoO-spkFglYIDjzA=w36-h36-p-rp-mo-br100,https://lh3.googleusercontent.com/a-/ALV-UjV3PHiylXAmsqf91PBvs1toUibcDdxICoLd1a27TsmIVFRz704=w36-h36-p-rp-mo-ba12-br100,https://lh3.googleusercontent.com/gps-cs-s/AHRPTWly7KIXfN8EQZn2wMal9XwfTHivaKWrAOvwjAu-0QwJI6aPw_oDCerF6QdfyRVxWV5ZQGdCmExDVQzAg2MGEUTCgKzoyleCT2YzZTbfosh6YmpKl0xFkmxSq9zDpLaQTvZC8SJT=w156-h114-p-k-no,https://lh3.googleusercontent.com/gps-cs-s/AHRPTWn2R8dx2BzaL9IWVmkSRwO62WxXgmFYN6_aw0tECAgeSC_JRSlxZDtnKDBMrjZgmQJavZBbRGO6pVsE893xZStvHNY8ztrOyFw0z6-Ohloe_G4Y7dRwKbrHjdfm4wa6kVwt28NV=w156-h114-p-k-no",35.6563556,10.0843537,amira@digital-rise-solutions.com,https://www.facebook.com/share/1CBYdb6KLA/,Not Available,https://www.instagram.com/digital_rise_solutions/,https://www.youtube.com/@DIGITALRISESOLUTIONS,https://www.linkedin.com/company/92480443,"Accessibility,,Wheelchair-accessible entrance,,Wheelchair-accessible seating,,Wheelchair-accessible toilet,    From the business,,Identifies as women-owned,    Service options,,Online appointments,,On-site services,    Planning,,Appointment required"
EcoVadis Tunisia,https://www.google.com/maps/place/EcoVadis+Tunisia/data=!4m7!3m6!1s0x12fd34c5c697cccf:0x1155cfa0bc8b2bea!8m2!3d36.8464469!4d10.2010702!16s%2Fg%2F11hcxgps6q!19sChIJz8yXxsU0_RIR6iuLvKDPVRE?authuser=0&hl=en&rclk=1,https://lh3.googleusercontent.com/gps-cs-s/AHRPTWkKKapw3yKZNhqRTIr_34bzdDEz7HqEdvBoQpaJCtdXtPX75Y4xWyfBV2BsChIC9qSG-4CeP3NyZJxCd6xrqLEr2tra4vhYmUjIperihP6N1b0YUNoyVTdDm-mP3tChOfvu8uOSzQ=w558-h240-k-no,5.0,Not Available,Software company,Tunis,"Monday, 8 AM to 5:30 PM,Thursday, 8 AM to 5:30 PM,Friday, 8 AM to 5:30 PM,Saturday, Closed,Sunday, Closed",Not Available,http://www.ecovadis.com/,Not Available,"https://lh3.googleusercontent.com/gps-cs-s/AHRPTWkKKapw3yKZNhqRTIr_34bzdDEz7HqEdvBoQpaJCtdXtPX75Y4xWyfBV2BsChIC9qSG-4CeP3NyZJxCd6xrqLEr2tra4vhYmUjIperihP6N1b0YUNoyVTdDm-mP3tChOfvu8uOSzQ=w32-h32-p-k-no,https://lh3.googleusercontent.com/gps-cs-s/AHRPTWkKKapw3yKZNhqRTIr_34bzdDEz7HqEdvBoQpaJCtdXtPX75Y4xWyfBV2BsChIC9qSG-4CeP3NyZJxCd6xrqLEr2tra4vhYmUjIperihP6N1b0YUNoyVTdDm-mP3tChOfvu8uOSzQ=w558-h240-k-no,https://lh3.googleusercontent.com/gps-cs-s/AHRPTWkKKapw3yKZNhqRTIr_34bzdDEz7HqEdvBoQpaJCtdXtPX75Y4xWyfBV2BsChIC9qSG-4CeP3NyZJxCd6xrqLEr2tra4vhYmUjIperihP6N1b0YUNoyVTdDm-mP3tChOfvu8uOSzQ=w693-h298-k-no,https://lh3.googleusercontent.com/gps-cs-s/AHRPTWkzG6vER3tykJv7KNyZnwdRp8b0fA2S-sePHLFrcW15WkVpvue1QHnONHxKBx4K-4gz4c2yQ1CYaNg4SzYh6SbUB6i2cPoX1fj0hrNWhVVcfDp1R5FxjzJaH6BfGmSy81H1tTqH-w=w894-h298-k-no,https://lh3.googleusercontent.com/a-/ALV-UjXuXBS_cYUj926INyjJFjJJsbYHP4jrlFvBJb4UbK_xwuliPBkU=w36-h36-p-rp-mo-ba12-br100,https://lh3.googleusercontent.com/a-/ALV-UjVKZJ2UesF1ZZF3mIWuF60XWM5-rQ2XM485Q7u0VciZqpX9ygaJCg=w36-h36-p-rp-mo-ba12-br100,https://lh3.googleusercontent.com/gps-cs-s/AHRPTWnKThXyAd5qW10EVYMemUMtrnHDxs4vIGEyHaztQZ3abUSJpw7ftPVmnTikcheJdaARYf79fHWclb_EawmVFRQ3_XgVJhNjdyOqdNS1Vd8CwnlZC6MN-TM1vqtD6ikf92K3Ywsc=w156-h114-p-k-no,https://lh3.googleusercontent.com/gps-cs-s/AHRPTWk7fw3hv1ZLFcl-HVKvF7C6UaBLbNP8Ji4ksdTZzLqDKoxU1eCAjLalYfmJa9bbRtwZdavdmi2HbL_pnGICdxgWS9ZyHUTMODRHlP5d_j6epXgvPvf9aOE61_p62HJx5FbG4P43=w156-h114-p-k-no,https://lh3.googleusercontent.com/gps-cs-s/AHRPTWmZS0K3AHvcmd-swIv1Ow94-iFo3zSY-Bi7h5gY87PS-8OYhxzvOYO63iEq5h7GoIbAs7GD1WzwYVG4ClWqUsUCuMt24KYln-DEdqdwlKRn2lvi1TXyxze5w4x3SiGw0GCJD54=w156-h114-p-k-no",36.8464469,10.2010702,Not Available,https://www.facebook.com/ecovadis/,Not Available,https://www.instagram.com/ecovadis/,https://www.youtube.com/ecovadis/,https://www.linkedin.com/company/ecovadis/,Not Available
Logidas - Éditeur d'ERP,https://www.google.com/maps/place/Logidas+-+%C3%89diteur+d%27ERP/data=!4m7!3m6!1s0x12fd353d9bf06b45:0xa21ae7e4e1d8e4d2!8m2!3d36.8352354!4d10.2294441!16s%2Fg%2F11bwpyhrsr!19sChIJRWvwmz01_RIR0uTY4eTnGqI?authuser=0&hl=en&rclk=1,https://lh3.googleusercontent.com/gps-cs-s/AHRPTWnxtJLcQlZxCRTk7k-66j7Xk9HnlhPvzW8MX8dW6d0sy5TrpGqvCQtt4kJPPG894oCQrCwhq9dOFT-tosJkmZTiqf6-C4k4M-mL-c2nQVxrrcsPXDwVhtpKAOXEtAO31BzPYQ5Umw=w408-h306-k-no,4.3,Not Available,Software company,"Rue du Lac Malaren, Immeuble ayam, Les Berges du Lac 1053 Tunis, Tunis 1053","Monday, 8 AM to 5 PM,Thursday, 8 AM to 5 PM,Friday, 8 AM to 5 PM,Saturday, Closed,Sunday, Closed",Not Available,http://www.logidas.com/,71 960 626,"https://lh3.googleusercontent.com/gps-cs-s/AHRPTWnxtJLcQlZxCRTk7k-66j7Xk9HnlhPvzW8MX8dW6d0sy5TrpGqvCQtt4kJPPG894oCQrCwhq9dOFT-tosJkmZTiqf6-C4k4M-mL-c2nQVxrrcsPXDwVhtpKAOXEtAO31BzPYQ5Umw=w32-h32-p-k-no,https://lh3.googleusercontent.com/gps-cs-s/AHRPTWnxtJLcQlZxCRTk7k-66j7Xk9HnlhPvzW8MX8dW6d0sy5TrpGqvCQtt4kJPPG894oCQrCwhq9dOFT-tosJkmZTiqf6-C4k4M-mL-c2nQVxrrcsPXDwVhtpKAOXEtAO31BzPYQ5Umw=w408-h306-k-no,https://lh3.googleusercontent.com/gps-cs-s/AHRPTWkQ40DJeczMf4e2yoCeGez64M_eHlrTItov3bKM_WM6kzUxtZF7Y8P3cO7J4qp1xg-Qqi0qZheuPuzoOU8iU904jAVgHcIsx667zwB_6NhrsMh1xta5Xl_Mbk2GN6MMTtAn5y3C2A=w360-h480-k-no,https://lh3.googleusercontent.com/a/ACg8ocKm362oyAkahy3KJdPtYRGmZIcSSC2hYxvHwMB4D7GUMDlluw=w36-h36-p-rp-mo-br100,https://lh3.googleusercontent.com/a-/ALV-UjVSZHBE1h79ayRiAuzYAZlez5CezVzOlct9va_hBJxZq--psTut=w36-h36-p-rp-mo-ba12-br100,https://lh3.googleusercontent.com/a/ACg8ocIoY42XHjHt_2A0BxFz1jMySXPPmOGFlHR6BqlaFSGMQKLfV7A=w36-h36-p-rp-mo-br100,https://lh3.googleusercontent.com/gps-cs-s/AHRPTWkZOeY9KTZATiEhD34LZgHTL7Sm3H4XkHitBIqw-XCmhogZX-B7RmCdutsKLBE63ucveF9OLKGgFvU83xBTvp1XiZPID9-wp5My6SOuOmLGrUuRQwYFNaunrbmGXLIxT90jh4CG-g=w156-h114-p-k-no,https://lh3.googleusercontent.com/gps-cs-s/AHRPTWnBRRzRW1Px-WCEcJnZAawULLWkKNhwSesg4oQ3RNau20vXjoy-tlyKIkdU3CdYHu9u3ZsuTPifDHDIMPMGjlh-QwRpwbQYoMmk2H2emlTNDfwNY01gv-AwMz4NynNWus5MQmO_=w156-h114-p-k-no,https://lh3.googleusercontent.com/gps-cs-s/AHRPTWkJhyWH3YA1D8VR7lAIC0V7z_n1PzioiecT2_flF2XCiDiuk8FG8gBXoZ3PCZIg5tZO5iaTGEsAstA_k3sscVNXBHK_bTbI_n_GkRoEecSu4ax-fQjjezeHH_QXIL_QOy7XIvfqwg=w156-h114-p-k-no",36.8352354,10.2294441,Not Available,Not Available,Not Available,Not Available,Not Available,Not Available,Not Available
Campion-Tech,https://www.google.com/maps/place/Campion-Tech/data=!4m7!3m6!1s0x12fd347de5d3fe77:0x6e40c0e44c4e0a35!8m2!3d36.8166478!4d10.1765218!16s%2Fg%2F11hynjrm0d!19sChIJd_7T5X00_RIRNQpOTOTAQG4?authuser=0&hl=en&rclk=1,https://streetviewpixels-pa.googleapis.com/v1/thumbnail?panoid=_lpLdXAOc3rrAVzsxWTpUQ&cb_client=search.gws-prod.gps&w=408&h=240&yaw=86.20244&pitch=0&thumbfov=100,5.0,Not Available,Software company,"21 Av. Des Etats Unis, Tunis 1002","Monday, 8:30 AM to 5:30 PM,Thursday, 8:30 AM to 5:30 PM,Friday, 8:30 AM to 5:30 PM,Saturday, 8:30 AM to 5:30 PM,Sunday, Closed",Not Available,http://campion-tech.com/page/about-us,25 004 924,"https://streetviewpixels-pa.googleapis.com/v1/thumbnail?panoid=_lpLdXAOc3rrAVzsxWTpUQ&cb_client=search.gws-prod.gps&w=86&h=86&yaw=86.20244&pitch=0&thumbfov=100,https://streetviewpixels-pa.googleapis.com/v1/thumbnail?panoid=_lpLdXAOc3rrAVzsxWTpUQ&cb_client=search.gws-prod.gps&w=408&h=240&yaw=86.20244&pitch=0&thumbfov=100,https://streetviewpixels-pa.googleapis.com/v1/thumbnail?panoid=_lpLdXAOc3rrAVzsxWTpUQ&cb_client=maps_sv.tactile.gps&w=224&h=298&yaw=86.20244&pitch=0&thumbfov=100,https://lh3.googleusercontent.com/a-/ALV-UjV7z2rU0EH8BRpBJuxmbql-MkhKNJUphBjh9-zdeSp3UOGKxAmrLQ=w36-h36-p-rp-mo-br100,https://lh3.googleusercontent.com/a-/ALV-UjUXrDWWqCJzCpGJEJADOg3EhIo6u-8R54j7rn-QgCxsK_a4u8Gz=w36-h36-p-rp-mo-br100,https://lh3.googleusercontent.com/a/ACg8ocKKCfASKb7G_UjLsQc4gDrF4ABZpBTrHQd9VPOA4NPqAwgHRQ=w36-h36-p-rp-mo-br100,https://lh3.googleusercontent.com/gps-cs-s/AHRPTWm66nrUwr7pbUJVmTRGzY-5DtLZ1_aMO4eLHC1pRtA75Ky1gPuY7A_euuOnlN0x3Rcp2w_ACzvnOUOgwH4DrqR5s4V00qxUOYcyrMPWtmCiwtYPFRrXJ-shaYfmWe5lDCfYuTaJ=w156-h114-p-k-no,https://lh3.googleusercontent.com/gps-cs-s/AHRPTWkuQoZSVA2uNYEjSm6_oHBANS5bd6BiXfemQlbTGX8N7pEpXq8-BRzA3Tozi6uxWR9ePWCUpUm6hefS8acd6QJKiW3SVj6zLff19YHRx4Zxh4dpIdv921YXyWdjaDfHsLRQDA_0=w156-h114-p-k-no",36.8166478,10.1765218,contact@campion-tech.com,https://www.facebook.com/profile.php?id=100063234939936,Not Available,Not Available,https://www.youtube.com/@campion-tech8638,https://www.linkedin.com/company/campion-tech,Not Available
INSTEAD,https://www.google.com/maps/place/INSTEAD/data=!4m7!3m6!1s0x12fd49f8770b77fb:0x11a9c7180a3a1a97!8m2!3d36.7668448!4d10.2691639!16s%2Fg%2F11df0p083x!19sChIJ-3cLd_hJ_RIRlxo6ChjHqRE?authuser=0&hl=en&rclk=1,https://lh3.googleusercontent.com/a-/ALV-UjXREJvcyMiV4au_1yjVNiah-JZ4ftDsXyBQJ0-CJ61GcQWKguyH=w36-h36-p-rp-mo-br100,5.0,Not Available,Software company,"15 Rue Amilcar, Rades 2040","Monday, 8:30 AM to 6 PM,Thursday, 8:30 AM to 6 PM,Friday, 8:30 AM to 6 PM,Saturday, Closed,Sunday, Closed",Not Available,http://insteadsoftware.com/,71 442 097,"https://lh3.googleusercontent.com/a-/ALV-UjXREJvcyMiV4au_1yjVNiah-JZ4ftDsXyBQJ0-CJ61GcQWKguyH=w36-h36-p-rp-mo-br100,https://lh3.googleusercontent.com/a/ACg8ocJRTDH4Xssm0YbBSnnJXFbBKZ7lXpxEEj2vnzX-WeXywzMWTg=w36-h36-p-rp-mo-ba12-br100,https://lh3.googleusercontent.com/a-/ALV-UjUFJ8GKOf2iq8hdnDCDtw66ky3rhLfCy25nQt9BGrGcT3oLLvU=w36-h36-p-rp-mo-br100,https://lh3.googleusercontent.com/gps-cs-s/AHRPTWl6eV_II2lsTbYECs_EalS21uJnnJ-4-fvP0_dCH0JMPEUpnOsK2RcCC8e-9atlDqa7YK6fC_wNMwMQjFlR3UBNoYUuzIXUfogbK6aebr50AuLj7dAB2uaJL_6__A1OTMOa-u0PEA=w156-h114-p-k-no,https://lh3.googleusercontent.com/gps-cs-s/AHRPTWm3YkZ0AmktBLdRPCKkvuqQQxHLLjHVA-8cI4lZApJAicQ_LnU1Ywhh9m20ivN_DfCJiqFPvH23c0aspYutRP-UtTAwDODzuge7jJ-aIHpbhLIxngc55orTAcZjuDRhyw-APgwm=w156-h114-p-k-no",36.7668448,10.2691639,Not Available,https://www.facebook.com/insteadsoftware,Not Available,Not Available,Not Available,https://www.linkedin.com/company/11063597,Not Available
Faveod Tunisia,https://www.google.com/maps/place/Faveod+Tunisia/data=!4m7!3m6!1s0x12fd4ba2be51bee7:0x41b1d7c955942fe8!8m2!3d36.84556!4d10.2830073!16s%2Fg%2F11kqr_5kr9!19sChIJ575RvqJL_RIR6C-UVcnXsUE?authuser=0&hl=en&rclk=1,https://lh3.googleusercontent.com/gps-cs-s/AHRPTWnKThXyAd5qW10EVYMemUMtrnHDxs4vIGEyHaztQZ3abUSJpw7ftPVmnTikcheJdaARYf79fHWclb_EawmVFRQ3_XgVJhNjdyOqdNS1Vd8CwnlZC6MN-TM1vqtD6ikf92K3Ywsc=w578-h240-k-no,5.0,Not Available,Software company,"immeuble Lac d'or, 08 rue d'île de failaka, Tunis","Monday, 8 AM to 5 PM,Thursday, 8 AM to 5 PM,Friday, 8 AM to 5 PM,Saturday, Closed,Sunday, Closed",Not Available,http://www.faveod.com/,Not Available,"https://lh3.googleusercontent.com/gps-cs-s/AHRPTWnKThXyAd5qW10EVYMemUMtrnHDxs4vIGEyHaztQZ3abUSJpw7ftPVmnTikcheJdaARYf79fHWclb_EawmVFRQ3_XgVJhNjdyOqdNS1Vd8CwnlZC6MN-TM1vqtD6ikf92K3Ywsc=w32-h32-p-k-no,https://lh3.googleusercontent.com/gps-cs-s/AHRPTWnKThXyAd5qW10EVYMemUMtrnHDxs4vIGEyHaztQZ3abUSJpw7ftPVmnTikcheJdaARYf79fHWclb_EawmVFRQ3_XgVJhNjdyOqdNS1Vd8CwnlZC6MN-TM1vqtD6ikf92K3Ywsc=w578-h240-k-no,https://lh3.googleusercontent.com/gps-cs-s/AHRPTWnKThXyAd5qW10EVYMemUMtrnHDxs4vIGEyHaztQZ3abUSJpw7ftPVmnTikcheJdaARYf79fHWclb_EawmVFRQ3_XgVJhNjdyOqdNS1Vd8CwnlZC6MN-TM1vqtD6ikf92K3Ywsc=w360-h149-k-no,https://lh3.googleusercontent.com/a-/ALV-UjX92mA_kvTGYJGsRbxgDkjZXKdga-IY5dkJaQP-9IOXu5LVOXmx=w36-h36-p-rp-mo-br100,https://lh3.googleusercontent.com/gps-cs-s/AHRPTWkKKapw3yKZNhqRTIr_34bzdDEz7HqEdvBoQpaJCtdXtPX75Y4xWyfBV2BsChIC9qSG-4CeP3NyZJxCd6xrqLEr2tra4vhYmUjIperihP6N1b0YUNoyVTdDm-mP3tChOfvu8uOSzQ=w156-h114-p-k-no",36.84556,10.2830073,jobs@faveod.com,Not Available,Not Available,Not Available,Not Available,https://www.linkedin.com/company/faveod/?originalSubdomain=fr,Not Available
IT-Labs Tunisia,https://www.google.com/maps/place/IT-Labs+Tunisia/data=!4m7!3m6!1s0x12fd348a036a8653:0x22fe75b942ea905b!8m2!3d36.8482401!4d10.2754804!16s%2Fg%2F1q5ccgmj8!19sChIJU4ZqA4o0_RIRW5DqQrl1_iI?authuser=0&hl=en&rclk=1,https://lh3.googleusercontent.com/a-/ALV-UjUnhEckLBR_Lql6NM6lr3w8kRTQbQR7w7wn7EFSs-pe87o-kb-a=w36-h36-p-rp-mo-ba12-br100,3.7,Not Available,Business management consultant,"Omega Center, Tunis 1053","Monday, 8:30 AM to 5:30 PM,Thursday, 8:30 AM to 5:30 PM,Friday, 8:30 AM to 5:30 PM,Saturday, Closed,Sunday, Closed",Not Available,Not Available,+33 1 83 62 33 09,"https://lh3.googleusercontent.com/a-/ALV-UjUnhEckLBR_Lql6NM6lr3w8kRTQbQR7w7wn7EFSs-pe87o-kb-a=w36-h36-p-rp-mo-ba12-br100,https://lh3.googleusercontent.com/a-/ALV-UjVOzfiA6h6I4TqD59_XY0oIrbUSqbSzCNyST91_USX8GavuBh-A=w36-h36-p-rp-mo-ba12-br100,https://lh3.googleusercontent.com/a/ACg8ocIDhz8lfTUYkViQncheIucGGjtsXJGows7sspUI9iLFYQR7nA=w36-h36-p-rp-mo-br100,https://lh3.googleusercontent.com/gps-cs-s/AHRPTWn7L48ddxHmOXKBR1TrTTc0Pkkx2CHxrsRe7igRp--hqtO9j3xLzngVUt6HWSQxAiJ-JussKLA3w2CfsnZIlJj2i39G_4uiTAHV5VKjJQalLzlslB4exYZhSMKjCmILdRtsGDh5=w156-h114-p-k-no,https://lh3.googleusercontent.com/gps-cs-s/AHRPTWkouh5xyM7YesOYc3rlNDya33Wopsfn3ykURy-B51dWjzrCtZPa2aryYfRg4MGwg10ng-pzfb526hHW9q0gOFXoNN06iy_4DiqBSPw5mkwYFfemBTvUlKZUffwLT0saHMQSLUk=w156-h114-p-k-no,https://lh3.googleusercontent.com/gps-cs-s/AHRPTWmGv5Xybg4BbUn_zAa1EYS0lJvEgIUomAQWEJEBjEHs-xgf9Yxzo1CSWA30LdYzp5nYp3_1s3ziSwKAb1T6mmXZTPKO8G5KDzksz8B6udut1OFJeeMAmuuGkG5mcwpZvSexNIbWRQ=w156-h114-p-k-no",36.8482401,10.2754804,Not Available,Not Available,Not Available,Not Available,Not Available,Not Available,Not Available
TIMSOFT Group,https://www.google.com/maps/place/TIMSOFT+Group/data=!4m7!3m6!1s0x12fd3368344d27ef:0x751869f4d2c293b!8m2!3d36.832981!4d10.2386543!16s%2Fg%2F11bzzwzqst!19sChIJ7ydNNGgz_RIROyksTZ-GUQc?authuser=0&hl=en&rclk=1,https://lh3.googleusercontent.com/gps-cs-s/AHRPTWn95gMjt_XpCOyVodQm6vOc229YjyPPM_PzFYejNl1Ufi6kjtczf6Qi4uHqs_ktEIQhnuQzu6VxCdMCdZxvE5jTqCPRbGgpqhj5C2cxm--nIQYt_TBKt3RBLtqJhxDVWoIa9jQ=w565-h240-k-no,4.6,Not Available,Software company,"IMM, Les Arcades, Rue Lac Loch Ness, Tunis 1053 Les berges du lac 1, Tunis 1053","Monday, 8:30 AM to 5:30 PM,Thursday, 8:30 AM to 5:30 PM,Friday, 8:30 AM to 5:30 PM,Saturday, Closed,Sunday, Closed",Not Available,https://timsoft-group.com/,70 860 870,"https://lh3.googleusercontent.com/gps-cs-s/AHRPTWn95gMjt_XpCOyVodQm6vOc229YjyPPM_PzFYejNl1Ufi6kjtczf6Qi4uHqs_ktEIQhnuQzu6VxCdMCdZxvE5jTqCPRbGgpqhj5C2cxm--nIQYt_TBKt3RBLtqJhxDVWoIa9jQ=w32-h32-p-k-no,https://lh3.googleusercontent.com/gps-cs-s/AHRPTWn95gMjt_XpCOyVodQm6vOc229YjyPPM_PzFYejNl1Ufi6kjtczf6Qi4uHqs_ktEIQhnuQzu6VxCdMCdZxvE5jTqCPRbGgpqhj5C2cxm--nIQYt_TBKt3RBLtqJhxDVWoIa9jQ=w565-h240-k-no,https://lh3.googleusercontent.com/gps-cs-s/AHRPTWn95gMjt_XpCOyVodQm6vOc229YjyPPM_PzFYejNl1Ufi6kjtczf6Qi4uHqs_ktEIQhnuQzu6VxCdMCdZxvE5jTqCPRbGgpqhj5C2cxm--nIQYt_TBKt3RBLtqJhxDVWoIa9jQ=w701-h298-k-no,https://lh3.googleusercontent.com/a-/ALV-UjVX2cQ7yVmvMFTp9WmVvkLa66Y7Y8zeKSbFhUIQsDYSt7T7mxvK=w36-h36-p-rp-mo-ba12-br100,https://lh3.googleusercontent.com/a-/ALV-UjWw27GBloei3RFkxUVrk6uIHcgA5LBQ9NJHdmIsimVUBJbETSC-ew=w36-h36-p-rp-mo-ba12-br100,https://lh3.googleusercontent.com/a-/ALV-UjVpQp_M7bfUnawFlFTUuLFxm-N0bIsPpMYq_Bn4uBZKf0qK6y4ckQ=w36-h36-p-rp-mo-br100,https://lh3.googleusercontent.com/gps-cs-s/AHRPTWkhG0g40NOJdqxPMJLs66ln1tuIxgyJPfywAB9UuXGDCwFKrofYxiMaNkMpZdlacXMcvGKVUPsgoISGDZFWLx02l4PcKraMafVhWO_reQAywm_Dcl_FU_Te2gdrOCls-32ZM_XV=w156-h114-p-k-no,https://lh3.googleusercontent.com/gps-cs-s/AHRPTWkp7mWb9Uw5ho7aeVltNoxVvL0c9-IhuLGt4UdsXUuridrunIuKaqDQTc_ogjYMfGR0NTb6nyXAOs6zbwy6HldsDSH8EdMrSquincVSI7eFLJwTDJhBZaHGycKRUxqSiAZPkhc=w156-h114-p-k-no,https://lh3.googleusercontent.com/gps-cs-s/AHRPTWmple0TYCHYWK3pE18odb8RqWhjBC_sXvUqD3kJeqgixAIeQa84944F-Oam0Sk2Dn5cTFpoiEmppRLxk6DF7J3Kp9CEYgh7jeUfMK_xkGOkFhS6Nfc33y_YD6BFAlLa2RynVNwnQQ=w156-h114-p-k-no,https://lh3.googleusercontent.com/gps-cs-s/AHRPTWnE0KbJWZDZFDl-65QnLsMKiGM0tHMcvpe1faMTVyLUdpO8ZdSYh35C0eOgXVMTyU7mn-1yfU-b56oYGn0AWlm825eDaezJW1irOf1Jl19Hy31dcsL0WYNjZr17z644DrEFZ5zIMQ=w156-h114-p-k-no",36.832981,10.2386543,contact@timsoft-group.com,https://www.facebook.com/TIMSOFTGroup?locale=fr_FR,Not Available,https://www.instagram.com/timsoftgroup/,https://www.youtube.com/@timsoftgroup,https://www.linkedin.com/company/timsoftgroup/,"Planning,,Appointment required"
Oolab Tunisia,https://www.google.com/maps/place/Oolab+Tunisia/data=!4m7!3m6!1s0x12fd35bf332a4f0b:0x4dbd3e2bcd923a9a!8m2!3d36.8321748!4d10.177528!16s%2Fg%2F11n0ddn86_!19sChIJC08qM781_RIRmjqSzSs-vU0?authuser=0&hl=en&rclk=1,https://lh3.googleusercontent.com/gps-cs-s/AHRPTWmM12xmkazM-dKIC1QLzjxWdj46TMEi1rTXuSpE3IduuqH4C6ot37uxNe5xejIYXQ7NtvkN-Qls_-D-3kyo450jbVy49AjrWqZSlkUIvxfbNKEWpcS8txO4xAe7rouXPCc_ur6c=w960-h240-k-no,4.1,Not Available,Software company,"Rue El Mahrajene, Tunis 1082","Monday, 8:30 AM to 5:30 PM,Thursday, 8:30 AM to 5:30 PM,Friday, 8:30 AM to 5:30 PM,Saturday, Closed,Sunday, Closed",Not Available,https://www.oodrive.com/fr/,71 781 187,"https://lh3.googleusercontent.com/gps-cs-s/AHRPTWmM12xmkazM-dKIC1QLzjxWdj46TMEi1rTXuSpE3IduuqH4C6ot37uxNe5xejIYXQ7NtvkN-Qls_-D-3kyo450jbVy49AjrWqZSlkUIvxfbNKEWpcS8txO4xAe7rouXPCc_ur6c=w32-h32-p-k-no,https://lh3.googleusercontent.com/gps-cs-s/AHRPTWmM12xmkazM-dKIC1QLzjxWdj46TMEi1rTXuSpE3IduuqH4C6ot37uxNe5xejIYXQ7NtvkN-Qls_-D-3kyo450jbVy49AjrWqZSlkUIvxfbNKEWpcS8txO4xAe7rouXPCc_ur6c=w960-h240-k-no,https://lh3.googleusercontent.com/gps-cs-s/AHRPTWmM12xmkazM-dKIC1QLzjxWdj46TMEi1rTXuSpE3IduuqH4C6ot37uxNe5xejIYXQ7NtvkN-Qls_-D-3kyo450jbVy49AjrWqZSlkUIvxfbNKEWpcS8txO4xAe7rouXPCc_ur6c=w1192-h298-k-no,https://lh3.googleusercontent.com/gps-cs-s/AHRPTWmJhqaAsY9XWr06HrWoyouLl1meX2_QoihsqzTqCkZXusY60-NO6kxsXTfFYBAQGRMuxqCrf7bTM1H2DiSnQkvSSsmK0FPIiqXJIpBDTc1evuTuAlJPGpte5V9sahB1FqSknd23=w266-h298-k-no,https://lh3.googleusercontent.com/a/ACg8ocLHc6NEfDP5oCnDtJ4QicVB9BVN5GO8O0jSpgFd7RG-J9dcxYzc=w36-h36-p-rp-mo-ba12-br100,https://lh3.googleusercontent.com/a/ACg8ocI_TEO5tCgsEheLsPUgBkIUqNQ2yBYSxwR6mIJ-QM9h8fGO=w36-h36-p-rp-mo-br100,https://lh3.googleusercontent.com/a/ACg8ocKwrmI4YBlSEHiKkCeLfrmEcC42h_I_urNXYujYsC641NmT3A=w36-h36-p-rp-mo-br100",36.8321748,10.177528,Not Available,Not Available,https://twitter.com/oodriveofficiel?lang=fr,Not Available,https://www.youtube.com/channel/UCE_BSEiHmDgKvCV0YvU0oPQ,https://www.linkedin.com/company/oodrive/?originalSubdomain=fr,"Accessibility,,Assistive hearing loop,,Wheelchair-accessible car park,,Wheelchair-accessible entrance,,Wheelchair-accessible seating,,Wheelchair-accessible toilet,    Parking,,Free of charge street parking,,Free parking lot"
Marquardt Tunisia,https://www.google.com/maps/place/Marquardt+Tunisia/data=!4m7!3m6!1s0x12fd2dfea35a794b:0x80537d1e59c0d1ce!8m2!3d36.7877112!4d10.0752856!16s%2Fg%2F12qg20rlh!19sChIJS3lao_4t_RIRztHAWR59U4A?authuser=0&hl=en&rclk=1,https://lh3.googleusercontent.com/gps-cs-s/AHRPTWlnjUDW9TGeR7Y8nDe5LxTp6vaeEseO5ghGw0Gv76Lbx_ykBPUbJSPnGMYzi3-TnDBO68f3A-Z2U0MmQ9wA1hugp6kkClm9NnUeYdtGOuizYjDtFPO4zQOy6HK8ekhPYhbAzyb2=w426-h240-k-no,4.8,Not Available,Construction company,"Q3QG+34M, Accès Marquardt Tunisie, Tunis","Monday, 7:30 AM to 4 PM,Thursday, 7:30 AM to 4 PM,Friday, 7:30 AM to 4 PM,Saturday, Closed,Sunday, Closed",Not Available,Not Available,31 333 100,"https://lh3.googleusercontent.com/gps-cs-s/AHRPTWlnjUDW9TGeR7Y8nDe5LxTp6vaeEseO5ghGw0Gv76Lbx_ykBPUbJSPnGMYzi3-TnDBO68f3A-Z2U0MmQ9wA1hugp6kkClm9NnUeYdtGOuizYjDtFPO4zQOy6HK8ekhPYhbAzyb2=w32-h32-p-k-no,https://lh3.googleusercontent.com/gps-cs-s/AHRPTWlnjUDW9TGeR7Y8nDe5LxTp6vaeEseO5ghGw0Gv76Lbx_ykBPUbJSPnGMYzi3-TnDBO68f3A-Z2U0MmQ9wA1hugp6kkClm9NnUeYdtGOuizYjDtFPO4zQOy6HK8ekhPYhbAzyb2=w426-h240-k-no,https://lh3.googleusercontent.com/gps-cs-s/AHRPTWlnjUDW9TGeR7Y8nDe5LxTp6vaeEseO5ghGw0Gv76Lbx_ykBPUbJSPnGMYzi3-TnDBO68f3A-Z2U0MmQ9wA1hugp6kkClm9NnUeYdtGOuizYjDtFPO4zQOy6HK8ekhPYhbAzyb2=w529-h298-k-no,https://lh3.googleusercontent.com/gps-cs-s/AHRPTWkaEKerYs_gIbSPYrT9AYbXBYNlN8CQDIII-q0QKqKW52B0l-jJF-DnBjehP1_-sM-N33YJHNBfkNPbqfKJZz8zozQdkLEpawtVDOHdXpQoc2nDqIvAzbtT3A5ARnvfQSLprCCb=w529-h298-k-no,https://lh3.googleusercontent.com/gps-cs-s/AHRPTWlw2t1QN90KaAHvjMrD9L8TixtVx6hMZNfmKb8PLGjObKEUkBjthuKZzJDjEmT8OaTUlxc1Dhu3Ayw6miOTajpdf2x3vKd0MAUJNQnhZ6kxxQ4QHN_CzJiCU1CkyqFTmGiQgaGaWIgAy2Wd=w682-h298-k-no,https://lh3.googleusercontent.com/a-/ALV-UjVIkmKzf3cd3r61n-e1azpxgRyq4bwXU7ZQ-3p5OQ1iMunnt3no=w36-h36-p-rp-mo-br100,https://lh3.googleusercontent.com/a-/ALV-UjW6GQqkQN6H-xHIQBH0LL5jHHKOtpOE26wcQFqIxiU68hLX2hA=w36-h36-p-rp-mo-br100,https://lh3.googleusercontent.com/a/ACg8ocINC66O7nlTbwO1Y87s4rlSAThSIU5kP0Xj4EhNtouIR0uLzg=w36-h36-p-rp-mo-br100,https://lh3.googleusercontent.com/gps-cs-s/AHRPTWlMT0gqjOBLmgoW6FaONGIVXv2YV-50AZzn6JENPzs1fpSAuvFfO0OH945_cDjU4lwQoeMMAqMHMTBhHHwmw8FZ-_PTXfm9L-8ypVz4QvRn6G6wM5fcVYF0OuL36Yrq0Zj_XXUh=w156-h114-p-k-no,https://lh3.googleusercontent.com/gps-cs-s/AHRPTWlWl2hPkfr9rX9S2SDIh4B6j85DMSmXz2dQC5xjssAZXt7tbCVRi-Yz74SXqWwTosf8n7aEiuYfHNsfX0kUPKvXHPGRq_WdlFNJfA6dsomd7Cy4oe810qPF8lt_lTVzaHD8a6EW=w156-h114-p-k-no,https://lh3.googleusercontent.com/gps-cs-s/AHRPTWlxuOa6e9v4IPZdL-AX1x9rIgckn8aOknQxKmLAxQKAzty3oGQUhN-6mmwFNMHatXnruV0VXa4Qh96GMixCSZxx_t8a2slNUosbMf81uwxkjHXCOeIeYrS8cOyFnObORb9QXPVDEA7fStcj=w156-h114-p-k-no,https://lh3.googleusercontent.com/gps-cs-s/AHRPTWl-3F2YG423PwnFf-o6-6t7l25HJHajyKC3m4-igfE2QUhiNd_XmIFQ4IwpVNvCBK4CnnQRn71Nplaua6dOBUr9Q4pFZrWxOL4RoT_r6-BU8ohS2571OpVhyOeETvdD2PI4Im4i0HRtGkmj=w156-h114-p-k-no",36.7877112,10.0752856,Not Available,Not Available,Not Available,Not Available,Not Available,Not Available,"Accessibility,,Wheelchair-accessible car park,,Wheelchair-accessible entrance"
Accelya Group,https://www.google.com/maps/place/Accelya+Group/data=!4m7!3m6!1s0x12fd357a29b63495:0xdd8c614f67097d2b!8m2!3d36.8351101!4d10.1662627!16s%2Fg%2F11gx_zjf1l!19sChIJlTS2KXo1_RIRK30JZ09hjN0?authuser=0&hl=en&rclk=1,https://lh3.googleusercontent.com/gps-cs-s/AHRPTWm8j57ZOzDoZmduQbUMowqzKFfvLaXQ0Rd5SOGTmDZb-9xOYh8lcVNzTRnqgGL8vOSgzvzQFE3e9hS151nzwpWKHdG_MkW7XmSTuPxxDIxAMhbrh0-aVSjbsIzutJHsbNGaKpXO=w426-h240-k-no,5.0,Not Available,Software company,"116 Av. Jugurtha, Tunis 1002","Monday, 9 AM to 5 PM,Thursday, 9 AM to 5 PM,Friday, 9 AM to 5 PM,Saturday, Closed,Sunday, Closed",Not Available,http://www.accelya.com/,71 287 161,"https://lh3.googleusercontent.com/gps-cs-s/AHRPTWm8j57ZOzDoZmduQbUMowqzKFfvLaXQ0Rd5SOGTmDZb-9xOYh8lcVNzTRnqgGL8vOSgzvzQFE3e9hS151nzwpWKHdG_MkW7XmSTuPxxDIxAMhbrh0-aVSjbsIzutJHsbNGaKpXO=w32-h32-p-k-no,https://lh3.googleusercontent.com/gps-cs-s/AHRPTWm8j57ZOzDoZmduQbUMowqzKFfvLaXQ0Rd5SOGTmDZb-9xOYh8lcVNzTRnqgGL8vOSgzvzQFE3e9hS151nzwpWKHdG_MkW7XmSTuPxxDIxAMhbrh0-aVSjbsIzutJHsbNGaKpXO=w426-h240-k-no,https://lh3.googleusercontent.com/gps-cs-s/AHRPTWm8j57ZOzDoZmduQbUMowqzKFfvLaXQ0Rd5SOGTmDZb-9xOYh8lcVNzTRnqgGL8vOSgzvzQFE3e9hS151nzwpWKHdG_MkW7XmSTuPxxDIxAMhbrh0-aVSjbsIzutJHsbNGaKpXO=w529-h298-k-no,https://lh3.googleusercontent.com/gps-cs-s/AHRPTWklpTGbEOB8Aqr-tsrYGN_9dL-r9LxHgbG7LnwfIwlJzM4Jf2m-_pGOT2xZPZKDLj5gdN3kUN12xxNOZTvtjaXCVaP-faq-VjC72TpN1MZURTeWkUV_zMaaNPkdTfkhGJn9gl5D=w529-h298-k-no,https://lh3.googleusercontent.com/a-/ALV-UjUbBpkI7SSJXbtFaXiHDmS3mtL1xDuEt4S8JampCM62l37139in=w36-h36-p-rp-mo-ba12-br100,https://lh3.googleusercontent.com/gps-cs-s/AHRPTWnQTPZhpHAxXkUgOHxYlIlsqiMn9-dfEdaZ-tlIAJK8gD3-NNpZbq_i90wDlmkFM0ZZmpn7gBeZI5zioxX22wNW-f_97D8i4rP2j6ZQETzJpUc2zfnRUu36lUBjPACsd-lpK2Y=w156-h114-p-k-no,https://lh3.googleusercontent.com/gps-cs-s/AHRPTWlCr8rsS7PYVEPuBV89hvAWliesDBJkUld_bj-VssmX13kgqXH5UvwPPlQJuzQYXsMMtVNg04V1NNJ5hnYCYjak_0HKiKm3bHTmFnvGd2u-ydLnHqJpj7gtNSKiowBCWM3CPzAmYA=w156-h114-p-k-no",36.8351101,10.1662627,Not Available,Not Available,Not Available,Not Available,https://www.youtube.com/watch?v=WwJUm84jOdA,https://www.linkedin.com/company/accelya/,Not Available
Get'IT,https://www.google.com/maps/place/Get%27IT/data=!4m7!3m6!1s0x12fd3541c7fc19bf:0x92d38f8c7705b573!8m2!3d36.8353087!4d10.2421042!16s%2Fg%2F11g6xptt9t!19sChIJvxn8x0E1_RIRc7UFd4yP05I?authuser=0&hl=en&rclk=1,https://lh3.googleusercontent.com/a-/ALV-UjXFDzOdbBL21gzcL850nkw_cLU4Ek1S1xKGsD4wAJRvXrrSlmdA=w36-h36-p-rp-mo-ba12-br100,4.5,Not Available,Computer support and services,"R6PR+4RH, Rue du Lac Windemere, Tunis","Monday, 8:30 AM to 6 PM,Thursday, 8:30 AM to 6 PM,Friday, 8:30 AM to 6 PM,Saturday, Closed,Sunday, Closed",Not Available,Not Available,71 862 899,"https://lh3.googleusercontent.com/a-/ALV-UjXFDzOdbBL21gzcL850nkw_cLU4Ek1S1xKGsD4wAJRvXrrSlmdA=w36-h36-p-rp-mo-ba12-br100,https://lh3.googleusercontent.com/a/ACg8ocJEIWIylZFISIdY_It8OIowTAPyTHNCcivjDTR6c7roV4h8Yg=w36-h36-p-rp-mo-br100,https://lh3.googleusercontent.com/gps-cs-s/AHRPTWlEir8_lt-MiyXTZli8Zn3Oyi48MlZMjd_G-JpOhwuMJddwoBG-yzIMctm4kj3rZGY0g3lOY69UdHC8OTTBV-d2CXFPpNnQx1VRTHgREf_PVg-wWq7i4n8POdfp4xK45RCcDsSq6g=w156-h114-p-k-no",36.8353087,10.2421042,Not Available,Not Available,Not Available,Not Available,Not Available,Not Available,Not Available
ADACTIM,https://www.google.com/maps/place/ADACTIM/data=!4m7!3m6!1s0x12e2cb7505ca12a9:0xbd1b03f93244f3a5!8m2!3d36.8994065!4d10.1904329!16s%2Fg%2F11ddt43fmx!19sChIJqRLKBXXL4hIRpfNEMvkDG70?authuser=0&hl=en&rclk=1,https://lh3.googleusercontent.com/gps-cs-s/AHRPTWmthn_k8LESFnVafSmKoMupNV5sWe_SNj0awWpVDHHdrQCQQVUX5pS6nH_Hc7jCOoTmwFFCAD0nldQxhZrJmrOsxOT6zgnPiqo7O_K63EqzgXsEbgHZdZdJWP5kU0GvmKtNNl9S=w426-h240-k-no,4.5,Not Available,Computer support and services,Technopark El Ghazela Tunis - Tunisia Tunis، 2088,"Monday, 8 AM to 6 PM,Thursday, 8 AM to 6 PM,Friday, 8 AM to 6 PM,Saturday, Closed,Sunday, Closed",Not Available,http://www.adactim.com/,31 340 000,"https://lh3.googleusercontent.com/gps-cs-s/AHRPTWmthn_k8LESFnVafSmKoMupNV5sWe_SNj0awWpVDHHdrQCQQVUX5pS6nH_Hc7jCOoTmwFFCAD0nldQxhZrJmrOsxOT6zgnPiqo7O_K63EqzgXsEbgHZdZdJWP5kU0GvmKtNNl9S=w32-h32-p-k-no,https://lh3.googleusercontent.com/gps-cs-s/AHRPTWmthn_k8LESFnVafSmKoMupNV5sWe_SNj0awWpVDHHdrQCQQVUX5pS6nH_Hc7jCOoTmwFFCAD0nldQxhZrJmrOsxOT6zgnPiqo7O_K63EqzgXsEbgHZdZdJWP5kU0GvmKtNNl9S=w426-h240-k-no,https://lh3.googleusercontent.com/gps-cs-s/AHRPTWmthn_k8LESFnVafSmKoMupNV5sWe_SNj0awWpVDHHdrQCQQVUX5pS6nH_Hc7jCOoTmwFFCAD0nldQxhZrJmrOsxOT6zgnPiqo7O_K63EqzgXsEbgHZdZdJWP5kU0GvmKtNNl9S=w529-h298-k-no,https://lh3.googleusercontent.com/gps-cs-s/AHRPTWlVWtsNK-TaF2zOS6ALujvltjku1d7jQ9WqIYSglYuqR56EP6R5JwQ846MVRvHHQTExYlf9EPo3P6d0HfhU_Dat9nc1cyWn6rlR-8vlOdQeaBFh_DKYmCXoXwZZgwGYuJc9k-Ss=w529-h298-k-no,https://lh3.googleusercontent.com/gps-cs-s/AHRPTWl5sFhSaJ7opl99EA0ShOs9s8JJ6Nt-Plgzja6FiPa9ydlkKOyXt7T4mitCXRrGEcxBXLQ9VHb87ZLlvDOk-0q5gi2mx7Ej5SGeHa4tipdACzHQ-UpyjjORgQEkNx-UhyJUXzN0=w447-h298-k-no,https://lh3.googleusercontent.com/a/ACg8ocJHI7_I8V8xMhkFWmDKDNOXiIpNT0zzKBch0Gkh3JLq7kK3UA=w36-h36-p-rp-mo-ba12-br100,https://lh3.googleusercontent.com/a-/ALV-UjWsPGfik-16EL0CNwOvlLyGGZSbBZs2eHwJuLJ_-Y7wPm4_fjcPIw=w36-h36-p-rp-mo-ba12-br100,https://lh3.googleusercontent.com/a/ACg8ocLY0C76MCQ26GTth5m13e2S_psU0VGK1PdWiskd9h5pf5Xt=w36-h36-p-rp-mo-br100,https://lh3.googleusercontent.com/gps-cs-s/AHRPTWnj8kAhFSLZvR86EWV8h392hZYSSzoCo4gfPgFngrBh5o6xJf650Uz7yfyWAqGOK4NQ1ZSyquH2qKMxv8RwS0ewqTQJyUjE2Ur9FbPNP3y7Q-6BrKSOAsVXdwMft2MCCRUJSAO7=w156-h114-p-k-no,https://lh3.googleusercontent.com/gps-cs-s/AHRPTWkUk7gqCNELEvEcPQKVmCuySxheGvvi66gKck3AdD092l9yajtB_v080_7G7RAdZjeTGWrsYpfrYt5UFKWWKYFGUBAxbL4ERIuSDwCCJIt4JQ5fEPN2CBepnu5H9kAx3VV-L5m8=w156-h114-p-k-no",36.8994065,10.1904329,contact@adactim.com,https://www.facebook.com/Adactim/,Not Available,https://www.instagram.com/adactimlife/,https://www.youtube.com/channel/UCZcj2AJii3_Ebr-jhNjjC_A,https://www.linkedin.com/company/adactis/,Not Available
Numeryx Tunisie,https://www.google.com/maps/place/Numeryx+Tunisie/data=!4m7!3m6!1s0x12fd354da3d0fe3d:0x11e942ac3c3e7452!8m2!3d36.850436!4d10.1974758!16s%2Fg%2F11fklc08q0!19sChIJPf7Qo001_RIRUnQ-PKxC6RE?authuser=0&hl=en&rclk=1,https://lh3.googleusercontent.com/gps-cs-s/AHRPTWlpEvVFT2K_aeInqC4Q5T4aJK1icfsjjyND_F70sXZVV0KSXrnJeNqzhlBraiaRcpbf0J070XDhfuTft86tYshTDZlc45rhPve2NT89PHHMMzJSnghdThmwr5wjJHW95Bb_g7Bh=w408-h272-k-no,4.5,Not Available,Business to business service,IMMEUBLE LLOYD 10ÉME ÉTAGE Bloc C-10 Angle de Rue Ahmed Hamza CENTRE URBAIN NORD، 1003,"Monday, 8 AM to 5 PM,Thursday, 8 AM to 5 PM,Friday, 8 AM to 5 PM,Saturday, Closed,Sunday, Closed",Not Available,https://www.numeryx.fr/,71 130 131,"https://lh3.googleusercontent.com/gps-cs-s/AHRPTWlpEvVFT2K_aeInqC4Q5T4aJK1icfsjjyND_F70sXZVV0KSXrnJeNqzhlBraiaRcpbf0J070XDhfuTft86tYshTDZlc45rhPve2NT89PHHMMzJSnghdThmwr5wjJHW95Bb_g7Bh=w32-h32-p-k-no,https://lh3.googleusercontent.com/gps-cs-s/AHRPTWlpEvVFT2K_aeInqC4Q5T4aJK1icfsjjyND_F70sXZVV0KSXrnJeNqzhlBraiaRcpbf0J070XDhfuTft86tYshTDZlc45rhPve2NT89PHHMMzJSnghdThmwr5wjJHW95Bb_g7Bh=w408-h272-k-no,https://lh3.googleusercontent.com/gps-cs-s/AHRPTWlpEvVFT2K_aeInqC4Q5T4aJK1icfsjjyND_F70sXZVV0KSXrnJeNqzhlBraiaRcpbf0J070XDhfuTft86tYshTDZlc45rhPve2NT89PHHMMzJSnghdThmwr5wjJHW95Bb_g7Bh=w447-h298-k-no,https://streetviewpixels-pa.googleapis.com/v1/thumbnail?panoid=dhKFA09zULTEUZKMEhTjDA&cb_client=maps_sv.tactile.gps&w=224&h=298&yaw=192.74295&pitch=0&thumbfov=100,https://lh3.googleusercontent.com/a-/ALV-UjUyfT3P3i44E22aqbdckMFAch183phTWpgUaZfyGNriM2hruCHw=w36-h36-p-rp-mo-br100,https://lh3.googleusercontent.com/a/ACg8ocIDfpIDc_5eizgPYK7kkE2GA18Q3IUKKHOAMhIIEMxU92AGmQ=w36-h36-p-rp-mo-br100,https://lh3.googleusercontent.com/a-/ALV-UjVBInJzj8ZtlHxTtPNd80oG2Az-9dkMwJ-n-IjM0AYYb1lq-00h=w36-h36-p-rp-mo-br100,https://lh3.googleusercontent.com/gps-cs-s/AHRPTWlCeS1vc2sFGJlIIR1zBq6171-KNh6RZLJhcjDxHYKKmqQBKbTVbIMkk78WsUmyFBqtAK7o7HDojnY1B6Ig7AKJDAcVNsU61JdwE_Hb4yljFIzSQOZs-J0KlLgRpXKP4w9D9wo=w156-h114-p-k-no,https://lh3.googleusercontent.com/gps-cs-s/AHRPTWk8hiSadzee24jYL1l3digz1TjHDYajnEinHx2xtSEtd6MGQcv7ZPUpaJ3IqM8E6KNIZv32UBWSQqODLaAfsElwifx98djDl3QlsRZNbidOZAaeCSOae7xVtJXjo8C_HiO4KJXZ=w156-h114-p-k-no",36.850436,10.1974758,contact@numeryx.fr,Not Available,Not Available,Not Available,https://www.youtube.com/watch?v=nOgJfWS6ViM,https://www.linkedin.com/company/numeryx/,Not Available
